file, Mean F0 (Hz),Start F0 (Hz),End F0 (Hz),Max F0 (Hz),Min F0 (Hz),Range F0 (Hz),Time max F0 (%),F0 Abs Slope,F0 var (Hz/s),FM Rate (s-1),FM Extent (Hz),Q25% (Hz),Q50% (Hz),Q75% (Hz),Fpeak (Hz),Sound duration (s), AM var (dB/s), AM rate (s-1), AM extent (dB),Harmonicity, F1 mean (Hz),F2 mean (Hz),F3 mean (Hz),F4 mean (Hz),F5 mean (Hz),F6 mean (Hz),formant dispersal (Hz),vocal tract length (cm),mean wiener entropy,Comment,Duration(s),Start
HFC_01.wav,91.024,85.09,89.14,104.941,72.255,32.686,33.822,64.233,53.269,2.557,20.82970924405925,326.094,592.881,1431.862,305.220,2.933,39.545,9.718,4.069,12.73,388.665,920.594,1601.877,2018.165,2702.817,3238.075,569.882,30.708,-1.832,,2.933,22:00:04
HFC_02.wav,84.020,100.77,86.94,107.122,71.148,35.973,13.495,92.007,72.155,2.929,24.638641956661683,316.632,661.024,1435.576,299.562,1.537,53.911,6.833,7.889,11.01,414.183,1050.935,1652.373,2130.658,2732.452,3291.198,575.403,30.413,-1.032,,1.537,22:00:14
HFC_03.wav,91.969,87.73,86.98,106.438,82.788,23.650,40.589,113.761,85.649,3.312,25.8569885189533,332.378,634.939,1925.519,328.809,0.755,73.470,5.962,12.322,9.37,341.588,1091.880,1733.108,2079.666,2720.303,3134.493,558.581,31.329,-1.771,,0.755,22:00:16
HFC_04.wav,91.226,82.39,84.55,102.864,79.669,23.194,29.043,91.729,61.112,1.991,30.693543720772936,340.155,676.357,1763.765,350.278,1.256,75.475,8.362,9.026,7.84,375.438,1095.811,1696.220,2103.599,2757.023,3234.623,571.837,30.603,-1.814,,1.256,22:00:17
HFC_05.wav,82.993,92.55,94.26,103.499,70.742,32.758,9.753,91.547,70.917,3.900,18.182839007450582,300.541,471.717,1356.412,276.922,1.282,49.716,5.850,8.498,14.94,331.095,1019.967,1602.089,2033.861,2703.713,3184.704,570.722,30.663,-1.774,,1.282,22:00:19
HFC_06.wav,86.915,102.51,88.00,102.505,71.347,31.158,10.360,91.527,65.579,3.619,18.119238528772282,324.437,549.868,1559.598,287.580,2.072,66.437,8.928,7.442,13.14,363.107,1062.541,1631.864,2047.563,2653.597,3182.529,563.884,31.035,-1.772,,2.072,22:00:22
HFC_07.wav,82.263,100.69,81.60,109.453,70.335,39.118,6.371,173.524,106.217,30.334,3.5016450185717014,368.966,650.728,1361.944,408.590,1.813,42.780,10.203,4.193,13.38,408.090,1028.006,1576.057,2028.300,2607.527,3137.219,545.826,32.062,-1.163,unvoiced,1.813,22:00:27
HFC_08.wav,85.150,99.66,94.87,109.433,70.354,39.079,6.318,182.031,114.278,26.467,4.317788162560949,396.366,611.192,1567.629,400.481,1.247,47.363,7.619,6.216,15.48,409.043,1067.583,1600.526,2111.966,2702.943,3174.375,553.066,31.642,-1.641,unvoiced,1.247,22:00:29
HFC_09.wav,90.874,99.94,96.22,108.900,76.067,32.833,17.569,59.220,58.381,3.189,18.307713934329872,330.359,391.415,836.684,341.438,2.195,58.117,8.883,6.542,13.38,353.459,957.420,1583.208,2133.281,2778.996,3247.620,578.832,30.233,-1.287,,2.195,22:00:33
HFC_10.wav,80.849,105.84,86.76,105.895,71.059,34.835,9.446,106.291,75.992,2.423,31.360588540314325,300.508,571.623,1498.227,292.737,1.444,50.501,7.962,6.343,12.45,370.459,1071.879,1646.485,2004.552,2637.215,3219.478,569.804,30.712,-1.364,,1.444,22:00:44
HFC_100.wav,89.566,98.77,87.28,103.652,80.030,23.623,15.300,70.625,45.337,2.971,15.259821053457857,343.212,687.147,1690.454,379.499,1.515,62.480,10.233,6.105,8.61,387.609,1020.864,1704.402,2144.608,2709.423,3200.578,562.594,31.106,-1.425,,1.515,22:06:35
HFC_101.wav,83.075,92.25,95.03,104.258,71.238,33.020,12.179,93.304,77.667,3.202,24.258688979043615,307.073,482.822,1321.784,283.814,1.093,51.242,5.031,10.185,13.24,331.575,966.947,1602.251,2051.611,2707.004,3179.038,569.493,30.729,-1.606,,1.093,22:06:38
HFC_102.wav,85.483,92.77,97.28,104.352,71.195,33.157,11.780,99.371,88.278,3.848,22.943899909801736,328.396,693.755,1509.747,398.954,1.300,49.262,7.310,6.739,11.80,385.355,1069.315,1647.585,2096.365,2657.143,3184.248,559.779,31.262,-1.216,,1.300,22:06:40
HFC_103.wav,83.105,108.87,96.81,108.871,71.347,37.524,7.868,90.851,70.916,2.722,26.049330223138497,297.546,448.924,1162.386,293.077,1.102,48.705,6.806,7.156,11.60,351.769,908.242,1572.217,2045.371,2763.928,3277.891,585.225,29.903,-1.625,,1.102,22:06:43
HFC_104.wav,94.155,95.87,87.22,106.281,76.467,29.815,13.014,70.875,56.128,2.103,26.683430418739885,321.411,503.301,1371.690,369.906,1.664,61.572,9.916,6.209,4.69,364.680,1077.493,1635.243,2099.508,2758.528,3261.684,579.401,30.204,-1.252,,1.664,22:06:45
HFC_105.wav,88.347,73.64,91.47,105.789,73.638,32.151,18.274,91.618,85.354,5.423,15.73863244106341,284.360,424.873,1501.320,351.579,1.383,57.425,9.762,5.883,10.67,321.955,1018.233,1659.789,2080.645,2709.742,3181.535,571.916,30.599,-1.852,,1.383,22:06:49
HFC_106.wav,85.344,84.09,74.47,106.457,71.285,35.172,23.031,73.321,61.753,3.665,16.850983991953214,305.744,564.046,1599.818,301.005,1.774,52.122,9.303,5.603,10.20,331.925,1043.957,1691.710,2181.117,2815.534,3243.968,582.409,30.048,-1.583,,1.774,22:06:51
HFC_107.wav,85.369,94.53,102.06,104.489,72.946,31.543,28.238,53.979,52.055,4.726,11.014012548051065,328.671,496.293,1331.267,313.926,3.280,65.678,11.435,5.744,11.99,355.143,1015.561,1648.028,2089.114,2713.023,3222.650,573.501,30.514,-1.477,,3.280,22:06:55
HFC_108.wav,96.491,102.57,82.95,108.020,80.807,27.213,35.999,49.495,43.132,2.878,14.98658846703488,326.633,366.416,444.226,347.526,1.216,68.322,8.634,7.913,17.61,347.765,879.820,1585.214,2025.330,2661.641,3236.643,577.775,30.289,-0.430,,1.216,22:06:59
HFC_109.wav,78.246,86.51,95.14,95.135,70.676,24.459,98.911,57.780,56.492,4.967,11.37322217302491,295.912,450.195,1798.795,277.961,1.409,51.854,10.644,4.872,7.94,341.324,866.629,1427.710,1871.539,2646.906,3539.171,639.569,27.362,-1.734,,1.409,22:07:01
HFC_11.wav,93.044,87.29,93.06,106.787,84.841,21.946,33.378,95.187,84.944,3.905,21.75404521609903,335.382,429.497,1585.263,342.747,0.768,65.246,9.762,6.684,9.90,335.024,1086.430,1592.331,2085.994,2683.387,3232.973,579.590,30.194,-1.724,,0.768,22:00:51
HFC_110.wav,92.170,86.25,71.25,105.469,71.248,34.221,31.402,76.525,66.471,2.311,28.765897394641453,328.223,416.726,1525.690,336.605,1.515,74.612,8.253,9.041,9.24,346.235,1059.574,1675.621,2074.253,2696.501,3261.325,583.018,30.016,-2.038,,1.515,22:07:07
HFC_111.wav,90.328,100.99,84.39,107.073,81.570,25.503,13.625,66.112,47.366,3.110,15.232391177004128,295.859,672.176,1441.717,262.258,1.286,53.192,7.385,7.202,10.26,382.862,1043.704,1678.758,2057.272,2727.372,3237.332,570.894,30.654,-1.250,,1.286,22:07:11
HFC_112.wav,80.452,83.79,81.20,91.807,74.635,17.172,22.265,50.533,37.155,2.109,17.617012222664655,318.392,407.639,1350.840,315.500,1.422,62.819,8.788,7.149,15.88,354.609,1028.884,1625.248,2009.390,2616.730,3185.071,566.092,30.914,-1.712,,1.422,22:07:19
HFC_113.wav,81.904,101.67,81.39,101.669,73.910,27.760,3.455,34.515,27.463,1.668,16.466773003980347,325.530,423.158,1438.779,319.468,2.099,51.082,9.530,5.360,17.53,344.221,1111.991,1624.426,2095.594,2655.943,3215.355,574.227,30.476,-2.058,,2.099,22:07:23
HFC_114.wav,87.981,94.60,97.44,104.250,73.336,30.914,88.395,61.121,51.060,3.028,16.862441948899086,343.486,631.284,1658.330,318.324,2.972,55.346,9.252,5.982,11.64,372.298,1078.331,1684.687,2126.052,2718.846,3225.601,570.661,30.666,-1.481,,2.972,22:07:27
HFC_115.wav,90.657,84.40,92.54,106.357,75.309,31.048,34.353,47.781,33.595,2.825,11.89156605467643,379.980,511.161,1342.441,394.493,2.832,51.822,6.533,7.932,12.82,394.374,1009.063,1588.770,2009.575,2712.707,3180.484,557.222,31.406,-1.485,,2.832,22:07:31
HFC_116.wav,88.975,100.59,96.43,103.047,71.726,31.321,61.408,62.429,59.921,2.951,20.30266177388982,370.005,462.074,1185.450,395.840,2.880,40.248,9.722,4.140,16.12,372.756,968.212,1594.968,2011.800,2687.575,3159.463,557.341,31.399,-1.739,,2.880,22:07:34
HFC_117.wav,81.558,98.02,98.17,100.049,72.091,27.958,6.586,88.603,75.325,2.659,28.329689623776193,318.032,602.368,975.137,304.947,1.128,50.447,5.761,8.757,14.89,392.400,920.066,1522.525,1981.763,2721.499,3210.994,563.719,31.044,-0.858,,1.128,22:07:38
HFC_118.wav,85.417,89.54,82.14,99.279,71.168,28.111,83.526,53.482,41.902,2.165,19.352931477804606,354.115,460.171,1305.574,311.736,2.309,55.420,11.908,4.654,11.23,364.383,1015.526,1621.797,2073.260,2730.380,3218.645,570.853,30.656,-1.850,,2.309,22:07:40
HFC_119.wav,84.464,99.08,98.63,102.475,71.471,31.004,6.404,114.185,99.764,4.253,23.456725199030465,296.740,550.294,1302.447,302.347,1.058,64.592,10.396,6.213,11.07,366.476,977.621,1592.145,2045.304,2775.033,3306.337,587.972,29.763,-1.331,,1.058,22:07:42
HFC_12.wav,86.831,96.26,101.30,105.724,70.756,34.968,10.695,113.381,100.988,3.493,28.907626966817492,362.594,778.484,1748.713,405.797,1.431,44.757,8.035,5.570,11.74,465.414,1016.406,1647.821,2289.860,2761.864,3272.246,561.366,31.174,-1.011,,1.431,22:00:53
HFC_120.wav,88.742,91.19,78.22,107.116,75.024,32.093,62.051,90.290,73.732,4.034,18.279966971751048,321.413,506.229,1718.418,320.404,2.107,77.659,10.202,7.612,11.11,347.134,1115.060,1704.244,2187.714,2781.721,3261.468,582.867,30.024,-1.897,,2.107,22:07:45
HFC_121.wav,82.651,85.54,89.28,106.182,72.430,33.753,14.000,65.105,59.319,3.078,19.271677804692555,442.236,1161.445,2064.507,303.996,1.624,39.700,7.695,5.159,10.54,411.055,1087.137,1711.636,2192.553,2757.892,3225.289,562.847,31.092,-1.114,,1.624,22:07:49
HFC_122.wav,87.543,77.83,83.31,97.264,77.834,19.429,62.008,74.633,72.809,4.002,18.19090854883405,280.105,461.973,2023.386,258.888,1.374,39.739,9.097,4.369,8.93,339.333,880.585,1524.434,2017.427,2763.015,3468.494,625.832,27.963,-1.948,,1.374,22:07:51
HFC_123.wav,94.286,97.99,80.22,103.871,80.224,23.647,40.277,76.999,31.347,0.986,31.791000090281003,344.254,386.528,534.826,354.737,1.014,58.737,5.423,10.831,17.69,355.775,979.346,1619.979,2130.607,2663.888,3269.260,582.697,30.033,-0.790,,1.014,22:07:56
HFC_124.wav,89.271,86.14,76.16,105.850,76.163,29.688,55.545,80.835,71.179,3.692,19.278491689002458,334.890,538.352,1591.348,368.466,1.760,45.078,11.360,3.968,13.17,357.270,1066.826,1616.456,2019.751,2660.803,3207.613,570.069,30.698,-1.633,,1.761,22:07:58
HFC_125.wav,83.843,84.62,75.81,107.334,72.915,34.419,16.539,68.575,61.613,3.530,17.456219443497943,310.192,402.692,1071.499,327.143,2.125,49.738,11.530,4.314,11.35,336.108,955.826,1629.032,2039.642,2632.452,3192.027,571.184,30.638,-1.496,,2.125,22:08:03
HFC_126.wav,93.408,107.26,90.42,107.487,79.690,27.798,2.337,74.299,72.075,2.767,26.052548384355422,349.062,649.667,1830.707,362.232,1.084,66.432,11.066,6.003,5.96,363.568,1024.279,1665.628,2189.052,2739.668,3318.333,590.953,29.613,-2.132,,1.084,22:08:08
HFC_127.wav,95.294,82.62,92.00,104.984,80.889,24.095,75.446,86.528,61.251,3.621,16.91685257074148,390.811,581.579,1532.755,389.887,1.519,55.016,7.900,6.964,10.80,388.426,1107.439,1622.047,2083.926,2653.793,3157.493,553.814,31.599,-1.506,,1.519,22:08:10
HFC_128.wav,89.400,99.00,79.57,105.319,71.377,33.942,16.213,103.077,79.416,4.232,18.76408496379987,320.081,405.509,707.875,389.576,1.300,79.587,7.310,10.887,13.05,355.475,897.462,1564.362,1954.366,2590.225,3153.703,559.646,31.270,-0.787,,1.300,22:08:11
HFC_129.wav,86.332,90.76,104.19,104.198,72.489,31.710,92.679,119.740,74.306,2.028,36.64571886213989,316.165,589.305,1669.559,290.663,1.480,56.611,10.814,5.235,11.80,355.045,1042.927,1643.250,2090.182,2786.580,3175.060,564.003,31.028,-1.631,,1.480,22:08:16
HFC_13.wav,95.687,77.00,89.01,100.484,77.005,23.480,41.343,49.782,48.048,5.240,9.168998351947755,372.375,482.169,1544.339,375.846,1.431,66.031,8.734,7.560,12.20,383.445,912.575,1597.424,1985.324,2700.758,3217.128,566.737,30.879,-2.108,,1.431,22:00:54
HFC_130.wav,91.668,80.17,79.49,108.455,72.074,36.381,43.609,84.581,65.725,3.071,21.401133367602956,360.212,1268.910,2213.892,277.612,1.954,35.256,10.749,3.280,8.52,347.824,1182.065,1731.090,2170.601,2889.229,3214.556,573.346,30.523,-1.253,,1.954,22:08:21
HFC_131.wav,95.905,92.61,90.10,103.873,87.103,16.770,13.346,79.578,70.150,4.218,16.63063958874609,376.091,467.119,1607.330,387.438,1.067,74.816,9.842,7.602,11.20,370.118,1000.406,1651.614,2058.026,2687.416,3171.957,560.368,31.229,-2.184,,1.067,22:08:24
HFC_132.wav,91.205,84.24,76.42,104.213,71.659,32.554,65.958,106.188,69.626,2.839,24.522090334122396,333.286,429.807,795.018,406.781,1.585,70.965,9.149,7.757,13.76,376.542,925.086,1628.905,2034.044,2583.863,3153.576,555.407,31.508,-1.512,,1.585,22:08:27
HFC_133.wav,80.831,99.95,94.94,99.977,72.436,27.542,4.380,79.930,72.790,4.706,15.467043684124212,311.616,513.914,1316.572,288.821,1.062,43.404,8.000,5.425,10.73,349.778,951.674,1564.419,2019.339,2672.798,3161.770,562.398,31.117,-1.336,,1.062,22:08:29
HFC_134.wav,84.848,97.97,94.09,109.089,70.398,38.691,12.208,207.234,161.983,26.305,6.157933951347444,324.632,617.483,1663.445,296.293,1.673,57.337,9.266,6.188,8.85,360.916,1031.089,1648.759,2053.937,2712.718,3192.073,566.231,30.906,-1.562,unvoiced,1.673,22:08:30
HFC_135.wav,91.593,91.83,97.42,103.087,71.912,31.175,6.239,55.796,51.984,2.610,19.92072682940093,347.817,451.949,1171.833,389.841,2.682,57.635,6.151,9.370,17.76,376.216,938.548,1555.554,1990.805,2570.505,3134.319,551.621,31.725,-1.848,,2.682,22:08:33
HFC_136.wav,84.059,95.05,95.73,102.176,71.192,30.984,13.139,100.557,82.660,3.451,23.951300609093916,334.063,735.834,1525.221,398.293,1.159,51.044,10.785,4.733,12.76,380.893,1069.701,1550.169,1932.554,2648.715,3169.628,557.747,31.376,-1.234,,1.159,22:08:36
HFC_137.wav,84.734,99.13,96.14,105.300,70.965,34.335,11.765,107.035,84.957,3.328,25.528672134149375,315.947,504.286,1333.727,390.743,1.352,60.450,7.026,8.604,13.75,354.951,1030.702,1596.583,2003.662,2709.913,3215.792,572.168,30.585,-1.279,,1.352,22:08:38
HFC_138.wav,87.952,109.36,88.85,109.809,70.335,39.474,21.372,216.238,75.688,21.031,3.5988345381615567,433.802,974.660,1730.662,358.837,1.260,58.604,6.349,9.230,10.78,417.976,1134.184,1679.878,2157.360,2730.016,3281.460,572.697,30.557,-1.197,unvoiced,1.260,22:08:42
HFC_139.wav,82.879,80.39,93.20,104.191,71.956,32.235,24.889,88.494,77.012,2.531,30.429603778906188,320.118,601.907,1333.585,312.214,1.383,65.875,10.485,6.283,9.99,405.087,1082.699,1679.194,2134.858,2733.968,3249.249,568.832,30.765,-1.199,,1.383,22:08:44
HFC_14.wav,84.725,109.23,89.83,109.230,71.693,37.537,8.956,74.920,55.621,3.451,16.11663447960929,298.337,568.443,1492.389,293.205,1.449,51.990,8.283,6.277,11.09,369.259,1030.383,1700.541,2123.819,2698.540,3278.597,581.867,30.076,-1.378,,1.449,22:01:01
HFC_140.wav,82.597,88.28,74.20,104.350,71.514,32.836,23.650,71.024,51.147,2.684,19.05489358044241,314.548,664.364,1628.727,306.278,1.304,70.820,7.286,9.720,9.05,376.109,1129.017,1668.936,2156.763,2810.040,3310.844,586.947,29.815,-1.206,,1.304,22:08:49
HFC_141.wav,81.974,88.44,84.89,101.819,73.135,28.684,14.467,62.349,48.619,2.278,21.34511929871174,327.779,565.965,1550.637,304.475,1.317,65.479,5.694,11.499,12.25,376.562,1016.798,1643.376,2131.994,2811.390,3281.505,580.989,30.121,-1.328,,1.317,22:08:50
HFC_142.wav,79.825,89.87,79.26,98.606,71.806,26.799,9.157,50.536,36.666,2.847,12.878032586147384,374.936,600.880,1360.106,304.290,1.932,44.946,6.471,6.946,17.40,398.141,971.306,1638.101,2097.012,2657.802,3235.325,567.437,30.840,-1.109,,1.932,22:08:53
HFC_143.wav,80.368,88.48,95.65,109.782,71.374,38.407,9.144,92.961,55.573,25.365,2.190948737270183,345.691,527.997,1421.558,306.792,1.971,40.049,7.863,5.093,17.69,383.456,972.323,1652.254,2144.439,2691.537,3270.858,577.480,30.304,-1.447,unvoiced,1.971,22:08:56
HFC_144.wav,90.278,78.06,76.78,101.621,76.780,24.840,19.412,90.976,80.192,2.565,31.263520467907142,284.158,375.896,632.803,361.152,0.975,58.644,8.721,6.724,13.05,331.514,898.031,1608.911,2031.910,2692.313,3250.635,583.824,29.975,-0.303,,0.975,22:09:01
HFC_145.wav,91.759,81.98,90.39,104.793,81.983,22.810,32.249,58.011,52.061,3.968,13.119660860797783,310.964,588.287,1682.574,361.609,1.260,53.975,8.730,6.183,9.37,356.961,1073.789,1690.011,2159.572,2780.621,3247.786,578.165,30.268,-1.422,,1.260,22:09:09
HFC_146.wav,85.557,82.26,105.35,109.976,70.987,38.989,20.255,186.791,101.423,22.468,4.514129422157711,304.772,488.036,1337.627,300.298,1.291,60.142,6.585,9.133,12.85,367.368,1029.104,1645.120,2115.377,2763.332,3245.187,575.564,30.405,-1.222,unvoiced,1.291,22:09:11
HFC_147.wav,96.404,84.87,95.93,109.819,82.133,27.686,22.133,107.450,67.630,9.961,6.789477697022907,317.038,526.179,1473.410,315.247,1.506,59.244,9.629,6.153,12.18,377.496,1040.677,1683.618,2262.887,2830.969,3319.518,588.404,29.741,-1.300,unvoiced,1.506,22:09:13
HFC_148.wav,82.936,84.81,93.28,103.656,72.105,31.552,15.142,70.982,59.632,1.817,32.81254022026287,357.815,667.991,1261.174,371.399,1.651,52.847,8.784,6.016,7.47,410.498,983.491,1674.333,2135.907,2767.927,3235.874,565.075,30.969,-1.134,,1.651,22:09:15
HFC_149.wav,97.790,85.53,80.26,109.241,80.257,28.984,18.644,139.211,68.460,11.596,5.903912278211676,393.472,762.289,1723.454,405.055,1.207,64.634,8.697,7.432,11.89,404.105,1076.360,1632.758,2033.158,2644.867,3132.148,545.609,32.074,-1.574,unvoiced,1.207,22:09:18
HFC_15.wav,93.071,87.48,90.98,108.397,71.947,36.450,50.363,115.898,112.235,4.151,27.039481220682305,347.995,845.734,1888.396,323.186,1.927,37.783,10.636,3.552,11.19,355.682,832.065,1572.502,2156.447,2751.169,3351.448,599.153,29.208,-2.913,,1.927,22:01:03
HFC_150.wav,95.801,78.06,73.36,109.866,70.462,39.403,17.991,184.924,109.536,14.272,7.67508105692092,371.096,623.870,1237.170,398.766,1.752,45.781,12.559,3.645,12.61,415.897,949.209,1659.105,2129.041,2656.735,3229.193,562.659,31.102,-0.946,unvoiced,1.752,22:09:19
HFC_151.wav,85.011,89.55,78.43,108.678,72.558,36.120,17.531,86.549,72.106,3.938,18.312234414273906,320.047,558.616,1445.096,313.662,1.651,48.077,9.995,4.810,11.08,368.985,992.630,1668.600,2122.268,2756.587,3250.286,576.260,30.368,-1.425,,1.651,22:09:24
HFC_152.wav,85.927,79.21,75.18,104.933,71.028,33.905,79.491,73.169,68.801,4.470,15.390402724499731,347.785,638.510,1259.831,303.724,2.349,46.233,10.431,4.432,12.31,398.439,963.406,1615.087,2045.894,2644.395,3207.194,561.751,31.153,-1.206,,2.349,22:09:28
HFC_153.wav,89.235,94.58,79.92,98.067,78.819,19.249,63.724,107.028,44.125,2.935,15.032749137780524,354.630,584.220,1456.256,359.913,0.852,77.342,6.457,11.977,9.71,384.854,1050.920,1649.596,2111.592,2738.137,3202.538,563.537,31.054,-1.200,,0.852,22:09:32
HFC_154.wav,83.182,95.37,96.54,109.681,70.335,39.346,11.633,198.371,134.820,15.751,8.559683750997825,309.720,650.788,1235.087,388.185,1.238,65.885,6.866,9.596,11.29,424.355,1005.692,1621.952,2113.260,2742.636,3235.059,562.141,31.131,-1.016,unvoiced,1.238,22:09:34
HFC_155.wav,95.177,95.91,97.65,109.475,70.335,39.140,12.167,123.720,97.103,14.462,6.7143908470704305,348.278,704.968,1371.085,370.536,1.383,65.438,5.423,12.066,12.27,437.645,998.232,1611.021,2049.129,2743.246,3250.145,562.500,31.111,-1.202,unvoiced,1.383,22:09:36
HFC_156.wav,85.484,101.98,94.89,102.530,70.854,31.676,7.748,85.530,72.855,3.765,19.351110929208577,298.253,630.084,1223.396,271.803,1.062,59.672,5.177,11.527,13.33,366.856,980.239,1606.780,2062.952,2717.001,3238.842,574.397,30.467,-1.290,,1.062,22:09:39
HFC_157.wav,84.478,96.08,75.11,105.419,70.863,34.557,13.465,119.587,85.239,3.131,27.225373438771747,307.437,578.924,1258.622,292.764,1.278,61.779,6.262,9.866,13.43,359.796,999.599,1627.667,2050.486,2791.739,3250.182,578.077,30.273,-1.276,,1.278,22:09:41
HFC_158.wav,83.062,97.85,74.75,103.906,70.968,32.938,9.810,90.047,72.562,2.712,26.75962350152363,310.269,702.794,1330.627,293.169,1.291,54.000,9.684,5.576,14.11,394.668,977.548,1629.662,2089.098,2805.855,3296.352,580.337,30.155,-1.122,,1.291,22:09:43
HFC_159.wav,89.966,84.80,92.55,102.074,83.623,18.452,36.616,84.569,45.645,4.179,10.9217646907891,322.081,433.838,1284.591,326.019,0.957,81.374,7.836,10.384,13.83,354.851,1055.810,1589.518,2073.722,2628.155,3226.675,574.365,30.468,-1.865,,0.957,22:09:50
HFC_16.wav,84.267,71.30,90.27,98.264,70.792,27.472,32.126,79.998,75.689,4.152,18.228952877231702,344.498,762.440,1292.089,357.205,1.686,64.829,10.380,6.245,7.57,404.686,1000.016,1663.267,2145.071,2749.089,3291.777,577.418,30.307,-1.533,,1.686,22:01:04
HFC_160.wav,96.402,103.94,100.01,106.358,79.714,26.644,14.938,72.560,56.536,2.366,23.899465426491073,399.123,456.337,1198.503,395.261,1.480,59.479,8.449,7.040,18.75,386.854,1048.604,1610.756,2043.280,2728.756,3224.790,567.587,30.832,-2.402,,1.480,22:09:51
HFC_161.wav,87.269,89.43,74.63,109.979,70.335,39.644,26.273,167.003,134.677,30.449,4.423006557626248,343.055,725.153,1399.901,334.529,1.264,54.476,11.468,4.750,8.41,405.890,1024.382,1635.814,2112.800,2742.299,3279.353,574.693,30.451,-0.993,unvoiced,1.264,22:09:56
HFC_162.wav,90.557,76.44,98.90,98.900,76.436,22.464,85.975,66.264,42.925,0.907,47.30165508455991,370.053,1091.364,1914.856,1732.957,1.102,52.156,8.621,6.050,8.02,366.000,1105.427,1696.165,2126.285,2839.003,3312.025,589.205,29.701,-1.151,,1.102,22:09:58
HFC_163.wav,90.008,76.70,74.26,105.661,74.263,31.398,22.873,69.642,63.570,3.927,16.18725083759979,312.777,387.263,892.609,346.892,1.146,64.641,10.472,6.173,13.19,320.558,1000.385,1580.877,2039.471,2752.731,3252.456,586.380,29.844,-1.388,,1.146,22:10:01
HFC_164.wav,97.036,79.32,105.02,105.020,79.321,25.699,97.322,45.134,43.149,2.659,16.228203050288027,303.584,587.795,1844.924,297.470,1.128,49.755,4.875,10.207,10.43,343.129,1090.360,1717.058,2081.898,2984.587,3418.213,615.017,28.455,-1.860,,1.128,22:10:12
HFC_165.wav,94.149,92.15,82.57,105.881,82.463,23.419,30.942,82.189,48.931,2.434,20.107051819539304,356.914,526.715,1691.936,355.858,1.027,70.728,9.734,7.266,12.99,368.478,1103.778,1694.021,2117.032,2772.279,3232.823,572.869,30.548,-1.771,,1.027,22:10:15
HFC_166.wav,84.998,101.15,74.17,104.912,74.170,30.741,21.465,121.140,50.852,2.628,19.3486480664432,309.538,593.244,1496.807,299.263,1.141,66.770,7.447,8.967,9.88,384.982,1117.234,1672.644,2117.820,2801.786,3295.751,582.154,30.061,-1.170,,1.141,22:10:17
HFC_167.wav,84.353,93.26,77.00,104.091,74.303,29.788,9.489,49.164,34.830,3.734,9.327883962539481,496.464,1097.900,1850.020,321.599,2.410,39.891,9.750,4.091,14.15,431.803,1039.455,1678.072,2080.611,2662.201,3254.286,564.497,31.001,-0.934,,2.410,22:10:20
HFC_168.wav,84.575,97.25,101.32,102.194,71.988,30.207,86.089,82.998,72.631,3.336,21.774230433620144,297.377,465.976,1382.298,288.410,1.049,63.829,9.054,7.050,11.82,326.235,962.639,1575.090,2014.009,2702.610,3157.038,566.161,30.910,-1.705,,1.049,22:10:23
HFC_169.wav,91.270,81.60,92.39,106.366,76.530,29.836,29.689,70.896,55.390,2.172,25.498737498926126,348.279,635.681,1504.119,356.067,1.611,62.620,7.758,8.072,11.90,380.111,1037.261,1720.387,2139.973,2793.952,3330.218,590.021,29.660,-1.310,,1.611,22:10:28
HFC_17.wav,82.330,85.81,91.85,99.814,70.681,29.133,64.164,103.671,92.826,4.792,19.369805827096464,346.848,453.596,1207.121,385.938,1.774,79.281,12.404,6.392,8.90,372.623,986.444,1553.673,1988.483,2637.301,3148.182,555.112,31.525,-1.636,,1.774,22:01:07
HFC_170.wav,93.043,73.54,82.39,108.276,73.544,34.732,32.569,93.774,82.342,2.675,30.779369591985674,331.347,366.639,523.470,335.631,1.308,66.559,7.644,8.708,17.25,326.929,998.194,1573.971,2110.069,2713.791,3285.832,591.780,29.572,-0.506,,1.308,22:10:30
HFC_171.wav,79.680,86.68,94.19,99.608,71.426,28.182,16.296,57.105,35.954,1.397,25.729689090387232,305.928,666.905,1315.747,303.544,1.431,56.122,6.987,8.032,12.82,424.616,1030.913,1606.845,2057.258,2693.682,3196.846,554.446,31.563,-0.899,,1.431,22:10:32
HFC_172.wav,92.384,96.86,86.41,106.988,85.671,21.317,36.461,56.762,34.575,1.021,33.85055161983543,346.972,430.423,1665.719,339.697,0.979,66.152,6.128,10.794,16.00,357.722,1091.749,1662.799,2089.632,2694.246,3229.226,574.301,30.472,-2.130,,0.979,22:10:34
HFC_173.wav,91.111,103.74,88.23,103.737,81.026,22.712,11.190,86.677,58.130,3.377,17.214771134072784,350.451,395.268,721.684,358.930,1.629,81.388,9.516,8.553,13.59,360.160,1064.637,1554.403,2089.853,2730.195,3247.584,577.485,30.304,-0.998,,1.629,22:10:37
HFC_174.wav,84.725,91.74,92.73,109.212,70.693,38.519,16.255,149.740,71.454,14.730,4.850914304941927,314.639,600.317,1303.715,310.487,1.392,60.416,7.545,8.008,14.64,373.360,1012.109,1593.884,2024.331,2611.751,3171.629,559.654,31.269,-1.166,unvoiced,1.392,22:10:40
HFC_175.wav,81.973,100.92,80.66,101.107,73.038,28.070,15.121,62.441,37.951,2.336,16.244931308816483,303.741,517.771,1230.220,305.722,1.712,58.761,10.221,5.749,7.91,393.015,1012.498,1604.061,2064.832,2703.815,3214.871,564.371,31.008,-1.046,,1.712,22:10:44
HFC_176.wav,80.252,83.92,78.40,97.201,72.869,24.332,11.832,63.049,43.386,3.481,12.462672934185033,307.590,584.804,1604.215,300.233,2.011,51.944,9.200,5.646,13.73,381.271,1063.397,1601.164,2217.210,2806.284,3310.169,585.780,29.875,-1.415,,2.011,22:10:46
HFC_177.wav,87.888,103.25,88.01,104.739,72.830,31.908,14.986,103.435,83.485,4.466,18.692605595593356,339.978,419.260,1450.242,345.857,1.120,65.777,10.272,6.403,12.38,356.927,1018.889,1708.198,2085.788,2798.637,3253.554,579.325,30.208,-1.906,,1.120,22:10:57
HFC_178.wav,85.252,104.63,70.58,109.194,70.335,38.859,9.727,130.470,93.499,37.838,2.4710624806296617,391.308,477.478,1376.110,402.994,1.335,74.800,7.493,9.983,15.12,387.259,973.111,1677.674,2044.597,2672.449,3207.459,564.040,31.026,-1.948,unvoiced,1.335,22:10:59
HFC_179.wav,88.821,88.54,81.01,105.234,81.008,24.225,18.305,53.058,45.777,3.977,11.510100991773374,282.199,393.730,1141.350,331.268,1.383,58.405,9.039,6.462,12.11,326.573,1034.652,1647.222,2060.980,2746.183,3252.418,585.169,29.906,-1.690,,1.383,22:11:02
HFC_18.wav,84.591,97.14,76.58,104.419,71.122,33.297,90.495,119.901,114.385,5.262,21.737139098708514,351.551,542.117,1612.349,357.219,1.330,58.028,10.900,5.324,5.78,367.900,1019.404,1591.607,2015.514,2631.878,3142.381,554.896,31.537,-1.653,,1.330,22:01:11
HFC_180.wav,82.286,87.45,74.42,103.453,72.123,31.330,12.919,82.410,73.526,3.135,23.456804978541197,417.054,970.016,1930.252,380.980,1.436,43.489,9.404,4.625,9.90,457.470,1114.878,1725.596,2241.537,2800.181,3377.995,584.105,29.960,-0.959,,1.436,22:11:03
HFC_181.wav,86.459,99.87,76.21,107.237,74.761,32.476,15.133,74.861,60.717,4.263,14.242186551468334,324.380,527.750,1403.591,321.605,2.463,55.908,11.165,5.007,9.50,384.672,1025.325,1620.187,2054.711,2664.703,3180.687,559.203,31.295,-1.236,,2.463,22:11:06
HFC_182.wav,82.060,91.69,94.68,101.001,71.747,29.254,38.929,103.964,83.469,4.024,20.74150777950378,540.220,859.756,1151.281,866.442,1.242,56.405,8.451,6.674,15.56,558.738,951.900,1649.081,2069.014,2686.412,3196.722,527.597,33.169,-1.270,,1.242,22:11:09
HFC_183.wav,92.803,77.53,100.18,106.508,71.211,35.297,71.310,97.552,91.477,5.062,18.07243057430974,373.036,624.865,1573.157,391.623,2.371,53.264,9.280,5.740,14.40,401.800,1011.002,1614.765,1988.838,2661.440,3173.530,554.346,31.569,-1.639,,2.371,22:11:10
HFC_184.wav,88.794,98.40,99.00,109.939,70.335,39.605,6.168,187.615,126.212,40.203,3.13939903617563,374.561,509.295,1337.072,395.437,4.241,47.842,10.611,4.509,12.42,403.141,963.203,1602.577,2044.536,2699.690,3178.514,555.075,31.527,-1.443,unvoiced,4.241,22:11:13
HFC_185.wav,84.836,101.89,96.51,102.897,71.675,31.222,77.568,95.481,88.677,4.015,22.088731802315333,350.603,469.794,1232.964,384.137,2.366,55.071,11.621,4.739,7.67,385.315,968.301,1599.167,2061.896,2713.569,3232.607,569.458,30.731,-1.429,,2.366,22:11:18
HFC_186.wav,82.786,99.39,99.90,99.903,72.747,27.157,92.678,90.297,78.732,3.927,20.04793391601599,294.743,380.590,1096.462,295.909,0.891,51.788,7.293,7.101,14.01,336.126,931.909,1530.037,2046.631,2737.057,3235.774,579.930,30.176,-1.390,,0.891,22:11:21
HFC_187.wav,89.295,88.39,93.50,104.625,71.115,33.509,9.691,110.525,100.200,3.839,26.10084969621917,333.023,504.388,1203.161,400.266,1.172,55.524,6.398,8.678,13.67,357.350,948.220,1602.540,2015.271,2633.560,3170.234,562.577,31.107,-1.278,,1.172,22:11:22
HFC_188.wav,91.034,89.00,98.00,105.229,73.215,32.014,17.649,66.174,44.701,3.336,13.40117591162836,342.709,538.527,1406.997,299.884,2.099,60.079,9.292,6.466,13.33,363.734,1005.327,1633.555,2046.318,2698.848,3210.916,569.436,30.732,-1.675,,2.099,22:11:24
HFC_189.wav,83.223,94.23,78.98,100.732,72.303,28.429,11.148,96.514,64.411,4.086,15.765000730667357,298.970,390.600,1031.286,298.879,0.979,71.663,8.682,8.254,12.01,334.413,969.223,1561.210,2028.631,2801.501,3295.536,592.225,29.550,-1.325,,0.979,22:11:27
HFC_19.wav,90.021,82.59,99.94,108.899,71.491,37.408,46.989,99.635,95.561,3.249,29.411940627398764,286.016,400.883,864.403,305.946,2.924,66.065,9.063,7.289,11.21,339.365,970.129,1566.292,1977.336,2634.653,3175.083,567.144,30.856,-1.300,,2.924,22:01:14
HFC_190.wav,84.876,100.45,76.64,102.406,72.699,29.707,11.823,70.942,54.659,2.531,21.597285556539536,321.544,445.915,951.099,389.188,1.185,66.344,8.014,8.278,11.65,374.926,897.113,1549.263,2015.275,2754.706,3278.550,580.725,30.135,-0.942,,1.185,22:11:28
HFC_191.wav,83.691,86.56,72.74,105.753,71.792,33.961,27.564,84.375,41.889,1.752,23.90753492790112,302.868,484.338,1232.821,296.639,1.712,44.067,6.716,6.561,13.23,378.776,984.947,1652.811,2148.552,2721.149,3279.656,580.176,30.163,-1.064,,1.712,22:11:30
HFC_192.wav,80.626,100.04,72.84,100.129,72.409,27.720,6.363,62.478,53.653,4.496,11.934560583125817,285.721,384.246,911.756,291.976,1.001,46.252,6.494,7.123,14.02,337.215,848.298,1529.930,1953.202,2767.494,3206.838,573.925,30.492,-0.915,,1.001,22:11:33
HFC_193.wav,100.707,85.50,107.16,109.898,70.466,39.432,15.066,240.742,81.048,9.975,8.124730331646816,523.278,931.999,1933.263,384.984,1.804,44.121,8.867,4.976,15.87,450.713,951.714,1700.549,2039.702,2692.418,3170.420,543.941,32.173,-1.392,unvoiced,1.804,22:11:34
HFC_194.wav,90.054,105.69,89.56,107.520,81.154,26.366,11.007,58.038,42.139,4.604,9.153500726418498,341.033,721.138,1416.055,356.270,0.978,54.459,5.627,9.679,12.97,404.587,1062.667,1651.772,2050.366,2901.355,3290.584,577.199,30.319,-1.458,,0.978,22:11:36
HFC_195.wav,99.922,85.99,98.33,105.629,85.992,19.636,60.237,32.275,16.249,0.387,41.94582248410751,388.473,639.713,1689.037,382.470,1.291,64.553,7.360,8.771,17.81,391.111,1038.484,1628.214,1991.737,2700.615,3120.519,545.882,32.058,-2.026,,1.291,22:11:39
HFC_196.wav,91.192,82.18,104.71,104.714,77.471,27.242,96.357,120.271,112.891,1.675,67.40416173282503,278.397,533.027,2089.179,300.093,0.597,71.793,8.374,8.573,6.50,330.298,1115.105,1713.790,2245.078,2947.812,3456.433,625.227,27.990,-1.783,,0.597,22:11:42
HFC_197.wav,81.235,104.86,96.84,104.857,71.900,32.957,10.779,97.249,66.316,3.661,18.11604328679015,314.865,571.022,1393.485,402.975,1.229,57.203,7.728,7.402,11.33,383.979,1009.509,1581.256,2083.671,2890.550,3327.110,588.626,29.730,-1.148,,1.229,22:11:45
HFC_198.wav,83.984,104.15,71.51,105.063,71.173,33.891,4.795,103.758,100.761,5.236,19.24283101414423,282.153,360.519,709.354,275.750,1.146,59.398,8.727,6.806,12.58,332.591,883.585,1608.880,2212.229,2864.894,3474.149,628.312,27.852,-0.477,,1.146,22:11:46
HFC_199.wav,88.605,84.40,99.33,103.269,71.299,31.970,28.020,68.871,45.373,2.062,22.000473016397482,292.211,427.821,1175.947,296.030,2.182,56.364,8.249,6.832,11.68,338.491,1078.902,1651.687,2078.891,2755.226,3284.740,589.250,29.699,-1.739,,2.182,22:11:47
HFC_20.wav,82.855,92.86,98.94,105.059,72.387,32.672,10.864,81.316,68.284,1.858,36.74520991677764,314.569,526.982,1398.628,304.489,1.883,48.454,6.637,7.301,15.82,369.880,1074.191,1565.555,2005.019,2715.618,3232.698,572.563,30.564,-1.208,,1.883,22:01:24
HFC_200.wav,87.026,89.08,87.51,105.675,70.981,34.694,23.399,116.814,89.232,4.202,21.23325063516265,312.019,494.422,1326.234,313.219,1.190,64.539,5.463,11.813,10.38,364.878,994.544,1597.150,2025.638,2719.391,3294.940,586.012,29.863,-1.331,,1.190,22:11:52
HFC_201.wav,98.071,97.52,72.43,104.295,72.431,31.863,12.845,70.392,42.745,4.640,9.212515210607108,384.011,692.673,1525.993,381.102,1.185,64.573,6.749,9.568,12.06,420.067,1060.535,1614.056,1990.829,2711.318,3246.912,565.369,30.953,-1.291,,1.185,22:11:54
HFC_202.wav,86.924,104.62,82.78,104.617,72.723,31.894,17.385,126.132,69.147,2.116,32.68527757142612,309.220,460.435,1414.795,312.120,1.418,72.945,11.636,6.269,7.75,344.199,1055.278,1655.064,2092.797,2752.921,3251.693,581.499,30.095,-1.450,,1.418,22:11:57
HFC_203.wav,89.354,88.17,89.54,107.348,72.055,35.294,39.920,77.952,62.703,3.164,19.820665900437668,309.267,611.724,1330.006,307.153,1.581,54.558,8.858,6.159,11.18,379.903,1049.790,1690.986,2164.874,2788.085,3255.946,575.209,30.424,-1.486,,1.581,22:12:01
HFC_204.wav,82.128,87.00,80.58,105.449,71.394,34.055,18.488,111.669,73.052,2.467,29.613371277484816,365.143,763.834,1515.251,297.395,1.216,49.517,5.345,9.264,12.75,429.667,1009.750,1638.339,2141.981,2738.776,3249.944,564.055,31.025,-0.971,,1.216,22:12:04
HFC_205.wav,85.602,95.59,84.64,104.602,73.445,31.157,23.484,76.054,52.534,1.914,27.44620546578831,557.935,1193.167,1865.222,314.057,1.567,53.175,8.932,5.953,10.23,460.066,1112.253,1692.157,2168.971,2759.199,3258.533,559.693,31.267,-0.837,,1.567,22:12:10
HFC_206.wav,91.812,102.59,90.74,109.787,71.426,38.362,28.688,167.784,136.942,33.011,4.148390760681425,330.506,648.317,1710.969,311.094,3.938,52.273,8.507,6.145,10.79,372.375,1024.464,1664.142,2128.353,2718.091,3232.148,571.954,30.597,-2.105,unvoiced,3.938,22:12:13
HFC_207.wav,92.570,86.61,70.88,109.829,70.693,39.135,20.377,159.840,102.041,16.589,6.151225832137669,321.457,651.508,1591.220,307.931,1.567,65.742,11.485,5.724,8.05,370.317,1106.445,1682.044,2126.468,2763.170,3280.104,581.957,30.071,-1.455,unvoiced,1.567,22:12:17
HFC_208.wav,83.685,78.74,94.63,109.902,70.349,39.553,8.806,145.605,101.562,31.986,3.1752378306843543,358.650,605.321,1365.069,299.520,3.095,58.791,9.208,6.385,15.37,387.251,1008.417,1609.318,2031.806,2709.273,3241.115,570.773,30.660,-1.414,unvoiced,3.095,22:12:18
HFC_209.wav,90.304,108.57,94.22,109.885,70.352,39.533,9.857,203.084,135.925,26.465,5.136069584449656,335.093,454.785,1023.965,409.603,1.681,60.211,10.408,5.785,11.25,364.652,1007.132,1567.181,2029.169,2620.871,3161.584,559.386,31.284,-1.116,unvoiced,1.681,22:12:25
HFC_21.wav,90.650,82.25,73.35,105.004,71.172,33.832,75.608,133.442,102.554,2.041,50.24703448748269,377.691,942.869,1811.809,370.487,1.225,63.892,9.389,6.805,9.57,395.280,1160.694,1700.033,2060.140,2708.605,3195.581,560.060,31.247,-1.405,,1.225,22:01:27
HFC_210.wav,87.699,104.05,100.27,108.200,70.335,37.865,17.042,149.827,72.567,22.671,3.2009412630302823,384.498,418.912,509.614,407.206,1.875,67.775,7.468,9.075,16.91,382.512,926.837,1593.575,2015.674,2583.636,3143.471,552.192,31.692,-1.125,unvoiced,1.875,22:12:29
HFC_211.wav,82.849,85.93,84.88,101.957,72.267,29.691,14.938,72.172,60.248,2.476,24.334576980574045,327.202,658.270,1292.033,299.988,1.414,44.369,6.720,6.603,14.15,393.419,996.479,1556.659,2014.678,2654.972,3162.036,553.724,31.604,-1.001,,1.414,22:12:32
HFC_212.wav,83.631,85.07,74.74,105.017,71.965,33.053,19.834,70.318,55.154,1.876,29.402792350876297,320.435,641.881,1316.452,299.448,1.866,48.354,7.235,6.683,13.35,346.691,996.063,1638.387,2030.801,2694.486,3246.170,579.896,30.178,-1.139,,1.866,22:12:38
HFC_213.wav,91.175,106.23,78.40,106.228,77.341,28.887,21.467,118.848,56.216,1.700,33.07164754987404,365.573,554.130,1403.738,366.001,0.882,69.918,8.499,8.227,8.69,386.607,1048.166,1565.611,2048.696,2596.309,3202.946,563.268,31.069,-1.271,,0.882,22:12:41
HFC_214.wav,83.110,99.58,100.18,100.712,72.121,28.590,7.310,96.993,72.810,3.134,23.228624224142433,311.835,562.982,1126.826,306.771,0.957,71.284,7.314,9.747,13.25,371.238,980.354,1519.537,1940.908,2708.496,3205.752,566.903,30.869,-1.368,,0.957,22:12:43
HFC_215.wav,88.937,96.43,83.65,101.764,72.013,29.751,73.759,77.703,66.153,3.820,17.316842468613267,333.162,559.458,1259.761,301.399,2.094,69.146,7.879,8.776,13.33,404.113,993.947,1576.963,2015.248,2683.312,3155.466,550.271,31.803,-1.385,,2.094,22:12:44
HFC_216.wav,91.796,83.39,86.95,105.222,79.361,25.860,28.188,95.056,76.912,2.094,36.73871109970924,344.814,449.313,1450.226,347.468,1.194,68.407,7.955,8.599,13.19,346.102,1076.818,1586.868,2038.799,2628.090,3183.417,567.463,30.839,-1.801,,1.194,22:12:47
HFC_217.wav,83.649,91.95,84.15,101.892,73.866,28.026,18.076,72.362,44.600,3.029,14.72468851405094,308.020,418.834,1290.724,305.091,1.651,53.907,6.058,8.899,18.74,335.551,1060.953,1620.807,2044.855,2714.150,3232.507,579.391,30.204,-1.693,,1.651,22:12:48
HFC_218.wav,88.571,77.94,83.67,103.360,77.940,25.419,17.569,89.027,71.732,3.759,19.084686729914587,312.302,440.989,1621.408,350.661,1.330,66.011,8.645,7.636,13.88,326.349,1085.138,1664.316,2073.048,2695.117,3221.197,578.970,30.226,-1.987,,1.330,22:12:50
HFC_219.wav,86.843,96.83,94.52,109.983,70.377,39.607,34.645,203.908,140.340,29.305,4.788861476374234,316.374,441.761,1258.041,313.718,2.849,69.018,13.688,5.042,9.00,354.856,1053.658,1653.922,2048.674,2722.491,3224.303,573.889,30.494,-1.656,unvoiced,2.849,22:12:53
HFC_22.wav,93.073,86.80,85.64,105.299,77.345,27.953,15.872,116.296,105.462,4.116,25.619520149772303,330.943,419.411,1148.946,355.955,1.093,75.920,8.690,8.736,11.76,353.234,1040.040,1681.394,2102.661,2685.343,3264.672,582.288,30.054,-1.646,,1.093,22:01:29
HFC_220.wav,94.334,82.93,84.45,108.716,78.540,30.177,40.152,72.044,52.285,3.097,16.884134703513052,350.619,440.673,1625.016,354.575,1.453,83.336,6.537,12.748,12.67,363.937,1094.829,1682.759,2082.305,2713.834,3166.676,560.548,31.219,-1.919,,1.453,22:12:56
HFC_221.wav,81.362,85.62,104.10,104.103,70.674,33.429,98.704,74.776,59.848,3.910,15.305227715934619,298.222,409.883,1025.719,297.632,3.069,50.093,8.309,6.028,15.32,334.952,929.214,1578.669,1966.032,2640.175,3167.990,566.608,30.886,-1.324,,3.069,22:13:00
HFC_222.wav,88.837,80.02,93.12,105.271,73.800,31.471,34.415,116.685,92.846,2.712,34.23961165187349,369.996,842.512,1721.225,366.648,0.922,62.518,7.593,8.234,6.26,382.736,1053.216,1708.464,2115.444,2677.619,3164.212,556.295,31.458,-1.371,,0.922,22:13:03
HFC_223.wav,95.230,84.01,95.76,103.302,78.681,24.621,66.351,80.170,58.782,2.997,19.61341445183602,386.320,704.831,1597.161,384.156,1.501,66.296,9.657,6.865,13.05,394.967,1069.674,1622.295,2068.491,2670.110,3180.280,557.063,31.415,-1.381,,1.501,22:13:05
HFC_224.wav,93.853,95.24,76.33,105.435,76.329,29.106,29.836,85.969,49.629,1.817,27.308340645152395,356.038,503.786,1520.264,351.151,0.825,62.921,10.904,5.770,13.10,379.161,1098.665,1579.093,2104.832,2745.837,3203.481,564.864,30.981,-1.635,,0.825,22:13:10
HFC_225.wav,82.742,102.36,88.47,105.930,72.220,33.710,17.174,86.476,57.418,2.190,26.21653318203307,305.217,536.514,1369.212,300.377,2.283,57.603,13.141,4.384,9.30,380.698,1032.615,1678.381,2142.048,2721.484,3281.369,580.134,30.165,-1.284,,2.283,22:13:11
HFC_226.wav,87.151,98.55,93.42,103.511,71.180,32.331,5.640,69.880,63.526,3.806,16.69090589904204,334.396,439.202,1233.818,388.895,1.708,54.883,4.977,11.027,13.99,385.399,980.896,1647.506,2028.434,2733.432,3235.243,569.969,30.703,-1.640,,1.708,22:13:14
HFC_227.wav,88.842,99.30,95.95,108.462,72.150,36.312,13.362,56.521,49.123,2.461,19.964622160293544,354.771,400.744,522.995,376.618,2.845,47.827,9.666,4.948,19.26,366.362,893.255,1610.304,1997.672,2724.105,3212.678,569.263,30.741,-1.242,,2.845,22:13:17
HFC_228.wav,86.115,97.86,99.63,105.480,71.491,33.989,10.378,115.075,96.660,3.659,26.41720034125145,302.973,428.529,1069.177,281.930,1.093,49.033,5.031,9.746,16.70,347.081,990.201,1566.172,1997.448,2675.266,3235.719,577.728,30.291,-1.550,,1.093,22:13:20
HFC_229.wav,87.721,94.13,98.53,107.085,71.145,35.940,68.835,87.766,72.242,3.817,18.92395284896337,309.946,450.803,1200.108,304.534,3.143,67.498,9.066,7.445,13.29,355.959,1019.620,1628.092,2003.226,2734.310,3225.263,573.861,30.495,-1.542,,3.143,22:13:21
HFC_23.wav,93.601,107.48,79.28,107.489,79.255,28.234,12.734,73.529,49.616,3.273,15.160770656969158,349.792,546.363,1600.708,355.510,0.764,75.705,8.509,8.897,12.76,375.833,1048.484,1648.732,2131.374,2626.522,3200.941,565.022,30.972,-1.470,,0.764,22:01:36
HFC_230.wav,90.225,85.50,74.28,107.063,74.284,32.780,39.907,55.970,34.212,2.510,13.630735208673663,360.384,419.415,1238.758,356.384,1.594,81.337,7.216,11.272,15.14,361.755,1056.817,1687.530,2083.676,2775.725,3262.527,580.154,30.164,-1.816,,1.594,22:13:28
HFC_231.wav,92.244,86.90,90.17,103.342,72.230,31.112,60.531,127.042,104.557,4.540,23.028285411051826,347.097,529.748,1437.299,308.196,1.321,79.676,10.973,7.261,5.87,379.705,1083.194,1641.364,2106.532,2752.657,3316.500,587.359,29.794,-1.490,,1.321,22:13:30
HFC_232.wav,97.397,101.08,99.45,109.868,70.335,39.533,5.039,177.747,110.591,26.138,4.230987788079478,377.614,441.855,810.372,402.287,1.875,54.894,9.068,6.053,14.45,387.020,968.597,1524.825,1980.832,2678.093,3241.793,570.955,30.650,-1.411,unvoiced,1.875,22:13:32
HFC_233.wav,87.199,99.65,99.02,105.417,71.843,33.575,10.432,113.763,103.704,2.712,38.24417441915572,305.033,441.480,1070.812,298.497,1.106,61.274,8.587,7.136,11.78,360.925,952.033,1573.874,1982.657,2796.715,3274.792,582.773,30.029,-1.166,,1.106,22:13:34
HFC_234.wav,89.630,77.82,74.84,106.850,71.966,34.884,46.420,109.217,91.171,2.258,40.3698905345742,331.358,677.806,1680.630,331.570,1.550,57.208,10.647,5.373,9.39,408.084,1113.834,1706.900,2168.193,2743.204,3192.950,556.973,31.420,-1.243,,1.550,22:13:35
HFC_235.wav,90.430,102.47,82.04,109.649,70.461,39.188,22.457,198.006,48.427,14.946,3.240149288891235,373.858,426.514,941.661,371.448,1.673,67.589,8.071,8.375,8.14,403.764,1039.240,1634.122,2114.415,2713.231,3248.742,568.996,30.756,-1.257,unvoiced,1.673,22:13:39
HFC_236.wav,93.505,100.97,85.37,108.036,84.828,23.208,30.216,93.991,37.788,3.241,11.660498908895269,331.789,531.222,1739.478,338.475,1.080,82.464,7.407,11.133,12.02,356.922,1068.907,1677.768,2085.445,2788.199,3325.365,593.689,29.477,-1.751,,1.080,22:13:48
HFC_237.wav,85.532,74.28,85.08,92.007,74.281,17.726,88.104,40.887,38.024,3.372,11.277419497987658,324.967,944.022,2077.685,356.613,1.335,37.645,10.490,3.589,7.49,382.871,1136.513,1719.527,2142.017,2968.247,3455.353,614.496,28.479,-1.163,,1.335,22:13:54
HFC_238.wav,83.349,99.68,85.17,109.417,70.460,38.957,14.631,117.110,64.614,13.617,4.745052150756656,325.039,471.013,1358.683,320.788,1.616,59.212,7.118,8.319,18.09,369.835,1033.226,1564.214,1952.063,2662.449,3200.400,566.113,30.913,-1.589,unvoiced,1.616,22:13:58
HFC_239.wav,91.504,86.20,89.38,106.409,84.384,22.024,34.620,85.874,77.612,2.324,33.392366337808475,334.071,488.208,1761.556,331.699,0.860,66.446,7.554,8.796,10.40,333.708,1099.823,1708.856,2095.097,2743.370,3150.360,563.330,31.065,-2.044,,0.860,22:14:01
HFC_24.wav,83.719,101.94,82.23,103.883,70.668,33.215,48.443,103.141,71.901,3.117,23.067947052736915,327.689,761.625,1577.285,267.603,2.085,54.539,11.509,4.739,8.00,405.470,1017.345,1574.988,2031.949,2737.839,3235.132,565.932,30.922,-1.785,,2.085,22:01:36
HFC_240.wav,87.416,80.41,84.26,100.102,73.685,26.417,48.952,78.826,69.668,4.503,15.472980486478818,343.451,721.963,1688.359,355.069,1.888,54.827,13.243,4.140,5.32,376.289,1146.383,1690.955,2145.862,2846.458,3314.012,587.545,29.785,-1.520,,1.888,22:14:05
HFC_241.wav,91.937,86.67,98.60,100.100,79.066,21.034,16.656,48.776,42.375,2.470,17.152682423921974,382.941,397.721,429.957,373.045,2.024,56.251,7.164,7.852,18.07,376.486,877.339,1569.790,2067.204,2708.908,3221.666,569.036,30.754,-1.218,,2.024,22:14:08
HFC_242.wav,84.364,84.20,87.33,104.065,71.831,32.234,11.471,76.488,65.316,4.152,15.730658349407154,340.771,638.639,1603.998,315.886,2.529,50.890,9.293,5.476,13.36,378.466,1063.255,1594.068,2112.006,2822.937,3300.266,584.360,29.947,-1.470,,2.529,22:14:12
HFC_243.wav,89.395,82.77,82.52,107.985,75.158,32.826,29.466,91.117,79.509,3.559,22.340411435863356,329.270,841.429,1788.511,357.781,2.388,45.955,10.468,4.390,6.32,416.338,1113.229,1702.797,2188.404,2839.825,3283.076,573.348,30.522,-0.962,,2.388,22:14:22
HFC_244.wav,86.872,104.53,93.76,104.534,71.727,32.807,5.321,130.845,106.884,3.504,30.501362930643808,321.779,543.264,1416.659,308.249,1.427,64.514,8.761,7.364,7.32,388.437,1040.308,1609.902,2027.062,2641.525,3184.696,559.252,31.292,-1.296,,1.427,22:14:25
HFC_245.wav,87.109,83.28,74.40,101.243,70.970,30.272,56.869,88.483,58.616,3.961,14.796999178152872,333.339,725.749,1395.707,359.400,1.515,65.751,9.573,6.868,10.77,406.601,1046.732,1649.359,2092.450,2755.195,3230.341,564.748,30.987,-1.392,,1.515,22:14:29
HFC_246.wav,86.601,105.58,101.92,106.120,71.371,34.748,8.151,123.740,105.537,2.920,36.14066594787549,358.407,690.630,1495.713,311.712,1.883,60.708,10.353,5.864,6.00,415.262,1056.698,1665.993,2141.020,2780.227,3329.809,582.909,30.022,-1.341,,1.883,22:14:31
HFC_247.wav,96.832,104.62,81.37,107.902,70.657,37.245,19.199,114.250,36.758,24.530,1.4985313974639898,399.406,497.856,1124.292,406.395,2.568,64.547,9.929,6.501,14.15,388.038,979.860,1617.634,2064.726,2772.707,3270.934,576.579,30.351,-1.845,unvoiced,2.568,22:14:36
HFC_248.wav,82.527,92.06,86.50,103.839,71.249,32.590,9.450,74.650,64.565,4.218,15.306744911087048,292.276,454.459,1139.727,290.525,1.185,40.131,7.171,5.597,15.56,333.417,953.836,1605.925,1991.565,2742.213,3258.340,584.985,29.915,-1.215,,1.185,22:14:40
HFC_249.wav,91.664,98.09,88.53,106.801,74.717,32.084,13.682,95.111,77.232,3.882,19.89228837635723,311.160,532.706,1512.664,372.748,1.159,52.616,12.510,4.206,12.94,346.771,1035.715,1642.293,2046.500,2781.048,3259.386,582.523,30.042,-1.542,,1.159,22:14:45
HFC_25.wav,81.761,89.64,78.67,91.455,73.446,18.009,88.119,49.093,47.949,5.955,8.05199917143312,301.013,375.668,905.568,309.040,1.343,61.452,12.282,5.003,10.05,336.515,738.714,1461.870,1923.740,2668.364,3544.068,641.511,27.279,-1.034,,1.343,22:01:38
HFC_250.wav,82.731,103.68,82.54,109.528,71.146,38.383,9.813,129.573,76.868,26.219,2.9318081400616136,323.528,816.467,1835.070,313.229,1.831,49.428,6.828,7.239,12.96,377.413,1142.500,1732.767,2243.915,2884.591,3441.284,612.774,28.559,-1.109,unvoiced,1.831,22:14:46
HFC_251.wav,88.253,96.14,97.47,103.716,71.033,32.683,13.366,110.949,90.435,3.944,22.928605972726338,298.746,543.742,1627.448,298.061,1.014,65.265,9.367,6.967,11.16,347.654,1027.160,1578.331,2077.373,2759.242,3273.231,585.116,29.909,-1.552,,1.014,22:14:49
HFC_252.wav,91.577,72.08,96.33,103.876,72.084,31.792,88.335,84.233,79.770,2.680,29.768021399169957,335.564,410.622,1014.534,369.532,1.120,50.459,7.593,6.646,14.32,365.163,938.558,1575.061,2123.127,2834.467,3401.359,607.239,28.819,-1.445,,1.120,22:14:50
HFC_253.wav,84.791,90.86,88.28,104.901,73.705,31.195,16.308,62.613,50.786,2.874,17.670089582744712,326.062,759.030,1746.457,314.963,2.783,49.613,11.317,4.384,14.46,370.838,1106.627,1658.564,2141.355,2817.878,3280.885,582.010,30.068,-1.352,,2.783,22:14:52
HFC_254.wav,94.238,88.56,96.40,101.783,76.785,24.998,31.851,66.325,54.219,3.237,16.749094714510814,382.544,484.062,1424.456,383.959,1.699,54.018,9.123,5.921,18.22,371.654,1016.944,1646.574,2084.088,2759.349,3314.235,588.516,29.736,-1.771,,1.699,22:14:57
HFC_255.wav,84.292,94.86,99.84,107.108,74.457,32.651,38.971,65.381,32.185,1.289,24.975394124144362,345.631,916.501,2112.732,316.684,3.104,44.121,12.726,3.467,11.17,375.634,1065.931,1679.097,2186.475,2898.093,3377.499,600.373,29.149,-1.501,,3.104,22:14:59
HFC_256.wav,87.580,109.02,80.88,109.018,72.523,36.496,1.165,100.955,98.504,4.715,20.891125425984725,312.825,402.079,1164.194,344.363,1.379,68.432,13.057,5.241,7.73,346.195,947.215,1600.953,2129.100,2771.671,3361.793,603.120,29.016,-1.913,,1.379,22:15:05
HFC_257.wav,90.076,88.47,79.17,109.769,70.335,39.434,27.495,185.443,123.706,34.398,3.596362648396358,363.784,744.943,1601.716,378.211,1.730,44.026,9.539,4.615,11.42,389.816,1062.053,1686.366,2118.120,2730.045,3198.548,561.746,31.153,-1.514,unvoiced,1.730,22:15:06
HFC_258.wav,85.039,100.35,91.15,103.569,73.134,30.435,7.355,121.200,100.237,3.368,29.764884986884702,344.287,524.783,1309.397,301.840,1.633,64.835,10.103,6.417,10.39,378.899,1021.911,1575.324,2016.090,2692.661,3213.305,566.881,30.871,-1.393,,1.633,22:15:10
HFC_259.wav,90.255,79.32,89.33,103.477,76.349,27.128,37.050,91.435,76.015,2.649,28.700717108087108,314.715,666.556,1727.144,323.347,1.133,75.373,8.387,8.987,6.66,369.762,1093.457,1712.599,2183.272,2800.222,3262.532,578.554,30.248,-1.312,,1.133,22:15:19
HFC_26.wav,82.873,105.95,81.41,105.947,72.105,33.842,6.557,59.077,47.517,1.604,29.623023506777702,329.024,627.042,1455.514,311.163,1.870,46.843,8.822,5.310,15.03,387.696,1092.479,1614.128,2050.779,2657.215,3261.088,574.678,30.452,-1.053,,1.870,22:01:44
HFC_260.wav,83.069,80.13,103.12,105.261,73.040,32.222,20.409,81.192,59.477,2.122,28.027149629546397,309.927,555.593,1218.031,304.835,1.414,60.615,8.135,7.451,11.98,385.081,985.328,1631.691,2076.300,2641.089,3178.253,558.635,31.326,-1.041,,1.414,22:15:21
HFC_261.wav,83.262,94.59,97.43,102.325,72.472,29.853,9.400,50.818,46.264,3.071,15.064046466575476,322.204,594.216,1380.798,312.137,1.954,49.015,11.005,4.454,8.51,412.577,1040.872,1636.231,2071.459,2711.149,3241.304,565.745,30.933,-1.133,,1.954,22:15:25
HFC_262.wav,82.725,82.80,99.37,99.371,72.749,26.622,98.422,67.658,61.784,3.451,17.902257467659503,258.566,345.766,554.968,302.316,1.014,50.277,9.367,5.367,14.67,340.950,881.450,1530.058,1974.228,2690.810,3171.642,566.138,30.911,-0.442,,1.014,22:15:27
HFC_263.wav,82.966,83.53,70.65,104.872,70.335,34.537,38.019,114.973,65.656,27.182,2.4154385718368987,332.848,434.760,786.537,417.656,2.906,65.797,8.086,8.137,13.96,373.405,965.539,1571.669,2022.297,2654.680,3204.487,566.216,30.907,-1.056,unvoiced,2.906,22:15:29
HFC_264.wav,82.758,97.19,96.97,103.137,71.189,31.947,12.891,61.911,53.783,2.248,23.92698497709344,337.047,775.679,1604.424,298.954,1.335,49.791,8.617,5.779,9.80,408.594,1101.970,1653.456,2159.250,2806.058,3267.073,571.696,30.611,-1.122,,1.335,22:15:33
HFC_265.wav,93.146,89.25,93.24,109.891,70.335,39.557,20.490,221.323,80.213,12.344,6.497903234935944,360.239,828.336,1707.089,325.433,2.511,51.053,10.951,4.662,10.26,428.752,1046.113,1667.556,2115.220,2733.536,3245.348,563.319,31.066,-1.090,unvoiced,2.511,22:15:35
HFC_266.wav,92.642,102.86,85.42,102.862,85.421,17.440,10.440,64.008,35.775,3.640,9.82754948869321,333.354,490.653,1560.734,354.089,0.961,66.063,7.801,8.469,14.08,367.175,1077.116,1650.397,2120.179,2772.467,3267.784,580.122,30.166,-1.550,,0.961,22:15:38
HFC_267.wav,89.994,81.42,83.23,107.472,81.049,26.424,21.872,117.806,101.265,5.467,18.52425354757533,306.158,426.310,1419.729,369.025,1.098,68.409,8.655,7.904,11.77,340.304,1103.799,1674.949,2123.607,2724.650,3281.997,588.339,29.745,-1.823,,1.098,22:15:40
HFC_268.wav,85.791,92.24,93.71,104.656,73.914,30.742,16.316,104.125,75.334,4.014,18.767660903346712,335.100,490.936,1395.612,380.114,2.367,52.928,12.042,4.395,5.10,368.221,1018.297,1647.066,2090.504,2741.877,3231.498,572.655,30.559,-1.418,,2.367,22:15:41
HFC_269.wav,90.333,90.79,77.47,105.128,77.468,27.660,26.872,70.350,50.648,1.539,32.90961589245004,351.541,393.727,807.632,349.445,0.975,91.513,7.695,11.892,14.05,348.710,954.447,1651.810,2061.414,2685.470,3171.857,564.629,30.994,-1.433,,0.975,22:15:52
HFC_27.wav,91.774,89.94,81.60,105.314,79.870,25.444,32.065,117.103,71.617,2.025,35.37222878435079,354.988,573.981,1463.063,351.927,0.988,68.400,8.605,7.949,11.88,373.228,1102.686,1648.395,2167.194,2736.833,3256.194,576.593,30.351,-1.388,,0.988,22:01:50
HFC_270.wav,90.864,80.79,82.20,105.829,80.790,25.039,41.007,95.285,75.564,3.309,22.834998572799005,334.026,705.111,1769.903,328.689,1.813,58.337,9.927,5.876,6.40,377.861,1141.138,1727.185,2239.077,2842.458,3323.697,589.167,29.703,-1.334,,1.813,22:15:55
HFC_271.wav,91.932,87.78,78.86,105.713,78.863,26.850,41.457,65.098,40.568,1.389,29.20961491261545,344.617,407.883,1467.823,338.368,1.080,75.495,7.870,9.592,12.87,339.364,1085.254,1624.244,2118.026,2705.665,3164.720,565.071,30.970,-2.083,,1.080,22:16:02
HFC_272.wav,90.032,98.49,88.19,105.492,78.728,26.764,18.189,82.547,58.110,3.387,17.15707760493254,335.360,438.373,1482.166,344.855,1.181,71.661,9.738,7.359,12.66,345.122,902.709,1677.210,1989.849,2755.843,3259.559,582.887,30.023,-2.176,,1.181,22:16:07
HFC_273.wav,93.579,103.61,89.41,105.859,83.481,22.378,16.826,81.199,60.827,4.930,12.337522511918849,346.488,429.533,1277.215,355.424,1.014,93.910,9.367,10.025,13.89,348.302,927.192,1656.976,2092.118,2649.727,3177.726,565.885,30.925,-2.364,,1.014,22:16:14
HFC_274.wav,84.605,86.60,99.05,99.537,72.633,26.904,95.323,69.180,7.234,1.092,6.62676376403229,265.485,339.960,827.865,278.715,1.374,45.878,11.643,3.940,16.59,307.724,946.500,1560.489,2054.119,2702.256,3252.397,588.935,29.715,-0.984,,1.374,22:16:20
HFC_275.wav,89.410,94.81,94.44,105.155,74.625,30.530,7.829,93.768,83.149,4.081,20.37312378365791,361.734,637.717,1649.864,371.893,2.573,69.478,10.300,6.745,10.50,388.945,1038.338,1652.150,2083.817,2688.989,3162.937,554.799,31.543,-1.568,,2.573,22:16:22
HFC_276.wav,85.077,85.23,95.01,100.519,71.286,29.233,70.792,71.057,59.307,3.539,16.758763953767247,376.563,526.942,1336.852,382.718,1.554,63.893,8.686,7.356,7.18,431.458,972.450,1606.666,2079.881,2710.207,3202.251,554.159,31.579,-1.268,,1.554,22:16:25
HFC_277.wav,93.952,88.07,74.54,102.127,74.535,27.592,61.267,41.760,26.875,2.822,9.524959278237663,395.481,483.745,1618.857,387.236,1.949,60.298,8.465,7.124,15.12,399.511,1019.442,1694.597,2077.374,2700.541,3199.152,559.928,31.254,-1.689,,1.949,22:16:28
HFC_278.wav,96.796,94.86,95.78,106.893,71.278,35.615,10.085,228.312,90.297,17.848,5.059227747306736,340.588,466.312,1008.976,401.237,1.177,71.757,4.674,15.351,12.97,388.977,942.762,1536.507,1940.209,2596.850,3175.520,557.309,31.401,-0.904,unvoiced,1.177,22:16:30
HFC_279.wav,97.435,89.91,95.79,105.564,81.179,24.385,71.153,92.504,44.180,1.106,39.95669285022385,381.860,629.708,1419.532,377.042,1.357,67.926,9.951,6.826,16.19,398.290,1034.285,1703.249,2052.457,2664.887,3140.652,548.472,31.907,-1.686,,1.357,22:16:34
HFC_28.wav,95.542,82.44,74.75,104.217,74.748,29.469,27.947,86.483,58.569,2.199,26.639591294661653,368.121,673.016,1521.951,366.958,1.137,71.838,8.355,8.599,12.23,393.279,1059.386,1644.239,2081.362,2716.811,3196.690,560.682,31.212,-1.488,,1.137,22:01:52
HFC_280.wav,95.157,92.65,86.11,101.269,86.106,15.163,9.388,58.367,52.518,5.400,9.72591750147292,358.720,561.474,1370.097,366.368,1.019,50.330,5.400,9.321,13.94,395.081,993.923,1494.844,2049.630,2623.636,3169.301,554.844,31.540,-1.030,,1.019,22:16:35
HFC_281.wav,87.594,85.58,92.24,106.150,71.689,34.461,31.044,51.638,33.832,1.684,20.088704386841844,386.993,480.149,1344.262,388.303,2.375,63.988,6.947,9.211,19.28,397.712,965.338,1612.975,2005.135,2622.385,3097.252,539.908,32.413,-1.577,,2.375,22:16:37
HFC_282.wav,101.059,74.12,101.28,107.333,74.124,33.209,60.543,44.001,40.029,3.090,12.954368590128484,311.314,426.767,1702.672,311.794,1.133,57.139,5.739,9.957,14.17,313.541,1065.536,1676.842,2055.013,2775.481,3266.346,590.561,29.633,-2.341,,1.133,22:16:48
HFC_283.wav,89.740,104.53,80.91,104.823,79.237,25.587,10.832,78.168,56.224,3.591,15.656791034618468,307.346,468.701,1766.657,259.113,0.975,62.287,6.156,10.118,13.27,334.397,1000.231,1698.834,2105.549,2776.681,3264.800,586.081,29.859,-2.061,,0.975,22:17:00
HFC_284.wav,87.541,91.11,80.55,104.288,70.488,33.799,12.749,124.241,101.807,3.868,26.320935477331467,316.767,617.708,1328.889,284.873,1.163,57.856,9.025,6.411,11.84,354.250,965.612,1679.700,2126.847,2760.944,3194.732,568.096,30.805,-1.613,,1.163,22:17:02
HFC_285.wav,89.943,102.58,79.67,106.517,79.673,26.845,17.586,69.407,42.462,3.727,11.39245996985637,343.711,582.429,1707.850,350.668,1.207,68.192,5.798,11.762,4.68,372.183,1032.230,1675.083,2127.455,2715.618,3198.032,565.170,30.964,-1.698,,1.207,22:17:10
HFC_286.wav,81.316,98.23,96.86,98.383,71.435,26.948,5.382,65.099,57.817,2.888,20.016494820640894,304.714,562.047,1380.589,293.653,1.212,56.668,5.364,10.564,12.18,357.708,944.259,1595.478,2025.269,2702.173,3212.686,570.996,30.648,-1.379,,1.212,22:17:12
HFC_287.wav,85.614,91.30,101.19,106.812,72.466,34.346,17.411,71.971,57.795,1.930,29.94082220419236,312.525,595.354,1751.117,309.149,1.554,64.650,8.043,8.038,12.17,345.240,1095.488,1659.865,2112.627,2738.313,3223.869,575.726,30.396,-1.533,,1.554,22:17:24
HFC_288.wav,101.294,85.77,78.91,109.198,78.911,30.286,61.591,69.230,66.600,2.287,29.122918323017068,310.016,556.934,2092.142,313.266,1.093,73.594,6.861,10.727,9.01,332.286,1095.794,1705.868,2087.528,2719.821,3276.090,588.761,29.723,-1.803,,1.093,22:17:28
HFC_289.wav,92.023,90.21,96.37,104.411,83.309,21.102,21.944,66.198,44.776,2.157,20.758822305079377,359.291,396.389,672.310,357.447,1.159,79.535,9.922,8.016,14.75,364.802,954.953,1597.213,2015.762,2693.795,3190.719,565.183,30.963,-1.139,,1.159,22:17:34
HFC_29.wav,96.194,86.09,97.09,105.214,86.093,19.121,73.656,74.024,51.455,2.484,20.718442026254127,366.658,646.307,1605.823,376.703,1.409,70.764,8.160,8.672,15.49,396.153,1145.087,1666.806,2079.911,2722.770,3241.353,569.040,30.754,-1.731,,1.409,22:01:54
HFC_290.wav,91.210,79.01,104.01,106.105,79.013,27.092,87.000,51.437,44.515,3.947,11.279401170225134,348.306,379.529,547.048,351.503,1.774,76.728,7.611,10.081,16.57,364.538,988.476,1658.538,2100.700,2733.702,3263.249,579.742,30.186,-0.620,,1.774,22:17:37
HFC_291.wav,92.245,80.48,87.34,106.909,80.480,26.429,30.129,70.829,62.287,2.628,23.69977356558442,324.052,376.418,547.438,347.503,1.141,64.232,10.513,6.110,14.32,332.716,996.772,1614.685,2076.041,2788.472,3321.724,597.802,29.274,-0.267,,1.141,22:17:41
HFC_292.wav,90.716,82.29,87.89,106.553,82.289,24.264,36.814,50.948,43.974,2.204,19.949695388285082,344.177,396.285,949.022,344.625,1.361,69.134,8.450,8.182,14.88,353.438,1004.593,1659.575,2140.483,2767.455,3248.329,578.978,30.226,-1.709,,1.361,22:17:55
HFC_293.wav,91.338,89.02,85.70,106.852,79.130,27.722,17.252,79.713,71.698,3.462,20.712051677411285,327.782,534.334,1711.256,369.614,1.444,46.601,5.885,7.919,13.83,354.768,1060.696,1646.235,2108.592,2746.421,3179.295,564.905,30.979,-1.671,,1.444,22:17:58
HFC_294.wav,94.612,101.99,94.46,107.115,73.214,33.901,51.169,89.815,65.137,3.430,18.98845919084429,320.203,482.063,1347.144,297.687,1.458,61.463,17.152,3.583,5.04,365.584,990.882,1595.898,2010.624,2622.322,3142.497,555.383,31.510,-1.470,,1.458,22:18:01
HFC_295.wav,82.610,92.83,82.12,107.111,71.111,36.000,12.939,60.545,49.028,2.958,16.57402772257655,309.368,679.981,1773.993,302.272,2.028,53.128,8.628,6.158,15.66,356.409,990.638,1647.473,2121.484,2683.616,3236.049,575.928,30.386,-1.444,,2.028,22:18:06
HFC_296.wav,91.563,82.76,78.39,107.657,78.230,29.426,24.704,105.947,95.174,3.139,30.323087174598765,266.355,370.357,669.495,345.372,1.115,62.554,8.519,7.343,13.66,330.999,974.782,1570.244,2027.395,2702.130,3259.336,585.667,29.880,-0.627,,1.115,22:18:18
HFC_297.wav,84.265,96.34,86.92,106.348,71.698,34.650,89.545,54.595,46.488,2.406,19.321145755964764,318.633,523.457,1486.130,309.498,1.870,41.750,9.892,4.221,13.97,350.238,1041.105,1614.086,2081.169,2690.086,3186.349,567.222,30.852,-1.513,,1.870,22:18:19
HFC_298.wav,94.848,86.97,77.54,102.486,77.543,24.943,21.839,105.823,68.137,3.301,20.6408481092158,474.018,984.936,1851.598,372.984,1.212,52.282,8.665,6.033,9.66,419.594,1061.082,1703.291,2130.993,2735.744,3217.892,559.659,31.269,-1.129,,1.212,22:18:24
HFC_299.wav,82.253,84.48,88.89,106.261,72.615,33.646,11.298,62.949,55.088,3.388,16.259887294825692,313.006,610.122,1731.068,302.914,1.919,43.263,9.382,4.611,14.24,353.922,1115.414,1659.260,2127.868,2700.354,3243.097,577.835,30.285,-1.441,,1.919,22:18:26
HFC_30.wav,86.360,83.31,89.49,106.100,73.191,32.909,89.439,70.218,32.741,1.372,23.861162445181467,344.100,945.663,1801.197,321.085,2.186,58.991,9.148,6.449,10.16,372.252,1125.733,1694.745,2155.372,2733.781,3246.998,574.949,30.437,-1.450,,2.186,22:01:59
HFC_300.wav,97.938,88.37,99.92,101.604,88.368,13.236,56.377,62.788,33.746,1.145,29.483022189935085,358.968,780.488,1502.936,388.395,0.874,48.275,4.006,12.050,11.40,431.886,1053.715,1638.860,2104.757,2693.097,3231.265,559.876,31.257,-0.772,,0.874,22:18:29
HFC_301.wav,81.235,97.82,94.59,99.761,71.219,28.542,8.046,85.363,65.388,3.362,19.449075627963175,331.373,624.731,1225.585,283.757,1.190,68.400,8.825,7.751,12.88,392.739,992.153,1563.942,2071.357,2667.216,3213.049,564.062,31.025,-1.031,,1.190,22:18:30
HFC_302.wav,96.486,86.45,93.59,102.490,86.454,16.036,20.141,48.146,34.440,2.847,12.095974609029541,378.064,521.047,1767.812,373.967,1.580,56.386,6.011,9.381,18.91,376.819,1110.094,1647.866,2035.894,2735.957,3229.735,570.583,30.670,-2.125,,1.581,22:18:36
HFC_303.wav,82.812,104.40,79.99,104.403,72.796,31.607,8.767,73.254,47.599,2.503,19.016693006491575,316.155,525.644,1791.626,309.637,1.598,59.687,7.196,8.294,14.74,339.151,1115.417,1688.045,2198.414,2780.657,3270.719,586.313,29.848,-1.769,,1.598,22:18:39
HFC_304.wav,96.814,103.87,92.37,104.264,84.713,19.551,42.295,80.418,64.396,3.632,17.730244610348326,387.883,501.951,1447.443,391.954,1.927,62.633,7.523,8.325,13.85,386.746,980.558,1674.397,1998.827,2669.642,3186.503,559.951,31.253,-1.532,,1.927,22:18:41
HFC_305.wav,97.752,100.03,95.41,101.920,85.347,16.573,46.483,30.527,20.428,1.417,14.42108148800238,390.060,480.274,1286.051,380.038,1.765,55.560,7.083,7.845,24.13,382.575,968.527,1626.449,2046.532,2796.333,3213.235,566.132,30.912,-2.079,,1.765,22:18:44
HFC_306.wav,97.177,95.53,85.71,107.419,85.643,21.776,27.829,36.474,32.066,1.613,19.884822463385387,381.173,430.395,984.290,369.335,2.481,50.224,7.458,6.734,19.51,361.567,1044.454,1656.074,2075.656,2737.215,3209.705,569.627,30.722,-2.018,,2.481,22:18:46
HFC_307.wav,94.288,88.77,83.68,105.811,83.678,22.133,19.571,78.900,72.155,6.043,11.940301889076782,347.481,523.372,1664.648,350.890,1.076,74.985,8.832,8.490,9.00,358.588,990.452,1672.371,2082.729,2767.053,3209.635,570.209,30.690,-1.646,,1.076,22:18:54
HFC_308.wav,88.650,78.86,101.31,101.307,78.861,22.447,98.463,42.532,30.907,2.908,10.62905220862261,354.428,420.566,1304.699,358.922,1.032,49.452,6.300,7.849,14.97,340.427,1128.572,1641.684,2191.093,2769.698,3332.790,598.473,29.241,-2.119,,1.032,22:19:00
HFC_309.wav,84.884,93.23,81.70,108.822,74.001,34.821,12.839,53.539,44.276,2.004,22.0890995103523,315.899,496.504,1225.204,321.060,2.744,40.994,8.929,4.591,17.73,356.260,966.673,1609.921,2083.328,2635.221,3233.306,575.409,30.413,-1.383,,2.744,22:19:03
HFC_31.wav,91.852,86.55,96.22,104.047,71.152,32.896,71.571,93.269,84.121,2.791,30.13641992134137,371.516,603.674,1768.932,390.489,1.791,47.278,13.119,3.604,11.97,367.853,1109.497,1655.535,2049.758,2677.159,3197.538,565.937,30.922,-1.795,,1.791,22:02:01
HFC_310.wav,79.392,104.24,98.01,104.238,71.220,33.018,4.279,46.875,36.921,3.585,10.297753875953024,310.869,521.245,1373.385,300.494,2.371,58.456,11.178,5.230,9.97,362.137,1054.773,1632.796,2135.239,2756.446,3288.714,585.315,29.898,-1.373,,2.371,22:19:08
HFC_311.wav,98.216,96.81,77.65,104.477,77.652,26.825,8.292,53.301,43.606,2.423,17.995746536269717,372.422,521.472,1530.733,378.757,1.444,54.133,7.269,7.447,15.58,383.674,1027.175,1604.539,2102.506,2736.178,3182.828,559.831,31.259,-1.544,,1.444,22:19:11
HFC_312.wav,82.433,79.38,81.93,103.366,71.082,32.284,18.273,65.928,59.348,3.011,19.707665565628083,293.617,469.255,1403.305,288.388,1.826,38.475,7.392,5.205,14.51,332.863,1011.863,1666.583,2179.992,2713.048,3266.604,586.748,29.825,-1.466,,1.826,22:19:19
HFC_313.wav,80.218,85.54,72.88,100.881,72.171,28.710,14.659,52.887,38.342,2.255,17.001584313845928,316.511,613.234,1479.387,305.575,1.774,52.650,6.484,8.120,15.38,379.249,1074.360,1638.463,2097.469,2727.832,3283.241,580.798,30.131,-1.138,,1.774,22:19:25
HFC_314.wav,95.871,92.11,85.36,104.784,85.357,19.427,24.079,67.538,45.645,3.440,13.270482499274117,382.318,773.655,1851.804,375.557,1.308,63.199,6.497,9.727,11.51,444.538,1096.843,1708.307,2286.093,2857.924,3282.659,567.624,30.830,-1.244,,1.308,22:19:29
HFC_315.wav,98.375,101.46,94.90,104.920,86.555,18.365,24.194,43.000,25.430,2.912,8.73320172662724,394.709,473.634,1463.369,385.794,1.545,64.267,7.441,8.636,19.94,380.703,1048.175,1607.473,2093.031,2768.500,3226.865,569.232,30.743,-1.909,,1.545,22:19:31
HFC_316.wav,80.012,82.54,92.20,93.159,71.177,21.983,32.534,65.276,35.751,2.216,16.134948506255377,283.503,329.386,559.049,287.720,1.128,76.735,6.647,11.544,17.54,318.434,844.213,1463.874,1903.413,2665.066,3183.210,572.955,30.543,-0.612,,1.128,22:19:35
HFC_317.wav,82.797,100.69,91.46,100.688,72.858,27.830,5.061,68.338,59.742,3.215,18.584361986380948,295.710,341.344,521.204,298.621,1.089,75.098,6.888,10.902,14.63,335.220,888.193,1494.919,1955.735,2652.535,3219.874,576.931,30.333,-0.447,,1.089,22:19:36
HFC_318.wav,87.160,82.15,85.24,109.602,71.372,38.231,20.173,201.629,133.311,57.703,2.3103131314417396,323.753,368.280,512.043,345.891,1.317,80.186,7.213,11.117,15.80,342.590,1063.811,1609.527,2091.079,2764.119,3314.590,594.400,29.441,-0.250,unvoiced,1.317,22:19:40
HFC_319.wav,101.924,76.49,75.05,108.864,75.050,33.814,34.495,60.800,58.518,1.779,32.884546440982,310.862,397.071,1354.420,313.030,1.405,68.789,8.897,7.731,12.72,337.180,1021.864,1570.861,2025.556,2739.327,3218.228,576.210,30.371,-1.632,,1.405,22:19:53
HFC_32.wav,95.079,86.81,93.70,103.982,85.651,18.331,23.993,56.190,38.535,4.584,8.40707510577013,383.951,503.447,1657.093,379.038,1.418,68.104,6.699,10.166,16.65,385.903,1057.785,1708.599,1995.430,2720.163,3212.335,565.287,30.958,-2.068,,1.418,22:02:04
HFC_320.wav,81.051,84.74,98.33,98.393,73.573,24.819,89.411,64.856,30.670,1.430,21.454320331176614,312.663,515.110,1355.752,311.216,1.049,57.533,5.242,10.976,15.07,394.872,1020.576,1632.583,2199.079,2701.994,3247.887,570.603,30.669,-1.139,,1.049,22:19:58
HFC_321.wav,85.227,83.11,77.45,93.598,75.270,18.329,30.486,31.126,20.929,2.578,8.119057693105798,317.928,514.563,1292.320,319.006,2.134,48.230,8.436,5.717,17.18,350.162,979.992,1567.135,2016.762,2640.840,3212.846,572.537,30.566,-1.652,,2.134,22:19:59
HFC_322.wav,88.943,103.54,88.72,103.974,73.153,30.821,3.484,43.758,40.700,3.872,10.51271172908692,337.000,611.275,1725.716,335.487,3.100,46.601,9.195,5.068,15.78,365.665,1012.470,1621.381,2167.350,2684.218,3261.922,579.251,30.211,-1.847,,3.100,22:20:02
HFC_323.wav,79.301,87.40,90.09,97.073,70.925,26.148,16.134,40.759,39.479,3.358,11.75702171766583,285.828,367.689,983.591,285.424,1.787,27.775,9.794,2.836,17.85,320.120,954.559,1631.565,2106.478,2635.857,3158.263,567.629,30.830,-1.512,,1.787,22:20:05
HFC_324.wav,81.412,83.13,74.68,91.658,73.682,17.976,24.739,38.274,24.048,1.705,14.105133236096709,318.735,741.830,1875.075,320.770,1.466,42.350,11.252,3.764,15.96,392.959,1093.990,1703.833,2394.685,2739.675,3397.048,600.818,29.127,-1.203,,1.466,22:20:10
HFC_325.wav,85.024,90.70,75.43,102.216,71.979,30.237,46.411,108.492,106.441,4.460,23.863778205208195,277.222,377.924,638.901,285.490,1.681,58.224,8.326,6.993,13.90,346.442,916.333,1577.917,2045.054,2710.085,3196.627,570.037,30.700,-0.323,,1.681,22:20:12
HFC_326.wav,94.775,94.41,95.71,107.369,72.478,34.891,26.649,69.279,59.741,3.963,15.074129056584567,343.570,454.170,1460.097,395.126,2.397,54.780,11.889,4.607,10.81,364.437,1064.937,1675.673,2113.415,2707.110,3231.250,573.363,30.522,-1.817,,2.397,22:20:14
HFC_327.wav,90.299,99.76,86.45,109.969,70.543,39.426,38.650,134.525,98.889,30.811,3.2095261819383816,317.414,753.189,1814.345,323.799,3.100,36.469,10.969,3.325,11.20,354.345,1096.793,1670.184,2223.234,2823.042,3375.618,604.255,28.961,-2.164,unvoiced,3.100,22:20:18
HFC_328.wav,89.854,104.66,72.45,108.309,72.241,36.068,16.355,62.881,48.706,3.820,12.750929054917261,323.425,815.460,1817.459,309.064,3.534,59.220,12.025,4.925,10.65,374.113,1033.900,1647.615,2198.633,2849.818,3385.518,602.281,29.056,-1.896,,3.534,22:20:24
HFC_329.wav,89.825,91.41,77.78,104.658,77.782,26.875,20.968,121.328,94.426,2.565,36.81278477770058,347.823,658.281,1553.901,376.427,0.975,59.605,8.721,6.835,9.79,366.651,1102.545,1611.447,2024.618,2739.111,3230.307,572.731,30.555,-1.320,,0.975,22:20:32
HFC_33.wav,100.600,104.42,93.96,104.899,88.570,16.330,54.619,45.951,26.169,1.571,16.65874461910328,403.593,468.355,1470.069,395.213,1.273,62.354,4.320,14.434,24.07,389.855,1031.383,1696.885,2039.711,2635.945,3239.780,569.985,30.703,-2.809,,1.273,22:02:08
HFC_330.wav,97.920,109.98,79.00,109.983,75.789,34.195,10.171,248.244,90.618,13.180,6.875484421400593,302.627,509.754,1369.427,301.128,1.480,82.894,15.208,5.451,4.40,401.793,1046.017,1631.372,2107.746,2714.217,3233.599,566.361,30.899,-1.223,unvoiced,1.480,22:20:33
HFC_331.wav,93.177,90.65,75.09,102.405,75.089,27.316,24.298,97.280,60.641,2.509,24.173969896843733,431.368,963.411,1999.949,366.315,0.997,69.386,9.532,7.279,10.04,390.428,1042.360,1700.740,2109.934,2693.173,3177.423,557.399,31.396,-1.246,,0.997,22:20:37
HFC_332.wav,94.228,90.46,94.00,105.405,75.642,29.762,21.002,86.594,67.715,3.910,17.316934234696063,379.022,739.211,1799.921,381.685,2.046,54.905,9.043,6.072,10.13,407.143,1088.409,1664.525,2072.455,2716.839,3132.526,545.077,32.106,-1.267,,2.046,22:20:40
HFC_333.wav,86.586,101.57,80.12,102.150,71.167,30.984,4.730,78.504,67.830,4.665,14.539241356652157,327.070,797.168,1615.250,373.502,1.822,50.609,8.507,5.949,12.65,423.097,1079.749,1665.724,2148.404,2749.385,3260.040,567.389,30.843,-1.339,,1.822,22:20:42
HFC_334.wav,92.267,96.13,85.25,105.032,72.645,32.388,64.783,113.592,97.284,2.730,35.632451718844536,387.004,886.617,1864.472,391.594,1.282,48.378,9.751,4.962,11.46,472.406,1104.783,1675.035,2208.632,2949.574,3347.355,574.990,30.435,-1.059,,1.282,22:20:44
HFC_335.wav,85.915,95.57,85.11,105.517,72.588,32.929,22.570,89.008,56.729,3.137,18.08165060649935,309.164,789.297,1622.090,295.073,1.594,53.409,7.530,7.093,9.66,397.203,1062.851,1754.057,2203.436,2798.796,3308.125,582.184,30.059,-1.406,,1.594,22:20:46
HFC_336.wav,94.051,85.44,93.77,104.254,85.438,18.815,32.144,55.767,39.257,2.293,17.119937838243136,369.129,589.061,1789.471,370.627,1.308,62.686,6.115,10.252,14.00,364.293,1051.593,1667.194,2062.433,2733.884,3180.386,563.219,31.071,-1.925,,1.308,22:20:53
HFC_337.wav,89.469,92.60,74.86,104.620,74.857,29.763,17.047,117.581,79.823,4.284,18.632118011853326,335.402,456.839,1353.940,342.256,1.400,64.944,7.497,8.662,9.45,347.695,998.029,1652.859,2065.592,2657.483,3210.141,572.489,30.568,-1.859,,1.401,22:20:57
HFC_338.wav,97.674,103.02,80.80,105.091,80.803,24.288,48.152,63.426,49.062,2.324,21.108898600722608,376.742,434.990,1147.600,380.000,1.291,57.031,9.684,5.889,16.37,406.387,1056.504,1612.230,2077.097,2777.735,3264.362,571.595,30.616,-1.718,,1.291,22:20:59
HFC_339.wav,92.279,78.90,106.77,107.558,77.440,30.119,42.893,128.412,125.017,3.151,39.67511435952324,335.464,610.730,1559.797,329.682,1.111,50.911,9.903,5.141,9.19,367.282,1077.087,1657.721,2061.291,2726.422,3196.546,565.853,30.927,-1.304,,1.111,22:21:11
HFC_34.wav,90.884,103.44,86.74,106.748,78.417,28.331,40.550,100.247,90.544,2.554,35.458602499264224,329.812,372.051,604.320,339.893,0.979,74.952,10.725,6.989,12.87,339.636,1065.488,1678.105,2220.064,2845.576,3374.045,606.882,28.836,-0.267,,0.979,22:02:13
HFC_340.wav,85.523,88.06,86.56,109.991,70.335,39.656,26.345,155.602,70.882,11.089,6.3920180037917556,373.713,924.607,1933.148,320.121,1.668,52.985,7.493,7.072,11.89,401.070,1109.563,1686.143,2175.668,2850.096,3316.028,582.992,30.018,-0.938,unvoiced,1.668,22:21:12
HFC_341.wav,93.817,81.23,92.50,104.886,75.691,29.195,24.959,91.107,83.357,4.881,17.078170714610263,355.564,527.419,1615.603,355.175,1.229,80.405,8.948,8.985,13.21,382.560,1113.891,1694.217,2125.521,2780.444,3320.841,587.656,29.779,-1.812,,1.229,22:21:14
HFC_342.wav,89.948,97.84,97.48,105.229,70.583,34.646,39.608,108.851,81.487,2.387,34.13956314408225,393.678,510.914,1668.674,392.469,1.466,62.584,8.525,7.342,16.81,391.740,1036.815,1665.801,2031.118,2769.281,3251.767,572.005,30.594,-1.966,,1.466,22:21:18
HFC_343.wav,85.273,78.49,92.27,105.428,71.426,34.001,27.216,67.628,61.121,2.791,21.896212373800733,352.822,729.092,1371.826,309.568,1.791,50.483,10.886,4.637,9.43,388.588,1054.103,1660.809,2129.708,2781.617,3321.449,586.572,29.834,-0.964,,1.791,22:21:21
HFC_344.wav,93.380,106.97,89.00,107.111,77.398,29.713,43.883,122.136,108.563,2.835,38.289071054594146,306.487,399.145,1118.598,333.404,1.058,71.798,10.869,6.606,13.15,337.445,1057.312,1702.006,2194.682,2888.125,3402.668,613.045,28.546,-1.791,,1.058,22:21:33
HFC_345.wav,91.983,74.57,83.96,107.379,74.570,32.809,54.822,90.258,67.243,2.094,32.11972810506541,320.743,412.900,1401.392,317.193,1.194,70.287,7.955,8.835,12.58,336.160,1141.939,1595.231,2027.532,2766.877,3286.690,590.106,29.656,-1.706,,1.194,22:21:36
HFC_346.wav,95.396,99.11,92.48,107.808,81.928,25.880,26.124,91.455,46.120,1.745,26.423299303639844,323.927,523.752,1197.536,345.439,1.146,75.192,9.164,8.206,9.98,370.845,1010.287,1594.875,2082.232,2749.585,3262.489,578.329,30.260,-1.448,,1.146,22:21:42
HFC_347.wav,92.917,86.30,74.41,99.862,74.410,25.452,64.345,78.106,74.338,3.927,18.9288183128907,274.624,351.010,1200.000,297.051,0.637,86.397,4.713,18.333,9.11,354.426,1022.591,1738.476,2250.663,2948.952,3531.418,635.398,27.542,-1.696,,0.637,22:21:50
HFC_348.wav,93.389,90.90,82.95,106.874,82.949,23.925,28.339,80.467,42.845,2.016,21.25572655949208,342.941,545.322,1585.653,341.668,1.488,52.976,7.055,7.509,16.25,377.239,1053.525,1671.409,2003.484,2724.993,3288.756,582.303,30.053,-1.910,,1.488,22:21:51
HFC_349.wav,95.842,88.19,99.10,108.109,84.171,23.937,23.366,71.795,50.136,1.670,30.02338980189599,338.822,554.055,1732.415,338.638,1.497,56.658,7.682,7.376,12.05,373.509,1132.539,1720.888,2230.726,2786.222,3270.464,579.391,30.204,-1.704,,1.497,22:21:54
HFC_35.wav,90.171,88.20,77.76,102.857,77.764,25.092,11.192,106.353,90.415,3.322,27.219384666525034,314.709,537.263,1590.595,355.623,1.054,70.452,5.220,13.497,10.73,358.620,1118.755,1601.269,2133.919,2767.440,3271.844,582.645,30.035,-1.330,,1.054,22:02:15
HFC_350.wav,84.243,102.19,87.36,103.474,71.548,31.926,12.660,111.406,68.607,2.812,24.397655066857297,292.553,411.996,1044.366,281.351,1.067,57.980,8.905,6.511,14.01,326.832,931.315,1564.089,1930.889,2618.832,3167.616,568.157,30.801,-1.242,,1.067,22:21:56
HFC_351.wav,84.215,88.99,73.15,104.943,71.995,32.948,16.911,92.482,60.505,1.789,33.82357085450297,311.645,444.029,1428.813,312.517,1.677,58.837,6.857,8.580,15.50,354.393,1102.722,1711.060,2180.730,2847.558,3362.895,601.700,29.084,-1.730,,1.677,22:21:59
HFC_352.wav,80.647,91.45,90.08,94.478,72.378,22.099,84.950,59.683,21.315,0.788,27.044822641961318,313.750,405.063,1172.324,307.888,1.269,66.031,5.911,11.171,21.14,343.863,980.218,1639.687,2095.374,2754.075,3307.665,592.760,29.523,-1.627,,1.269,22:22:04
HFC_353.wav,82.478,93.11,85.43,100.810,72.832,27.978,9.396,44.669,34.366,2.114,16.256733213385466,316.178,424.828,1291.778,313.060,1.892,53.622,5.549,9.663,20.49,345.259,967.461,1639.712,2128.787,2789.722,3304.660,591.880,29.567,-1.799,,1.892,22:22:09
HFC_354.wav,92.019,91.28,87.53,103.485,83.578,19.907,22.183,84.385,66.333,2.336,28.394392209688654,353.913,500.674,1574.346,355.454,0.856,83.404,9.344,8.925,8.08,369.003,1081.358,1661.481,2036.115,2684.607,3153.861,556.972,31.420,-1.538,,0.856,22:22:14
HFC_355.wav,83.581,84.10,85.14,96.279,73.727,22.552,34.463,56.264,32.095,1.329,24.142232374290334,321.450,482.347,1636.681,315.767,2.257,54.950,11.522,4.769,14.55,345.608,1080.946,1659.670,2143.731,2766.071,3248.927,580.664,30.138,-1.981,,2.257,22:22:16
HFC_356.wav,90.183,83.59,82.27,105.424,80.767,24.657,14.564,97.877,87.466,4.888,17.89465583813439,272.173,375.682,625.131,356.038,1.023,57.086,5.865,9.733,15.26,326.406,905.129,1623.321,2017.108,2700.607,3287.276,592.174,29.552,-0.200,,1.023,22:22:21
HFC_357.wav,84.796,79.07,74.34,106.638,72.852,33.786,25.030,88.048,63.751,3.461,18.42176512102149,313.613,557.108,1383.660,297.817,1.589,47.017,9.124,5.153,12.64,391.843,1105.395,1635.127,2084.004,2709.208,3288.770,579.385,30.204,-1.181,,1.589,22:22:23
HFC_358.wav,83.382,87.28,84.76,104.978,70.774,34.204,9.566,68.130,62.223,2.427,25.63946169308909,322.771,528.547,1364.420,302.089,2.884,47.573,5.720,8.316,15.20,397.923,1031.306,1525.853,2033.607,2633.046,3199.505,560.316,31.232,-0.913,,2.884,22:22:27
HFC_359.wav,79.944,95.28,72.79,99.268,72.792,26.476,12.708,35.050,24.937,1.824,13.669264344120608,310.252,476.840,1340.863,305.727,1.919,40.778,9.643,4.229,16.32,365.509,1045.353,1603.620,2092.851,2736.383,3256.283,578.155,30.269,-1.222,,1.919,22:22:32
HFC_36.wav,85.259,78.61,88.20,88.292,78.608,9.684,64.369,23.738,19.891,1.732,11.483607860823902,351.377,727.102,2032.422,345.157,1.155,37.434,7.795,4.803,16.11,362.969,1227.020,1787.744,2263.412,2969.767,3420.946,611.595,28.614,-1.904,,1.155,22:02:16
HFC_360.wav,91.075,85.80,86.97,104.789,81.411,23.377,27.648,76.121,58.497,2.853,20.502861576391485,311.856,748.136,1638.081,262.650,2.103,46.945,11.175,4.201,7.17,402.779,1063.964,1674.665,2173.657,2808.763,3239.315,567.307,30.847,-1.171,,2.103,22:22:45
HFC_361.wav,80.298,105.82,100.94,105.815,71.405,34.410,3.515,78.795,67.704,2.649,25.562658965560708,308.678,602.205,1568.901,279.776,1.321,48.909,6.811,7.181,15.71,343.464,983.384,1666.945,2029.343,2636.932,3183.780,568.063,30.806,-1.880,,1.321,22:22:48
HFC_362.wav,86.948,100.14,97.12,102.390,70.573,31.817,8.791,122.179,92.610,3.689,25.10657805421829,301.540,596.109,1554.057,267.504,1.084,67.961,6.916,9.826,12.25,338.926,1049.763,1631.707,2026.621,2719.057,3218.203,575.855,30.390,-1.741,,1.084,22:22:50
HFC_363.wav,84.559,71.64,93.23,102.879,71.639,31.239,58.240,98.266,58.022,1.437,40.375352915958565,335.823,627.937,1434.352,383.743,1.392,60.601,10.419,5.817,4.05,383.618,1002.502,1626.630,2072.551,2680.766,3207.027,564.682,30.991,-1.184,,1.392,22:22:52
HFC_364.wav,81.607,101.87,92.24,109.685,70.347,39.338,10.534,146.415,104.589,21.800,4.797662814543775,355.895,573.386,1349.046,406.313,1.330,59.568,8.269,7.204,14.55,382.271,959.763,1617.066,2023.585,2575.780,3169.418,557.429,31.394,-1.395,unvoiced,1.330,22:22:54
HFC_365.wav,86.104,74.35,84.02,103.444,74.336,29.108,28.678,88.774,77.266,3.522,21.936313076154093,302.620,353.698,495.954,344.289,1.278,70.395,9.001,7.820,6.59,330.583,1027.791,1623.787,2156.942,2802.793,3364.595,606.802,28.840,0.000,,1.278,22:23:12
HFC_366.wav,84.269,97.76,92.75,102.461,71.442,31.019,11.470,91.308,70.110,4.380,16.00571210593164,285.334,355.409,699.864,279.129,1.256,57.602,7.566,7.613,16.32,323.838,975.524,1569.070,1976.546,2631.328,3172.023,569.637,30.721,-1.006,,1.256,22:23:14
HFC_367.wav,93.282,95.94,95.01,104.502,71.815,32.687,8.255,100.156,85.533,4.764,17.953151157394295,334.944,425.025,849.384,401.320,2.204,59.883,11.797,5.076,15.22,362.795,946.703,1559.548,1965.257,2678.147,3199.102,567.261,30.850,-1.272,,2.204,22:23:16
HFC_368.wav,90.246,103.77,75.78,106.388,75.784,30.604,29.001,81.289,41.568,1.667,24.941384303077257,326.743,403.540,1182.746,345.066,0.900,71.478,7.222,9.897,14.24,347.498,1084.818,1590.017,2092.169,2671.796,3264.853,583.471,29.993,-1.784,,0.900,22:23:26
HFC_369.wav,95.324,86.31,84.12,108.448,84.123,24.325,46.680,93.231,64.884,3.236,20.05379442319785,311.072,357.743,565.551,324.285,0.773,75.108,6.471,11.607,14.91,321.873,1054.189,1661.105,2094.559,2786.376,3317.368,599.099,29.211,-0.520,,0.773,22:23:34
HFC_37.wav,84.517,101.73,96.91,105.700,71.282,34.419,5.456,85.364,78.794,3.173,24.83001037146064,280.373,385.282,717.469,284.903,1.418,59.665,8.110,7.357,16.35,340.614,953.525,1560.491,2017.365,2653.099,3144.722,560.822,31.204,-0.898,,1.418,22:02:18
HFC_370.wav,104.216,86.33,105.65,109.291,86.327,22.964,78.647,31.654,24.752,1.042,23.761930781024812,315.842,361.242,834.166,312.856,1.440,64.222,5.903,10.880,15.04,332.241,1068.606,1608.145,2076.556,2750.797,3292.977,592.147,29.553,-1.247,,1.440,22:23:42
HFC_371.wav,81.498,83.66,97.00,98.055,71.082,26.973,32.399,72.947,54.255,2.588,20.961296366311828,297.935,365.887,817.569,289.625,1.159,65.932,8.196,8.044,15.01,337.597,945.828,1513.571,1945.271,2703.213,3173.393,567.159,30.856,-1.260,,1.159,22:23:45
HFC_372.wav,93.947,85.11,88.62,101.217,85.073,16.144,13.120,46.473,43.799,3.903,11.222749984509415,362.186,484.047,1474.505,367.859,1.409,60.183,11.708,5.140,14.29,371.671,931.906,1622.703,2018.761,2635.399,3163.917,558.449,31.337,-2.061,,1.409,22:23:46
HFC_373.wav,94.143,94.71,86.15,108.274,81.951,26.323,39.465,116.506,107.078,3.725,28.74345221209784,311.755,360.665,640.157,327.179,0.940,80.864,7.983,10.130,13.58,314.006,935.035,1654.195,2061.275,2689.978,3329.624,603.124,29.016,-0.493,,0.940,22:23:51
HFC_374.wav,92.964,84.39,91.61,102.912,80.604,22.308,9.439,87.284,80.263,3.996,20.085496984442177,330.243,418.308,941.221,370.525,1.251,67.254,8.791,7.650,14.21,358.363,961.879,1657.249,2008.521,2679.533,3232.811,574.890,30.441,-1.411,,1.251,22:23:53
HFC_375.wav,94.405,94.81,76.64,109.158,76.643,32.516,78.830,102.567,55.462,5.484,10.114351577885454,336.273,544.857,1614.132,348.615,1.185,79.871,9.702,8.233,8.79,370.686,1088.453,1643.519,2114.022,2727.612,3207.392,567.341,30.846,-1.389,,1.185,22:24:03
HFC_376.wav,87.075,99.39,88.45,103.408,71.438,31.970,4.459,92.989,85.284,4.567,18.674272344338064,331.559,596.758,1272.208,324.824,1.752,56.244,8.848,6.356,13.54,406.183,1051.033,1638.063,2113.290,2744.004,3235.513,565.866,30.926,-1.571,,1.752,22:24:04
HFC_377.wav,97.167,93.09,99.64,104.878,81.139,23.739,27.237,117.639,81.550,3.739,21.812216711117497,362.777,758.570,1589.898,385.853,1.739,58.497,8.915,6.561,7.95,395.492,1104.744,1671.805,2101.557,2740.322,3225.865,566.075,30.915,-1.326,,1.739,22:24:07
HFC_378.wav,82.271,100.31,83.11,100.346,71.670,28.676,5.848,75.132,54.773,4.431,12.360153056365727,304.311,489.439,1325.340,291.880,1.128,42.402,7.533,5.628,15.27,380.886,955.210,1536.066,1983.791,2721.136,3171.651,558.153,31.353,-1.194,,1.128,22:24:10
HFC_379.wav,97.464,96.52,97.21,102.584,80.996,21.588,58.016,74.453,63.427,3.650,17.37624049631652,445.742,842.057,1763.033,802.845,1.370,49.829,8.396,5.935,13.20,442.229,963.368,1608.657,2103.384,2787.767,3233.889,558.332,31.343,-0.907,,1.370,22:24:11
HFC_38.wav,88.141,101.78,73.02,105.269,73.017,32.252,51.307,85.291,46.895,2.185,21.46345459447363,368.464,479.283,1302.552,321.167,1.831,53.324,9.013,5.917,6.39,402.413,1063.450,1596.365,2047.616,2714.181,3226.537,564.825,30.983,-1.346,,1.831,22:02:20
HFC_380.wav,92.371,100.60,83.51,104.212,82.924,21.288,22.214,72.532,43.318,1.761,24.596426452435328,350.131,461.585,1645.777,350.319,0.852,89.345,7.045,12.683,13.00,357.106,1038.955,1679.286,2120.651,2735.518,3239.038,576.386,30.362,-2.170,,0.852,22:24:32
HFC_381.wav,96.452,83.13,77.63,105.258,77.627,27.631,74.341,75.052,65.132,3.440,18.93608964476985,375.875,617.132,1678.287,366.345,1.308,57.309,8.026,7.141,16.04,389.292,994.216,1648.789,2010.590,2717.859,3185.442,559.230,31.293,-1.901,,1.308,22:24:33
HFC_382.wav,90.654,95.97,92.38,104.654,80.831,23.823,13.894,88.986,68.224,5.099,13.378723471273963,298.212,519.488,1585.045,377.837,1.177,55.975,7.224,7.748,12.29,374.264,1016.127,1655.377,2086.571,2834.180,3268.550,578.857,30.232,-1.586,,1.177,22:24:36
HFC_383.wav,97.024,94.77,100.58,109.969,77.510,32.460,21.595,229.725,106.261,35.296,3.0105878715497125,357.147,597.986,1780.299,379.918,1.062,81.748,8.000,10.218,11.87,364.439,1070.332,1684.290,2073.348,2703.550,3213.123,569.737,30.716,-1.911,unvoiced,1.062,22:24:59
HFC_384.wav,91.433,82.16,87.56,106.277,82.160,24.117,25.738,56.341,48.769,2.971,16.415155910380307,346.568,397.620,957.317,346.379,1.515,75.486,8.583,8.795,15.42,357.982,1023.986,1626.000,2074.920,2706.314,3257.001,579.804,30.183,-1.868,,1.515,22:25:11
HFC_385.wav,81.582,105.71,79.76,105.708,72.268,33.440,3.692,73.189,65.905,3.155,20.89023987163711,310.179,407.231,1461.841,310.763,1.585,71.035,7.887,9.007,15.07,346.497,995.384,1666.566,2051.758,2760.899,3238.427,578.386,30.257,-1.858,,1.585,22:25:17
HFC_386.wav,86.572,75.33,83.18,94.700,75.328,19.372,45.976,66.755,63.246,3.325,19.020461121379924,177.890,286.326,1512.710,174.007,0.601,35.949,5.819,6.178,12.10,259.984,982.697,1541.299,2303.200,2991.377,3560.222,660.047,26.513,-2.674,,0.601,22:25:23
HFC_387.wav,93.973,80.78,97.35,102.444,80.783,21.661,52.600,68.413,61.781,1.111,55.60322126830226,324.864,526.814,1486.889,294.991,0.900,58.330,6.111,9.545,11.64,349.079,1098.949,1676.669,2143.011,2840.276,3365.958,603.376,29.003,-1.187,,0.900,22:25:25
HFC_388.wav,86.790,77.50,101.40,101.649,73.682,27.967,82.424,74.785,63.082,3.663,17.22143813345517,314.548,399.922,1387.852,314.542,1.501,72.499,8.325,8.709,12.56,336.126,1094.942,1671.411,2165.134,2737.264,3265.511,585.877,29.870,-2.154,,1.501,22:25:27
HFC_389.wav,86.392,92.46,89.89,104.274,77.250,27.024,49.222,50.270,31.222,2.346,13.306507063657124,327.934,415.615,1548.924,322.146,2.770,56.794,10.288,5.520,16.85,344.572,1056.508,1698.081,2100.996,2763.103,3257.813,582.648,30.035,-2.205,,2.770,22:25:29
HFC_39.wav,94.648,90.71,81.46,103.336,80.724,22.612,59.416,105.467,79.153,2.738,28.912188500621262,368.382,463.902,1410.078,377.796,0.913,78.094,9.856,7.924,10.86,370.223,1017.075,1593.417,2024.997,2670.082,3242.229,574.401,30.467,-1.773,,0.913,22:02:31
HFC_390.wav,89.295,83.15,87.42,103.851,73.186,30.665,11.763,47.026,40.298,2.430,16.583097447536836,350.696,601.932,1649.438,311.663,3.086,53.210,6.642,8.011,17.48,382.151,1016.995,1653.290,2127.116,2771.647,3284.649,580.499,30.146,-1.698,,3.086,22:25:36
HFC_391.wav,89.038,106.40,80.55,106.422,71.386,35.036,13.363,148.090,109.465,3.817,28.675132447836333,303.800,516.799,1427.725,370.504,0.786,49.679,8.907,5.577,9.90,366.839,1048.736,1617.133,2055.171,2784.698,3242.944,575.221,30.423,-1.111,,0.786,22:25:39
HFC_392.wav,95.106,99.93,92.59,103.446,82.710,20.736,37.641,83.485,80.804,4.150,19.4719858874157,365.118,520.119,1449.658,351.061,1.084,68.833,8.300,8.294,12.34,382.763,1068.556,1615.082,2072.152,2839.129,3311.926,585.833,29.872,-1.724,,1.084,22:25:40
HFC_393.wav,95.920,84.22,77.62,109.929,71.413,38.515,8.050,206.576,160.306,22.778,7.037906254220269,447.579,872.238,1587.130,849.039,1.120,32.247,8.486,3.800,11.94,473.067,1037.098,1605.737,2071.763,2663.944,3149.874,535.361,32.688,-0.943,unvoiced,1.120,22:25:41
HFC_394.wav,86.316,85.53,75.48,105.055,71.532,33.523,24.404,49.735,40.802,1.203,33.923170485378236,374.176,493.838,1582.734,400.928,3.326,48.824,9.622,5.074,15.04,401.159,1035.795,1651.768,2103.815,2805.132,3289.131,577.594,30.298,-1.634,,3.326,22:25:42
HFC_395.wav,79.951,103.27,96.20,103.273,71.374,31.898,10.729,97.944,69.596,2.182,31.899454135741838,290.516,519.297,1111.017,275.450,1.146,59.526,4.800,12.402,15.80,335.163,937.538,1570.878,2006.820,2680.610,3214.177,575.803,30.392,-1.108,,1.146,22:25:46
HFC_396.wav,82.228,102.38,87.54,104.698,70.814,33.885,15.065,100.768,71.151,3.289,21.631615439094173,314.400,558.475,1197.920,290.491,1.216,56.132,6.167,9.102,14.43,361.922,956.503,1604.052,2060.183,2802.264,3245.535,576.723,30.344,-1.285,,1.216,22:25:48
HFC_397.wav,82.614,89.66,83.74,104.273,70.633,33.640,11.739,107.935,88.858,3.087,28.781600520097893,372.528,836.651,1652.238,319.423,1.458,52.671,5.146,10.236,12.24,464.919,1000.900,1642.055,2121.679,2824.131,3294.136,565.843,30.927,-1.086,,1.458,22:25:50
HFC_398.wav,91.132,80.91,87.35,102.902,80.598,22.304,28.717,77.304,64.872,2.305,28.139069151416567,348.025,563.102,1650.317,354.945,1.084,80.328,7.838,10.248,11.55,373.842,1077.364,1649.642,2084.928,2765.268,3284.057,582.043,30.067,-1.831,,1.084,22:25:54
HFC_399.wav,96.429,101.70,101.25,109.856,77.592,32.264,10.764,93.639,58.229,19.690,2.95731815532088,363.647,452.890,1427.316,385.731,2.235,56.536,9.174,6.163,20.37,384.524,1007.665,1629.297,2124.469,2755.665,3275.262,578.148,30.269,-2.320,unvoiced,2.235,22:25:55
HFC_40.wav,97.580,84.33,95.23,102.836,84.329,18.507,13.075,57.341,46.363,2.588,17.912266972191137,392.690,411.250,475.684,393.871,1.352,76.764,9.244,8.304,19.95,387.036,924.473,1535.876,2030.758,2678.385,3245.832,571.759,30.607,-1.314,,1.352,22:02:32
HFC_400.wav,90.437,83.61,101.07,103.323,73.020,30.303,8.726,52.968,48.701,2.716,17.92968401507657,346.516,423.895,990.989,379.533,2.577,52.171,8.537,6.111,20.29,363.985,1050.594,1710.397,2155.607,2827.063,3312.934,589.790,29.672,-2.207,,2.577,22:25:59
HFC_401.wav,79.247,99.47,77.70,100.828,73.682,27.146,17.943,43.481,28.005,1.991,14.065372252691095,309.498,387.193,1234.377,306.580,1.256,55.663,4.779,11.649,18.53,356.542,1043.362,1612.666,2025.384,2681.659,3260.773,580.846,30.128,-1.552,,1.256,22:26:01
HFC_402.wav,80.819,94.58,86.68,99.716,72.532,27.185,9.032,37.295,24.698,2.649,9.325248663711315,326.030,560.875,1468.037,314.033,1.888,42.488,9.005,4.718,17.04,378.109,1041.900,1615.657,2100.157,2685.982,3261.449,576.668,30.347,-1.130,,1.888,22:26:03
HFC_403.wav,95.580,82.24,93.44,103.122,82.238,20.883,25.034,62.415,44.164,2.126,20.773919278308153,359.839,493.579,1393.213,358.334,1.646,81.043,7.289,11.119,16.81,450.967,1031.153,1629.776,2110.984,2815.497,3324.531,574.713,30.450,-1.770,,1.646,22:26:07
HFC_404.wav,80.279,107.44,91.38,107.436,72.626,34.810,15.575,58.802,34.214,0.921,37.15165009204623,312.077,493.317,1395.074,309.094,1.629,47.514,5.833,8.146,16.49,352.786,1043.454,1644.263,2090.414,2737.314,3296.402,588.723,29.725,-1.426,,1.629,22:26:12
HFC_405.wav,82.590,81.85,92.72,103.564,72.215,31.349,15.827,71.501,52.437,2.680,19.56801293130825,312.540,448.582,1373.251,307.937,1.493,62.796,8.374,7.499,14.90,361.098,1045.053,1699.010,2099.806,2829.352,3317.977,591.376,29.592,-1.571,,1.493,22:26:15
HFC_406.wav,88.233,79.47,77.41,99.305,77.410,21.895,45.795,56.599,34.221,2.920,11.718741423185177,364.379,473.084,1312.082,375.041,1.883,56.557,11.150,5.073,11.48,420.908,998.620,1573.628,2031.467,2718.872,3261.490,568.116,30.804,-1.414,,1.883,22:26:19
HFC_407.wav,93.088,92.49,89.87,97.684,88.648,9.036,39.014,37.633,16.586,1.117,14.854675901212687,278.388,394.565,905.511,384.779,0.896,54.238,8.374,6.477,13.90,340.554,945.538,1560.195,1959.386,2694.979,3215.971,575.083,30.430,-1.056,,0.896,22:26:21
HFC_408.wav,90.528,99.13,76.90,103.428,71.381,32.047,5.417,135.058,115.614,3.069,37.67348211688735,319.582,429.454,1078.935,385.272,1.466,68.396,8.525,8.023,12.17,358.957,965.564,1578.763,1990.065,2692.856,3242.863,576.781,30.341,-1.686,,1.466,22:26:23
HFC_409.wav,93.052,93.35,92.51,108.476,82.894,25.582,75.576,81.624,76.435,2.476,30.872583346026246,331.107,378.532,920.404,330.135,1.212,40.750,6.602,6.172,21.00,332.976,1126.463,1659.925,2018.917,2716.909,3294.034,592.212,29.550,-2.459,,1.212,22:26:30
HFC_41.wav,84.164,95.04,79.34,105.482,72.656,32.825,12.609,90.615,64.682,1.847,35.02327060621501,330.536,943.388,1823.560,313.562,1.624,52.270,5.848,8.938,12.74,402.803,1199.490,1734.711,2270.987,2822.596,3327.159,584.871,29.921,-1.028,,1.624,22:02:35
HFC_410.wav,95.902,101.51,75.37,103.510,75.369,28.141,65.651,66.475,64.209,2.649,24.242780917147638,375.143,414.709,698.013,375.939,0.944,81.406,8.475,9.605,17.77,383.424,954.015,1513.102,2025.370,2705.025,3245.433,572.402,30.573,-1.567,,0.944,22:26:31
HFC_411.wav,93.338,97.34,91.33,106.921,73.196,33.725,52.912,82.965,78.614,4.137,19.00082685291023,353.770,500.348,1596.338,375.430,2.296,36.795,9.799,3.755,20.64,366.602,1054.740,1591.130,1974.681,2720.306,3274.615,581.603,30.089,-2.595,,2.296,22:26:32
HFC_412.wav,89.977,87.00,100.77,102.486,72.935,29.552,17.422,67.362,49.830,2.412,20.658085143290542,339.216,462.705,1371.472,369.130,2.902,48.923,9.304,5.258,16.97,369.443,1022.651,1643.247,2065.972,2675.589,3210.029,568.117,30.804,-1.852,,2.902,22:26:36
HFC_413.wav,92.998,78.51,83.61,107.107,78.509,28.598,36.854,75.174,60.934,2.046,29.783600808497372,309.868,791.356,1705.550,322.633,1.466,61.989,7.843,7.904,8.83,423.499,1098.621,1770.655,2224.343,2945.299,3390.491,593.398,29.491,-1.097,,1.466,22:26:45
HFC_414.wav,82.146,100.34,82.78,101.127,71.910,29.217,10.043,60.517,45.012,2.911,15.463253982913468,312.803,423.283,1387.388,308.639,1.374,52.181,6.186,8.436,18.55,343.983,1060.951,1649.665,2107.541,2708.080,3231.710,577.545,30.301,-1.709,,1.374,22:26:48
HFC_415.wav,83.720,90.22,95.23,102.148,71.573,30.575,6.976,68.996,63.835,3.383,18.870688366964675,329.828,791.417,1443.221,317.506,1.774,52.069,8.739,5.958,11.85,411.796,1102.141,1657.725,2086.676,2761.991,3280.960,573.833,30.497,-1.115,,1.774,22:26:50
HFC_416.wav,84.346,75.87,73.94,90.387,73.945,16.442,67.618,34.533,33.717,1.102,30.592011359070955,317.610,601.454,1754.628,344.407,1.361,39.071,9.185,4.254,9.16,368.720,1120.773,1602.787,2135.242,2785.417,3324.836,591.223,29.600,-1.191,,1.361,22:27:08
HFC_417.wav,96.806,92.56,94.99,109.756,77.835,31.921,35.015,160.808,85.158,19.040,4.472510623989745,371.189,598.555,1643.210,394.180,1.418,57.571,11.283,5.102,11.96,390.298,1091.728,1645.317,2132.219,2678.372,3242.149,570.370,30.682,-1.094,unvoiced,1.418,22:27:12
HFC_418.wav,79.472,102.41,93.39,104.630,70.604,34.026,6.427,72.508,56.257,2.487,22.623749827740646,311.978,602.961,1256.442,301.193,2.011,45.288,9.201,4.922,12.68,406.082,956.218,1591.411,2060.329,2588.912,3174.293,553.642,31.609,-0.967,,2.011,22:27:14
HFC_419.wav,79.657,97.26,88.37,101.422,71.100,30.323,6.803,53.018,45.400,2.329,19.488971479282153,338.998,613.453,1357.778,305.204,1.932,55.521,5.435,10.214,16.73,425.856,1001.708,1557.565,1997.266,2593.427,3147.148,544.258,32.154,-0.892,,1.932,22:27:16
HFC_42.wav,89.679,89.26,88.13,104.226,72.053,32.173,59.833,116.028,92.989,4.411,21.080222139262897,309.137,429.098,1552.294,302.123,1.247,82.742,10.025,8.253,11.08,341.808,949.830,1631.980,2058.555,2744.748,3206.456,572.930,30.545,-2.259,,1.247,22:02:50
HFC_420.wav,93.238,71.19,99.99,108.830,71.191,37.639,49.038,115.665,106.747,3.438,31.048086676961457,314.214,408.532,1518.028,325.597,1.163,82.707,6.876,12.028,12.79,321.891,1101.597,1678.580,2134.772,2674.944,3245.727,584.767,29.926,-1.927,,1.163,22:27:20
HFC_421.wav,83.038,80.33,104.29,105.406,75.939,29.467,98.488,67.260,66.383,8.368,7.9328717480385675,301.725,401.449,1048.447,346.310,2.450,32.123,14.695,2.186,8.56,336.987,664.448,1470.453,2005.021,2703.775,3537.716,640.146,27.338,-1.024,,2.450,22:27:32
HFC_422.wav,95.710,85.45,80.00,109.059,79.999,29.060,37.953,130.739,124.880,1.877,66.52361847907243,327.247,341.734,385.651,324.395,0.799,75.571,6.257,12.077,17.33,328.306,981.327,1718.082,2200.433,2835.606,3399.205,614.180,28.493,-0.346,,0.799,22:27:36
HFC_423.wav,91.130,84.10,96.86,96.857,82.919,13.937,97.198,42.832,40.843,1.074,38.013965427221876,365.531,445.551,1729.343,366.559,0.931,71.946,6.447,11.160,10.86,370.993,1104.528,1693.421,2223.022,2839.359,3404.542,606.710,28.844,-2.305,,0.931,22:28:06
HFC_424.wav,88.094,95.56,105.31,106.177,72.711,33.466,19.319,106.100,73.919,4.090,18.073711561194468,322.806,437.152,1621.737,344.503,1.589,76.192,8.809,8.649,9.96,355.732,1042.224,1664.152,2173.514,2737.191,3263.709,581.595,30.090,-1.844,,1.589,22:28:14
HFC_425.wav,92.110,98.40,74.72,104.055,74.720,29.335,16.576,125.660,88.652,3.828,23.15751082004073,335.218,429.295,1205.477,358.856,1.045,85.015,9.092,9.351,11.98,363.465,991.185,1600.546,2063.208,2705.214,3264.739,580.255,30.159,-1.876,,1.045,22:28:17
HFC_426.wav,87.941,96.96,94.28,104.234,70.734,33.500,13.288,130.836,110.156,2.945,37.39973493078791,318.859,769.355,1567.068,286.344,1.019,52.585,9.327,5.638,11.51,410.028,1051.419,1636.652,2074.597,2719.553,3191.291,556.253,31.461,-1.262,,1.019,22:28:18
HFC_427.wav,86.667,96.96,85.83,104.662,70.646,34.016,56.828,98.908,82.454,3.591,22.961068431283746,311.585,569.772,1284.989,310.459,1.949,50.589,11.543,4.383,12.59,373.204,1000.998,1610.378,2046.363,2710.148,3216.093,568.578,30.779,-1.587,,1.949,22:28:20
HFC_428.wav,85.843,95.96,94.85,105.551,71.308,34.243,14.825,114.916,96.967,3.242,29.906376088846933,307.708,473.894,1312.307,283.279,1.234,60.883,7.701,7.906,14.74,346.111,987.913,1603.311,2064.084,2710.176,3211.408,573.059,30.538,-1.595,,1.234,22:28:23
HFC_429.wav,86.951,89.86,90.80,102.901,70.831,32.070,17.045,83.443,66.047,3.853,17.140059329896594,324.708,614.522,1555.953,381.795,2.336,63.990,9.419,6.793,8.60,381.591,1097.987,1657.051,2104.151,2722.310,3226.242,568.930,30.759,-1.376,,2.336,22:28:24
HFC_43.wav,85.182,102.66,77.28,105.144,73.993,31.151,9.912,68.931,47.433,4.588,10.338778570691376,331.060,711.678,1623.763,318.906,1.853,54.798,8.906,6.153,7.31,394.951,1109.406,1665.794,2137.270,2731.437,3226.496,566.309,30.902,-1.144,,1.853,22:02:51
HFC_430.wav,85.960,86.91,91.74,102.857,72.733,30.124,14.683,81.085,64.737,3.439,18.824984094315838,349.346,634.870,1612.966,376.642,2.472,58.513,10.317,5.672,10.51,401.767,1111.715,1623.887,2114.228,2731.703,3228.885,565.424,30.950,-1.534,,2.472,22:28:27
HFC_431.wav,89.962,86.14,83.68,106.318,74.895,31.423,27.096,98.574,82.633,4.058,20.36437676425461,341.872,783.978,1887.491,348.170,1.848,67.080,11.632,5.767,4.64,362.777,1111.115,1733.205,2090.635,2837.016,3179.918,563.428,31.060,-1.438,,1.848,22:28:32
HFC_432.wav,89.570,86.16,92.22,102.693,73.946,28.747,33.047,101.298,67.729,2.199,30.805157439078975,362.219,656.247,1887.359,360.276,1.137,93.841,8.355,11.232,11.98,371.072,1070.935,1704.754,2130.522,2782.015,3271.527,580.091,30.168,-1.806,,1.137,22:28:35
HFC_433.wav,87.486,86.52,95.87,104.426,70.811,33.615,16.650,103.254,86.274,2.547,33.87310185326386,392.286,1181.881,2007.368,378.178,1.374,55.841,7.641,7.308,15.67,406.960,1200.623,1757.815,2288.023,2890.802,3371.822,592.972,29.512,-1.558,,1.374,22:28:37
HFC_434.wav,85.562,90.93,86.55,105.521,72.370,33.151,20.615,94.457,60.717,2.865,21.19158803477426,310.787,443.265,1491.031,307.916,1.396,55.107,5.372,10.258,17.08,353.294,1092.466,1662.414,2044.268,2731.179,3276.447,584.631,29.933,-1.722,,1.396,22:28:40
HFC_435.wav,96.869,96.35,83.84,104.378,83.841,20.536,29.939,87.875,43.524,1.619,26.878937037703356,381.686,546.268,1704.243,377.900,0.926,81.115,9.716,8.349,14.30,367.577,1070.488,1663.006,2047.290,2735.578,3279.169,582.318,30.052,-2.287,,0.926,22:28:49
HFC_436.wav,97.522,84.20,80.14,101.832,80.136,21.696,51.011,31.366,13.143,0.952,13.81018891173874,399.741,412.303,458.147,390.144,1.576,58.124,2.855,20.358,28.42,386.548,815.879,1657.090,2063.125,2639.145,3212.693,565.229,30.961,-2.388,,1.576,22:28:50
HFC_437.wav,94.330,88.72,76.16,103.578,76.165,27.413,25.103,80.559,42.570,1.329,32.02170203285519,375.881,465.189,1634.959,368.435,1.128,68.934,7.090,9.723,17.88,366.346,1044.586,1720.336,2089.130,2687.451,3219.508,570.632,30.668,-2.381,,1.128,22:29:00
HFC_438.wav,82.741,98.95,87.12,105.886,73.231,32.655,16.708,126.154,73.427,2.467,29.764777531569692,300.031,486.894,1423.369,301.772,1.216,65.683,6.167,10.650,13.01,333.934,1090.096,1658.074,2150.608,2782.205,3341.739,601.561,29.091,-1.509,,1.216,22:29:11
HFC_439.wav,84.372,94.72,102.82,102.818,74.782,28.035,95.701,59.769,47.335,3.155,15.00386962891669,311.603,430.307,1390.563,308.626,1.585,53.298,9.780,5.450,16.04,345.330,1093.460,1633.444,2095.996,2731.655,3251.028,581.140,30.113,-1.491,,1.585,22:29:13
HFC_44.wav,91.788,105.25,95.02,105.311,76.104,29.207,17.756,68.336,37.808,3.796,9.959182350469877,356.640,435.860,1294.111,358.205,1.976,73.375,10.376,7.071,15.08,362.000,1002.627,1677.385,2093.382,2711.398,3230.474,573.695,30.504,-2.114,,1.976,22:02:57
HFC_440.wav,83.355,86.23,88.02,99.170,73.173,25.996,10.809,56.519,43.748,2.094,20.886986590854995,314.943,581.467,1546.141,317.939,1.910,53.609,6.807,7.875,9.74,374.834,1074.473,1651.637,2085.078,2724.431,3247.975,574.628,30.454,-1.293,,1.910,22:29:16
HFC_441.wav,82.284,94.49,79.59,100.900,72.740,28.159,11.921,47.451,39.667,1.382,28.699907872668767,310.649,569.492,1508.000,310.084,1.809,58.508,6.911,8.466,14.26,391.450,1083.740,1663.253,2137.720,2747.493,3264.896,574.689,30.451,-1.260,,1.809,22:29:21
HFC_442.wav,83.071,80.94,76.29,101.690,72.364,29.326,52.912,58.648,45.088,2.074,21.734680787387997,309.421,403.153,1494.400,305.511,2.410,65.138,10.580,6.157,11.84,351.999,919.501,1578.889,2117.463,2728.809,3352.333,600.067,29.163,-2.127,,2.410,22:29:28
HFC_443.wav,105.085,108.09,103.45,109.935,79.927,30.008,53.022,619.157,0.000,0.000,--undefined--,313.151,481.956,1596.789,309.616,2.305,43.778,9.328,4.693,17.26,330.214,1050.582,1663.223,2146.383,2771.921,3378.763,609.710,28.702,-1.733,unvoiced,2.305,22:29:37
HFC_444.wav,84.095,93.98,76.92,103.113,76.861,26.252,7.456,59.390,47.163,3.927,12.009443069278445,341.610,819.750,1583.562,312.005,1.655,36.161,6.948,5.204,15.56,465.695,1084.794,1669.490,2227.496,2803.034,3307.182,568.297,30.794,-1.070,,1.655,22:29:40
HFC_445.wav,91.248,80.30,78.77,105.005,78.767,26.238,21.336,83.728,77.737,4.167,18.656991296173928,319.201,382.492,517.910,369.002,1.080,72.683,6.481,11.214,14.86,338.099,739.737,1556.364,2023.830,2693.393,3266.953,585.771,29.875,-0.283,,1.080,22:29:48
HFC_446.wav,94.065,93.17,79.63,103.003,79.627,23.376,15.818,98.727,82.279,4.399,18.703755591863384,325.363,426.254,1187.980,374.207,1.023,85.291,6.843,12.464,12.02,358.792,934.206,1634.802,2037.701,2689.268,3231.799,574.601,30.456,-1.956,,1.023,22:29:50
HFC_447.wav,82.679,103.41,75.26,103.411,72.694,30.717,3.103,97.367,86.847,3.400,25.54602487531652,293.905,339.070,567.985,293.458,1.177,66.738,7.224,9.238,15.86,337.524,787.695,1551.492,1924.279,2578.125,3185.274,569.550,30.726,-0.715,,1.177,22:29:51
HFC_448.wav,98.597,99.56,83.72,109.618,70.653,38.965,12.348,176.219,71.204,11.988,5.939562025460302,322.281,576.176,1443.248,317.511,1.418,59.014,7.404,7.970,12.85,380.855,1057.289,1630.550,2191.098,2678.371,3230.911,570.011,30.701,-1.228,unvoiced,1.418,22:29:54
HFC_45.wav,93.711,99.75,100.44,108.331,77.010,31.322,12.408,54.713,50.635,3.296,15.363622211636843,335.667,444.972,1146.181,318.380,4.096,61.404,7.934,7.739,16.64,370.074,1017.884,1638.359,2039.866,2662.114,3180.959,562.177,31.129,-1.569,,4.096,22:02:59
HFC_46.wav,86.813,95.13,95.62,105.506,71.102,34.403,12.238,94.988,77.909,3.674,21.206345325136706,285.457,447.646,1180.094,278.860,1.089,57.036,8.725,6.537,14.10,324.012,992.630,1607.503,2072.025,2721.392,3192.713,573.740,30.502,-1.600,,1.089,22:03:05
HFC_47.wav,88.873,75.86,73.10,105.098,73.099,31.999,46.299,103.963,88.820,2.287,38.83826119841477,335.082,560.663,1607.667,337.228,1.093,66.854,6.861,9.744,8.59,347.993,1095.117,1651.317,2081.755,2703.133,3217.306,573.863,30.495,-1.666,,1.093,22:03:12
HFC_48.wav,95.156,80.67,77.97,105.747,77.942,27.805,41.684,54.616,45.818,1.413,32.42616711208343,359.724,893.914,1739.836,327.048,1.769,45.739,8.761,5.221,10.33,397.399,1109.363,1703.508,2075.195,2714.064,3213.251,563.170,31.074,-1.205,,1.769,22:03:20
HFC_49.wav,84.552,88.67,102.90,102.988,72.448,30.540,16.176,111.584,85.368,3.887,21.9626217555319,307.966,485.463,1480.137,307.291,1.286,63.140,6.608,9.555,11.68,361.349,1100.609,1672.944,2208.130,2846.221,3352.661,598.262,29.251,-1.350,,1.286,22:03:23
HFC_50.wav,89.002,92.51,72.62,105.659,72.618,33.041,76.630,85.378,80.411,4.645,17.312548340633715,337.636,714.115,1761.233,321.379,2.691,58.879,10.218,5.762,11.18,394.025,1053.163,1673.263,2103.821,2782.958,3246.241,570.443,30.678,-1.329,,2.691,22:03:25
HFC_51.wav,86.145,100.97,76.49,104.199,72.277,31.922,14.208,67.818,47.487,2.071,22.93279988622797,362.551,510.630,1520.358,375.730,2.898,40.932,8.455,4.841,15.38,417.090,1055.613,1670.933,2135.231,2719.613,3255.974,567.777,30.822,-1.349,,2.898,22:03:29
HFC_52.wav,92.461,91.84,79.87,108.273,78.181,30.092,12.110,89.621,86.777,3.308,26.233115488794812,290.740,409.849,1138.201,369.661,1.058,49.025,8.033,6.103,12.29,348.353,969.290,1650.768,2053.090,2681.406,3192.853,568.900,30.761,-1.292,,1.058,22:03:34
HFC_53.wav,84.943,97.27,75.99,106.208,73.930,32.278,73.018,46.543,40.835,3.578,11.413917835794841,325.845,469.183,1422.518,328.335,2.516,47.999,9.342,5.138,16.64,359.599,1073.574,1689.528,2107.103,2751.738,3233.721,574.824,30.444,-1.706,,2.516,22:03:35
HFC_54.wav,84.330,104.34,76.77,104.750,72.535,32.215,4.647,83.970,70.500,4.978,14.163502863323197,331.421,541.718,1269.603,301.922,2.511,55.472,12.942,4.286,9.50,390.932,1025.948,1571.613,2001.912,2687.290,3198.876,561.589,31.162,-1.395,,2.511,22:03:39
HFC_55.wav,88.332,98.69,98.61,103.985,72.539,31.446,4.373,61.377,55.318,3.323,16.647089174728322,375.161,466.729,1206.083,392.074,3.310,53.903,11.328,4.758,13.25,391.626,959.191,1607.184,2050.711,2656.276,3195.459,560.767,31.207,-1.566,,3.310,22:03:41
HFC_56.wav,83.590,88.85,74.73,104.022,73.136,30.886,20.632,58.433,47.562,2.605,18.261492771086125,341.001,696.179,1288.646,308.599,2.112,40.627,10.418,3.900,13.54,408.683,973.933,1688.387,2107.466,2669.800,3258.281,569.920,30.706,-0.922,,2.112,22:03:45
HFC_57.wav,86.753,105.57,77.99,108.638,72.041,36.597,11.343,73.049,56.875,4.224,13.465137168041279,321.552,482.096,1257.039,387.023,3.196,56.350,9.543,5.905,13.75,356.109,1027.402,1597.824,2026.890,2658.606,3190.077,566.793,30.875,-1.682,,3.196,22:03:48
HFC_58.wav,86.195,86.54,84.52,103.765,71.382,32.382,62.345,89.646,80.691,4.493,17.958152237833534,307.523,544.417,1166.233,297.925,2.893,74.287,10.542,7.047,10.63,380.073,1024.418,1624.288,2067.897,2672.019,3206.686,565.323,30.956,-1.264,,2.893,22:03:51
HFC_59.wav,79.241,88.02,76.81,102.131,71.690,30.441,14.224,59.590,45.009,2.449,18.377192250485276,301.061,415.320,1224.839,305.957,1.225,63.535,9.389,6.767,13.67,384.524,1002.280,1588.475,2080.519,2700.452,3238.360,570.767,30.660,-1.223,,1.225,22:03:55
HFC_60.wav,81.983,101.61,75.73,103.557,72.774,30.783,9.924,96.373,65.661,3.269,20.0830130783148,302.641,463.311,1140.459,299.257,1.835,69.009,11.171,6.178,10.91,376.638,994.630,1584.798,2022.089,2687.119,3194.621,563.597,31.051,-1.002,,1.835,22:04:00
HFC_61.wav,83.403,99.04,99.02,100.900,71.949,28.951,7.568,82.159,66.170,2.997,22.078733018671684,305.845,470.010,1198.209,306.041,1.001,69.823,8.492,8.223,12.17,366.852,978.663,1528.083,2016.993,2702.918,3162.944,559.218,31.294,-1.325,,1.001,22:04:02
HFC_62.wav,97.109,88.33,98.05,109.485,74.676,34.809,10.563,168.708,112.725,24.250,4.648506808320667,335.873,549.898,1322.238,410.562,1.155,44.217,8.228,5.374,13.59,364.140,1014.855,1579.833,2018.140,2688.539,3198.128,566.798,30.875,-1.401,unvoiced,1.155,22:04:04
HFC_63.wav,83.326,101.75,86.32,105.314,70.853,34.461,5.395,76.493,64.731,3.491,18.543066667384338,338.689,501.796,1298.210,304.750,2.292,45.263,7.636,5.927,16.06,366.015,1031.685,1529.328,1976.705,2612.383,3176.394,562.076,31.135,-1.288,,2.292,22:04:06
HFC_64.wav,80.621,98.98,92.99,104.024,72.085,31.939,5.599,71.830,59.536,2.936,20.27549759771052,310.376,487.703,1359.342,306.738,2.384,42.308,10.697,3.955,14.95,376.424,1020.630,1543.584,1966.457,2635.796,3192.200,563.155,31.075,-1.304,,2.384,22:04:09
HFC_65.wav,93.443,84.33,83.07,106.075,81.906,24.169,57.895,100.125,91.201,2.301,39.639200500859225,345.262,524.336,1601.543,347.615,0.869,94.905,9.203,10.312,8.08,359.966,1123.412,1603.207,2115.387,2671.585,3142.397,556.486,31.447,-1.509,,0.869,22:04:12
HFC_66.wav,95.035,91.48,73.80,107.215,73.798,33.417,62.292,114.591,70.869,1.216,58.28640821816935,443.013,1187.940,1895.965,363.333,1.234,53.842,6.890,7.814,10.21,443.533,1144.684,1680.115,2180.293,2781.471,3260.907,563.475,31.057,-0.979,,1.234,22:04:16
HFC_67.wav,81.250,77.95,74.53,101.931,72.166,29.765,15.516,82.957,69.429,2.008,34.57467384628978,304.150,415.832,1127.384,306.656,1.743,51.780,8.893,5.823,13.74,347.642,979.522,1568.448,2054.370,2655.888,3162.876,563.047,31.081,-1.171,,1.743,22:04:18
HFC_68.wav,88.408,87.93,85.24,99.834,70.670,29.164,12.727,101.320,83.866,4.133,20.29177435334004,270.569,388.571,870.495,349.608,1.089,63.644,8.725,7.294,12.14,342.646,974.775,1568.144,2011.918,2645.008,3255.170,582.505,30.043,-0.973,,1.089,22:04:25
HFC_69.wav,82.753,97.69,89.88,100.134,70.668,29.466,4.200,92.926,86.124,2.594,33.19775449354883,282.295,384.191,746.585,289.438,1.927,46.595,8.561,5.443,13.32,335.002,960.289,1557.449,2037.371,2672.356,3150.943,563.188,31.073,-0.696,,1.927,22:04:26
HFC_70.wav,89.957,102.00,87.55,106.768,76.165,30.603,71.767,81.293,74.068,3.496,21.188150944036625,315.575,390.908,942.368,315.717,2.718,50.098,11.959,4.189,10.65,342.965,946.938,1587.911,2049.410,2702.499,3223.317,576.070,30.378,-1.729,,2.718,22:04:37
HFC_71.wav,94.278,101.31,86.32,103.872,83.221,20.651,5.968,50.815,43.698,3.306,13.216283802375521,363.646,394.692,483.866,369.898,1.361,45.386,7.715,5.883,21.74,370.557,952.756,1568.942,2068.381,2706.968,3242.609,574.410,30.466,-1.035,,1.361,22:04:40
HFC_72.wav,82.186,102.00,86.95,109.834,70.339,39.496,4.572,165.304,107.481,28.737,3.7402124300068826,350.263,499.229,1269.254,401.850,3.306,50.468,8.470,5.959,16.30,366.700,995.423,1568.673,2079.549,2656.272,3222.072,571.074,30.644,-1.489,unvoiced,3.306,22:04:42
HFC_73.wav,83.660,99.04,80.09,106.952,72.115,34.837,9.852,65.237,52.504,3.146,16.688625011656935,324.191,423.528,1178.069,332.349,2.384,58.077,11.116,5.225,13.11,348.128,994.806,1649.323,2079.553,2714.167,3270.063,584.387,29.946,-1.564,,2.384,22:04:51
HFC_74.wav,81.894,91.12,76.00,103.261,71.115,32.146,11.938,102.466,79.114,4.289,18.44726591310827,289.923,421.089,1325.444,285.311,1.049,66.883,6.195,10.797,11.87,335.925,1056.118,1628.250,1995.688,2681.409,3230.430,578.901,30.230,-1.615,,1.049,22:04:53
HFC_75.wav,86.096,92.70,75.31,101.139,70.340,30.799,75.793,218.554,101.900,32.142,3.170268517522264,331.474,424.720,924.788,401.658,1.260,63.787,7.540,8.460,7.35,359.428,1009.293,1581.719,2050.287,2669.584,3194.160,566.946,30.867,-1.372,unvoiced,1.260,22:05:00
HFC_76.wav,94.787,84.56,75.83,103.446,75.833,27.612,33.033,85.537,50.845,1.383,36.75736486010305,382.869,603.404,1868.569,376.132,1.084,58.759,5.994,9.803,11.13,364.561,1178.405,1732.512,2234.053,2754.510,3272.238,581.535,30.093,-1.826,,1.084,22:05:02
HFC_77.wav,96.641,87.94,96.25,104.047,83.990,20.057,73.194,66.997,38.685,1.256,30.797388842313797,385.176,737.412,1675.302,378.315,1.194,82.955,8.374,9.906,12.84,396.876,1129.136,1681.323,2126.561,2729.805,3196.781,559.981,31.251,-1.706,,1.194,22:05:04
HFC_78.wav,94.025,98.39,82.68,104.874,82.394,22.480,15.660,129.632,101.322,3.927,25.800200230233077,364.408,529.833,1532.914,365.230,0.891,80.031,7.293,10.973,10.89,378.065,1085.588,1628.068,2069.037,2683.287,3222.326,568.852,30.764,-1.604,,0.891,22:05:08
HFC_79.wav,83.823,100.19,93.86,103.309,70.816,32.493,8.083,105.453,80.252,5.006,16.030992827424424,299.625,545.026,1446.524,293.837,1.199,55.328,7.092,7.802,11.73,396.393,1052.147,1614.579,1994.591,2680.384,3170.651,554.852,31.540,-1.315,,1.199,22:05:10
HFC_80.wav,82.631,93.10,86.28,101.499,72.268,29.231,5.890,97.539,90.462,2.574,35.14823120165913,307.208,433.601,1294.207,307.706,1.554,55.510,7.399,7.502,15.15,356.673,966.974,1558.632,2031.808,2634.575,3143.537,557.373,31.397,-1.443,,1.554,22:05:11
HFC_81.wav,80.830,103.44,102.04,103.444,71.424,32.020,5.063,110.346,91.182,2.487,36.668917146658224,299.617,369.191,1017.947,296.652,1.005,55.834,8.455,6.604,16.13,333.729,929.730,1566.140,1950.134,2736.636,3210.302,575.315,30.418,-1.595,,1.005,22:05:13
HFC_82.wav,85.429,99.08,94.15,107.020,71.687,35.333,78.235,104.227,77.878,2.797,27.846165316419327,305.857,463.567,1207.263,306.072,3.218,62.413,11.964,5.217,10.51,345.495,957.354,1580.653,2008.378,2695.872,3251.285,581.158,30.112,-1.389,,3.218,22:05:15
HFC_83.wav,82.738,87.33,102.26,102.264,72.228,30.036,94.956,90.268,73.714,3.996,18.44636919671396,289.138,432.891,1091.524,315.843,1.001,70.528,9.491,7.431,10.47,356.342,937.415,1573.946,2004.857,2751.999,3279.489,584.629,29.933,-1.164,,1.001,22:05:18
HFC_84.wav,84.401,102.11,101.90,103.629,71.609,32.020,8.193,103.145,82.859,5.177,16.006301456020967,303.370,427.215,941.769,317.606,1.159,73.469,8.628,8.515,13.43,353.243,907.282,1542.998,2008.822,2740.028,3277.007,584.753,29.927,-0.986,,1.159,22:05:20
HFC_85.wav,90.197,97.92,93.81,104.980,74.265,30.715,17.327,145.203,113.997,3.078,37.03605245192323,330.058,498.671,1162.696,304.104,1.300,79.739,11.158,7.147,8.21,357.360,930.990,1633.543,2049.210,2694.108,3231.198,574.767,30.447,-1.342,,1.300,22:05:22
HFC_86.wav,93.624,106.31,99.87,109.894,70.335,39.559,13.580,377.811,178.834,29.634,6.03477659140329,369.805,560.515,1573.862,391.781,1.721,71.216,12.783,5.571,6.63,393.234,1040.562,1653.196,2100.966,2734.685,3225.536,566.460,30.894,-1.677,unvoiced,1.721,22:05:23
HFC_87.wav,82.822,98.20,70.43,109.794,70.335,39.459,14.761,231.544,167.753,24.054,6.974070857371481,350.825,682.442,1432.585,398.986,1.019,64.522,6.382,10.111,10.32,390.717,1078.935,1630.833,2067.273,2798.586,3269.941,575.845,30.390,-1.289,unvoiced,1.019,22:05:28
HFC_88.wav,87.719,100.62,92.50,109.759,70.353,39.406,13.010,191.680,133.054,18.569,7.165545763661116,367.266,545.148,1268.705,401.883,1.212,59.801,8.665,6.901,13.86,395.915,921.008,1579.913,1926.649,2686.191,3215.548,563.927,31.032,-1.500,unvoiced,1.212,22:05:30
HFC_89.wav,90.558,102.96,97.25,109.810,70.335,39.475,10.953,142.817,95.194,32.800,2.9022848294261885,370.129,491.698,1298.560,387.388,1.646,76.121,9.415,8.085,13.96,384.711,916.276,1581.097,1977.076,2668.957,3155.999,554.258,31.574,-2.171,unvoiced,1.646,22:05:32
HFC_90.wav,91.922,87.17,78.04,102.957,78.044,24.912,60.384,83.411,66.891,4.034,16.58111072946236,332.170,534.589,1296.876,349.103,1.611,63.315,8.999,7.036,12.36,382.540,1021.414,1646.492,2140.083,2736.077,3316.727,586.837,29.821,-1.292,,1.611,22:05:40
HFC_91.wav,92.994,84.39,80.50,106.007,80.503,25.504,38.171,94.057,88.349,4.635,19.06136457207175,327.837,433.673,1634.272,337.020,0.755,79.267,7.946,9.976,11.12,337.829,1099.341,1612.390,2079.009,2785.119,3233.549,579.144,30.217,-1.857,,0.755,22:05:53
HFC_92.wav,85.077,89.61,85.68,109.577,70.460,39.116,9.504,186.496,139.731,40.870,3.418942746626365,320.801,674.635,1542.447,303.012,2.006,54.550,10.467,5.212,9.78,400.583,1037.589,1630.240,2040.271,2699.040,3182.212,556.326,31.456,-1.143,unvoiced,2.006,22:05:54
HFC_93.wav,92.532,80.06,73.22,106.499,73.218,33.281,38.684,140.550,123.883,3.292,37.63676996504703,322.758,349.407,457.477,328.278,0.760,74.781,7.900,9.466,14.49,314.136,1005.674,1529.623,2059.030,2628.887,3290.929,595.359,29.394,-0.521,,0.760,22:06:00
HFC_94.wav,92.960,79.21,80.14,99.605,79.212,20.392,58.917,66.227,63.217,3.181,19.871538172396935,352.212,716.851,1769.459,375.349,0.786,43.021,10.816,3.977,6.86,397.614,1100.519,1765.361,2184.115,2854.275,3324.629,585.403,29.894,-1.446,,0.786,22:06:02
HFC_95.wav,87.896,108.25,77.78,108.470,73.799,34.671,14.345,88.835,73.613,3.681,19.99693357071353,312.488,507.182,1362.667,316.919,2.173,49.280,11.274,4.371,7.39,360.170,1056.308,1607.507,2065.588,2725.461,3246.377,577.241,30.317,-1.370,,2.173,22:06:09
HFC_96.wav,96.626,72.88,96.92,106.661,72.875,33.786,64.712,109.287,97.874,2.159,45.33391933041647,304.889,385.043,1365.901,314.535,0.926,66.100,5.937,11.133,12.76,300.818,1113.985,1663.423,2080.743,2718.884,3297.945,599.425,29.195,-2.287,,0.926,22:06:17
HFC_97.wav,82.506,80.68,92.11,105.454,72.174,33.280,17.115,85.610,76.707,2.705,28.355863682099482,306.415,510.728,1368.374,300.327,1.848,50.878,10.009,5.083,10.95,370.790,1018.403,1590.555,2038.670,2732.464,3196.010,565.044,30.971,-1.084,,1.848,22:06:25
HFC_98.wav,89.633,97.07,106.63,106.629,75.099,31.530,94.538,106.891,74.368,3.906,19.037270213658694,345.622,528.074,1795.179,358.341,1.664,69.838,8.714,8.014,11.84,390.045,1080.297,1684.383,2101.906,2743.260,3219.189,565.829,30.928,-2.028,,1.664,22:06:29
HFC_99.wav,89.854,92.47,93.39,106.476,73.860,32.616,19.554,82.077,63.082,3.379,18.666398271775833,373.738,924.968,2287.094,356.755,1.480,57.423,7.097,8.091,8.76,400.056,1121.398,1703.962,2204.659,2792.229,3241.602,568.309,30.793,-1.317,,1.480,22:06:32
LFC_01.wav,86.013,108.36,83.59,108.356,77.105,31.251,1.250,74.968,72.753,4.934,14.746132448452462,256.719,351.775,653.080,355.328,1.216,28.168,7.401,3.806,15.96,325.585,734.996,1531.138,1999.361,2824.880,3481.455,631.174,27.726,-0.462,,1.216,22:00:07
LFC_02.wav,105.684,100.34,89.91,109.738,89.905,19.833,73.515,25.853,25.233,1.998,12.62880865704173,316.655,341.009,476.618,320.751,1.251,36.463,5.195,7.019,21.72,325.145,784.722,1533.934,2115.495,2688.746,3312.136,597.398,29.294,-0.337,,1.251,22:00:12
LFC_03.wav,88.410,84.57,84.91,93.292,83.455,9.836,66.290,49.989,47.892,4.380,10.933503394181477,337.082,404.621,1319.323,349.545,1.027,50.425,7.787,6.475,15.44,355.247,1008.217,1628.596,2116.222,2780.442,3246.599,578.270,30.263,-2.206,,1.027,22:00:25
LFC_04.wav,99.440,100.58,108.62,109.480,82.762,26.718,81.562,52.777,51.457,3.609,14.257644400989474,315.155,350.311,528.175,319.416,1.247,37.948,5.213,7.279,14.80,334.119,930.117,1554.004,2081.176,2699.875,3271.954,587.567,29.784,-0.082,,1.247,22:01:10
LFC_05.wav,89.923,87.74,81.78,98.893,71.274,27.619,47.543,70.085,67.540,2.738,24.670186974397996,285.689,320.570,509.632,291.532,0.913,26.691,9.856,2.708,11.43,302.173,727.923,1437.216,2041.911,2912.793,3569.925,653.550,26.777,-0.001,,0.913,22:07:13
LFC_06.wav,90.383,77.94,104.77,108.687,77.944,30.742,23.285,79.561,77.498,3.151,24.594602517341304,326.889,333.632,345.439,323.843,1.111,13.968,12.154,1.149,22.69,323.593,448.028,1200.296,1886.922,2678.682,3560.124,647.306,27.035,0.067,,1.111,22:08:26
LFC_07.wav,91.262,105.05,89.33,105.045,78.409,26.636,1.464,87.353,83.736,4.785,17.49875360827327,343.507,451.869,2710.581,357.236,1.045,65.802,7.178,9.167,9.29,369.063,1014.577,1561.402,2114.556,2901.043,3478.959,621.979,28.136,-3.110,,1.045,22:10:39
LFC_08.wav,88.375,75.82,86.83,100.684,75.825,24.860,94.084,85.835,82.849,4.437,18.671877116163017,337.175,463.196,2870.519,352.066,1.014,39.410,13.311,2.961,10.96,356.744,758.888,1477.570,2066.526,2705.958,3550.582,638.768,27.397,-3.575,,1.014,22:11:05
LFC_09.wav,86.734,83.71,81.04,98.457,81.043,17.414,53.698,56.572,53.389,3.755,14.219632540082353,271.202,404.152,1723.637,318.831,0.799,42.567,12.515,3.401,5.86,322.973,774.171,1525.801,2042.338,2704.846,3542.322,643.870,27.179,-2.369,,0.799,22:12:59
LFC_10.wav,100.157,88.59,106.33,106.333,88.595,17.738,98.284,19.642,18.908,2.600,7.271771271697065,281.872,626.185,1798.077,396.018,0.961,15.216,13.521,1.125,10.52,341.278,1054.757,1647.569,1982.029,2669.305,3312.077,594.160,29.453,-1.341,,0.961,22:15:32
LFC_11.wav,79.644,75.34,80.36,80.360,75.338,5.022,98.496,8.951,8.530,5.840,1.4604437115708275,311.799,619.703,2922.619,382.327,1.027,20.901,13.628,1.534,8.07,359.244,1087.029,1526.361,2127.987,2719.958,3484.866,625.124,27.994,-2.344,,1.027,22:15:34
LFC_12.wav,97.919,106.44,93.82,109.293,84.267,25.026,10.104,67.726,66.220,3.193,20.738569400292313,312.439,445.990,2592.622,327.689,1.409,35.427,11.708,3.026,9.19,338.948,976.275,1601.974,2153.363,2894.601,3472.895,626.789,27.920,-3.115,,1.409,22:23:08
LFC_13.wav,95.677,107.75,92.54,107.751,84.610,23.140,1.441,43.702,42.140,4.577,9.206637135033915,313.497,376.751,509.994,359.472,1.857,45.520,8.346,5.454,13.92,361.573,823.176,1635.680,2161.057,2914.412,3433.537,614.393,28.483,-0.074,,1.857,22:23:23
LFC_14.wav,89.863,105.57,70.97,105.572,70.966,34.606,2.228,117.834,110.790,1.529,72.47299993788792,185.338,293.878,2611.829,174.977,0.654,40.268,6.115,6.585,14.37,232.216,985.202,1594.851,2357.804,2855.145,3517.137,656.984,26.637,-4.011,,0.654,22:27:01
LFC_15.wav,86.583,77.92,74.10,92.129,74.104,18.024,85.369,26.058,22.473,1.943,11.563106638839496,360.351,1027.544,3272.814,346.912,1.286,39.401,9.329,4.224,8.50,381.743,1102.116,1613.306,2159.799,2779.490,3271.131,577.878,30.283,-1.730,,1.286,22:27:02
