file, Mean F0 (Hz),Start F0 (Hz),End F0 (Hz),Max F0 (Hz),Min F0 (Hz),Range F0 (Hz),Time max F0 (%),F0 Abs Slope,F0 var (Hz/s),FM Rate (s-1),FM Extent (Hz),Q25% (Hz),Q50% (Hz),Q75% (Hz),Fpeak (Hz),Sound duration (s), AM var (dB/s), AM rate (s-1), AM extent (dB),Harmonicity, F1 mean (Hz),F2 mean (Hz),F3 mean (Hz),F4 mean (Hz),F5 mean (Hz),F6 mean (Hz),formant dispersal (Hz),vocal tract length (cm),mean wiener entropy,Comment,Duration(s),Start
HFC_01.wav,84.489,94.69,79.20,98.452,71.017,27.435,76.097,62.668,50.609,2.821,17.941502085864478,333.339,443.068,1343.386,330.737,2.836,62.056,10.402,5.966,12.06,355.557,1023.848,1648.718,2017.483,2667.024,3176.981,564.285,31.013,-1.754,,2.836,22:30:00
HFC_02.wav,81.753,81.43,75.64,109.900,70.335,39.565,52.860,223.300,196.373,42.608,4.608862651775149,356.047,596.835,1532.705,398.534,3.121,67.298,13.295,5.062,9.20,384.053,973.067,1649.231,2023.429,2644.714,3124.955,548.180,31.924,-1.515,unvoiced,3.121,22:30:04
HFC_03.wav,97.588,90.52,99.07,104.847,85.545,19.301,20.555,41.506,31.813,1.850,17.199381739198795,388.160,421.169,588.954,384.872,1.892,64.206,7.134,8.999,19.59,375.342,918.307,1617.257,2052.726,2676.546,3145.437,554.019,31.587,-0.820,,1.892,22:30:08
HFC_04.wav,82.665,90.94,83.03,102.945,73.406,29.539,17.831,67.088,54.425,3.775,14.415992310261396,294.234,450.650,1218.543,300.109,1.589,57.460,9.753,5.892,11.98,357.011,1008.784,1632.141,2136.119,2725.759,3315.965,591.791,29.571,-1.119,,1.589,22:30:12
HFC_05.wav,83.398,90.09,81.86,102.341,71.856,30.485,8.240,65.979,60.287,3.849,15.66271102220126,306.744,574.689,1536.563,309.612,2.208,45.996,8.377,5.490,12.45,369.193,1078.429,1627.539,2135.765,2729.599,3268.019,579.765,30.185,-1.324,,2.208,22:30:15
HFC_06.wav,85.923,85.36,84.15,105.932,72.169,33.762,18.879,101.890,84.342,3.006,28.059599545368673,323.680,824.127,1524.937,311.588,1.497,55.920,12.357,4.525,8.21,429.147,1114.063,1699.796,2233.107,2804.357,3294.085,572.988,30.542,-1.085,,1.497,22:30:19
HFC_07.wav,82.007,95.94,84.93,100.050,72.038,28.012,81.845,78.406,52.044,2.795,18.621728385999344,306.965,535.080,1509.696,310.707,1.431,59.641,9.432,6.323,8.97,364.430,1083.587,1640.100,2130.046,2737.938,3274.347,581.983,30.070,-1.361,,1.431,22:30:21
HFC_08.wav,88.549,96.67,85.81,106.295,73.308,32.987,82.530,79.257,61.977,3.935,15.749642958527609,350.015,797.141,1520.341,323.271,2.160,48.844,10.185,4.796,7.70,445.924,1108.396,1672.976,2138.253,2741.229,3218.444,554.504,31.560,-1.087,,2.160,22:30:23
HFC_09.wav,82.250,102.90,97.68,102.895,71.900,30.995,4.807,83.570,71.860,2.531,28.39395365228454,322.208,546.312,1193.234,288.846,0.988,58.508,7.592,7.706,13.06,381.978,965.650,1509.886,1997.976,2678.532,3188.012,561.207,31.183,-1.123,,0.988,22:30:25
HFC_10.wav,88.132,83.08,96.49,103.762,71.679,32.083,66.711,100.549,89.652,4.051,22.1287374328347,356.467,587.272,1357.175,389.572,2.221,55.162,13.279,4.154,10.13,386.579,1004.240,1644.405,2108.044,2645.808,3118.116,546.307,32.033,-1.492,,2.221,22:30:26
HFC_100.wav,91.511,103.04,80.17,103.906,76.564,27.342,14.204,56.845,35.470,3.396,10.445619789586743,369.435,488.011,1362.138,373.921,1.914,53.902,8.620,6.253,10.48,369.841,1003.779,1695.974,2052.799,2750.518,3245.731,575.178,30.425,-2.041,,1.914,22:35:00
HFC_101.wav,84.938,99.22,89.71,107.362,73.312,34.049,7.723,44.689,39.000,1.396,27.93311406465254,343.402,616.500,1396.194,326.532,2.507,48.806,9.773,4.994,12.28,401.704,995.019,1597.380,2023.512,2680.323,3190.431,557.745,31.376,-1.161,,2.507,22:35:06
HFC_102.wav,94.989,100.86,84.67,104.788,81.457,23.330,10.526,80.962,59.442,4.952,12.004603316440353,317.433,400.861,645.573,380.976,1.212,70.480,9.491,7.426,13.92,351.513,959.896,1631.159,2030.126,2681.911,3193.886,568.475,30.784,-0.430,,1.212,22:35:10
HFC_103.wav,82.581,98.24,74.26,105.459,72.312,33.147,10.097,69.117,48.161,1.755,27.434615004053654,323.230,584.482,1358.578,311.776,2.279,48.069,7.461,6.443,12.87,387.919,1032.216,1642.552,2156.969,2748.916,3281.098,578.636,30.244,-1.204,,2.279,22:35:12
HFC_104.wav,86.837,98.75,77.97,98.747,77.967,20.780,1.251,62.208,59.162,5.862,10.092786356075885,244.340,316.311,595.171,261.523,1.194,41.610,9.630,4.321,10.28,305.407,794.887,1445.617,2011.912,2767.095,3534.505,645.820,27.097,0.010,,1.194,22:35:15
HFC_105.wav,94.839,106.69,79.41,106.693,79.406,27.287,6.241,57.032,41.932,3.142,13.346905733030425,372.456,426.872,781.715,380.337,1.273,68.730,5.891,11.667,16.91,365.999,920.109,1587.447,1976.235,2560.233,3159.785,558.757,31.319,-1.259,,1.273,22:35:16
HFC_106.wav,87.405,103.80,97.35,103.957,70.870,33.087,6.271,84.235,74.622,5.771,12.929701183829453,318.164,418.679,795.523,396.182,1.300,58.109,7.310,7.949,15.91,353.944,929.477,1566.883,1938.710,2538.690,3134.602,556.132,31.467,-1.268,,1.300,22:35:18
HFC_107.wav,93.734,82.08,83.80,105.040,81.951,23.089,48.870,112.746,39.449,30.054,1.3126155917323934,384.793,425.062,568.362,399.058,1.264,67.793,7.118,9.524,17.80,380.066,966.417,1521.194,1987.961,2641.982,3212.203,566.428,30.895,-0.692,unvoiced,1.264,22:35:22
HFC_108.wav,81.671,104.61,80.94,104.687,72.933,31.754,9.942,67.256,44.641,2.753,16.217860280459533,319.017,510.810,1236.225,306.916,1.453,50.995,9.290,5.489,14.09,384.079,960.514,1577.197,2059.231,2664.884,3221.419,567.468,30.839,-0.974,,1.453,22:35:25
HFC_109.wav,81.949,87.52,85.25,102.719,71.278,31.441,88.534,63.680,53.583,3.511,15.261535142868691,327.726,590.451,1311.029,313.532,2.279,46.271,9.436,4.904,11.80,386.232,1013.210,1661.654,2108.199,2729.775,3263.053,575.364,30.416,-1.067,,2.279,22:35:30
HFC_11.wav,90.191,101.90,96.39,104.710,70.691,34.018,4.949,68.650,62.597,4.611,13.576024008419552,355.888,593.710,1520.468,387.626,2.169,53.114,9.452,5.619,13.46,395.471,1020.322,1646.913,2132.986,2723.672,3194.580,559.822,31.260,-1.639,,2.169,22:30:29
HFC_110.wav,93.682,91.63,97.76,109.986,71.146,38.840,52.773,198.271,102.867,19.930,5.161398279657731,337.154,667.247,1327.038,318.217,1.932,47.189,12.424,3.798,6.85,405.160,1024.172,1693.061,2168.445,2743.138,3266.723,572.313,30.578,-1.164,unvoiced,1.932,22:35:36
HFC_111.wav,93.176,100.34,93.03,105.476,80.337,25.138,15.916,88.002,68.412,5.081,13.465429615554463,349.154,565.471,1642.052,373.600,1.181,64.107,8.891,7.210,11.11,353.674,1024.053,1693.771,2058.898,2728.020,3218.869,573.039,30.539,-1.935,,1.181,22:35:39
HFC_112.wav,86.332,85.51,97.27,97.626,71.105,26.521,37.626,83.180,44.894,3.254,13.796976672399612,331.100,555.522,1539.730,399.356,1.076,46.435,6.973,6.660,15.42,362.313,951.528,1644.752,2028.818,2675.164,3157.636,559.065,31.302,-1.845,,1.076,22:35:44
HFC_113.wav,89.336,88.95,83.16,106.686,76.788,29.898,47.068,81.801,67.582,3.186,21.21441504615149,330.659,604.966,1778.979,335.297,1.256,74.174,9.955,7.451,6.19,358.512,1053.417,1712.574,2164.362,2760.240,3282.802,584.858,29.922,-1.559,,1.256,22:35:52
HFC_114.wav,93.288,100.51,76.17,102.028,76.171,25.856,8.902,61.174,45.855,2.141,21.42006565355486,357.648,471.682,1677.038,363.851,1.168,70.701,8.991,7.863,12.71,368.372,1072.511,1634.004,2074.472,2727.899,3246.680,575.662,30.400,-2.170,,1.168,22:35:55
HFC_115.wav,83.151,96.70,73.78,100.438,73.779,26.659,10.916,67.500,45.769,1.798,25.452531397013104,325.724,472.562,1581.718,319.163,1.668,68.667,8.092,8.486,13.07,350.731,1125.280,1667.727,2086.532,2711.931,3247.296,579.313,30.208,-1.975,,1.668,22:35:57
HFC_116.wav,83.518,94.61,89.88,101.024,73.539,27.485,87.788,51.848,44.574,3.396,13.12432723342578,322.610,490.803,1385.553,315.850,2.208,62.000,8.604,7.206,12.71,375.941,1065.387,1639.096,2139.501,2717.763,3255.839,575.979,30.383,-1.381,,2.208,22:36:01
HFC_117.wav,85.406,103.32,90.28,105.282,73.103,32.179,6.046,78.107,71.167,3.531,20.15258144241711,340.965,612.825,1621.459,339.809,2.265,65.432,11.698,5.594,9.22,375.406,1056.908,1668.386,2206.781,2715.668,3261.032,577.125,30.323,-1.603,,2.265,22:36:05
HFC_118.wav,83.401,102.92,70.33,109.719,70.335,39.384,21.185,201.958,76.659,20.754,3.6936632021467717,401.675,478.661,1425.520,400.859,1.927,60.868,9.080,6.704,15.07,398.746,1030.392,1623.103,2039.588,2662.860,3089.089,538.069,32.524,-1.697,unvoiced,1.927,22:36:08
HFC_119.wav,80.964,103.12,85.40,103.123,72.682,30.441,5.743,65.639,51.687,5.311,9.732369817446685,311.829,450.278,1118.718,305.510,1.695,56.824,10.917,5.205,6.40,354.466,988.556,1693.344,2111.577,2790.043,3280.795,585.266,29.901,-1.449,,1.695,22:36:12
HFC_12.wav,81.355,103.90,95.72,104.110,70.814,33.296,3.656,90.004,78.711,4.643,16.951073791789245,339.021,709.004,1493.667,383.806,2.046,46.911,9.042,5.188,11.25,405.313,1061.627,1570.828,2063.441,2708.577,3233.006,565.539,30.944,-1.192,,2.046,22:30:32
HFC_120.wav,92.653,94.50,82.85,106.156,73.556,32.601,25.939,174.549,82.460,2.233,36.92670189899018,362.531,915.265,1909.062,383.505,0.896,78.485,11.724,6.695,9.81,374.579,1167.684,1723.683,2250.347,2770.973,3262.001,577.484,30.304,-1.193,,0.896,22:36:22
HFC_121.wav,86.416,84.67,96.86,103.002,70.577,32.425,51.906,107.829,55.268,3.024,18.278804851936037,388.811,633.164,1712.451,394.452,1.488,64.911,10.079,6.440,14.46,382.166,1115.466,1625.022,2091.354,2701.459,3224.515,568.470,30.784,-1.671,,1.488,22:36:23
HFC_122.wav,92.963,77.97,87.06,100.317,77.971,22.346,52.440,60.522,57.298,2.423,23.64682213882608,258.378,373.540,1632.446,287.937,0.619,64.920,12.115,5.358,8.08,294.136,969.556,1614.191,2125.759,2707.070,3453.174,631.808,27.698,-2.281,,0.619,22:36:26
HFC_123.wav,97.113,83.81,97.49,103.590,83.241,20.349,15.437,44.758,39.911,2.301,17.34667328081475,393.714,471.223,1490.177,386.718,1.739,57.449,7.765,7.398,21.44,385.583,1052.417,1684.592,2090.972,2812.468,3298.012,582.486,30.044,-2.287,,1.739,22:36:27
HFC_124.wav,89.340,100.46,89.34,105.604,71.693,33.911,62.986,64.591,58.771,2.847,20.641586487715657,347.079,432.560,1302.540,374.262,2.283,59.944,8.323,7.203,15.24,348.474,1064.550,1626.773,2043.807,2711.542,3253.776,581.060,30.117,-2.032,,2.283,22:36:31
HFC_125.wav,95.066,102.75,91.71,104.255,80.619,23.636,6.677,68.098,53.978,3.631,14.864928054182018,370.354,426.848,735.165,382.021,1.515,62.338,7.593,8.210,18.00,365.746,974.726,1638.607,1991.424,2638.601,3183.397,563.530,31.054,-1.200,,1.515,22:36:34
HFC_126.wav,92.782,83.76,95.16,98.247,82.481,15.766,55.696,42.169,31.764,1.690,18.798104145726654,384.647,443.371,1323.073,375.696,1.480,67.145,5.069,13.246,18.94,378.433,1138.265,1689.262,2141.455,2852.378,3384.874,601.288,29.104,-2.390,,1.480,22:36:36
HFC_127.wav,88.066,103.83,79.08,103.833,79.077,24.757,4.027,72.378,62.705,3.609,17.374173804493427,315.567,425.930,1310.664,369.881,1.247,55.246,10.025,5.511,14.08,341.038,1058.997,1618.562,2006.718,2794.606,3203.042,572.401,30.573,-2.021,,1.247,22:36:37
HFC_128.wav,89.993,84.66,72.07,93.920,72.070,21.850,48.021,31.350,28.326,2.975,9.52244205494951,265.682,308.191,543.619,268.636,1.177,32.167,14.023,2.294,15.56,292.680,873.203,1511.577,2078.110,2815.986,3337.342,608.932,28.739,-0.100,,1.177,22:36:39
HFC_129.wav,84.892,83.69,94.61,103.226,71.519,31.708,10.521,97.805,88.975,3.746,23.75018125221542,288.068,425.671,1162.251,284.850,1.335,65.247,7.867,8.293,11.52,323.561,929.625,1585.610,2024.798,2731.353,3210.852,577.458,30.305,-1.457,,1.335,22:36:49
HFC_13.wav,92.052,97.23,85.59,105.157,73.742,31.416,22.531,95.177,51.838,3.254,15.930738389728436,373.713,470.124,1355.412,380.268,1.537,103.663,11.389,9.102,9.23,372.563,1041.972,1616.148,2034.676,2736.381,3212.503,567.988,30.811,-1.779,,1.537,22:30:34
HFC_130.wav,94.415,87.03,95.20,104.403,79.957,24.447,72.907,41.219,31.039,3.140,9.885859816097401,370.921,509.494,1569.931,382.743,1.752,50.687,10.276,4.933,11.92,377.450,1066.261,1673.876,2036.627,2738.061,3191.197,562.749,31.097,-1.615,,1.752,22:36:52
HFC_131.wav,84.096,85.83,88.58,95.321,70.664,24.657,7.026,102.944,100.272,5.141,19.505155234981185,261.770,400.510,1365.725,375.251,1.264,53.539,11.863,4.513,8.23,338.837,857.545,1552.995,2098.841,2782.892,3395.618,611.356,28.625,-1.464,,1.264,22:36:55
HFC_132.wav,83.525,106.68,95.39,106.691,71.324,35.367,6.054,86.268,72.875,2.440,29.86179326828602,311.384,651.211,1404.635,272.972,1.229,49.918,6.101,8.182,13.82,359.234,980.405,1633.967,2002.119,2708.339,3172.821,562.717,31.099,-1.315,,1.229,22:36:56
HFC_133.wav,83.335,99.32,103.46,106.532,71.543,34.988,8.126,84.931,71.161,2.830,25.149573651374027,314.150,615.716,1311.464,286.608,1.414,49.703,6.013,8.266,14.85,367.705,936.305,1594.142,2007.286,2714.841,3168.664,560.192,31.239,-1.530,,1.414,22:36:58
HFC_134.wav,84.411,94.27,96.94,101.580,71.613,29.967,8.230,75.552,64.518,3.903,16.53177859847116,320.502,567.252,1405.319,280.772,1.409,52.364,5.322,9.840,14.61,352.451,967.268,1616.594,1953.697,2645.869,3179.911,565.492,30.946,-1.542,,1.409,22:37:00
HFC_135.wav,98.600,84.41,101.45,107.647,84.411,23.235,68.332,68.096,23.660,1.008,23.47537847633879,348.934,773.413,1649.150,343.338,0.992,59.395,8.567,6.933,8.43,373.684,1123.412,1584.114,2167.807,2720.384,3220.784,569.420,30.733,-1.332,,0.992,22:37:14
HFC_136.wav,89.101,105.77,78.25,106.759,78.015,28.744,14.032,60.816,31.620,5.671,5.576120636143766,272.756,517.439,1589.079,250.242,1.058,52.724,6.616,7.969,12.75,311.877,1020.095,1687.090,2114.517,2700.870,3218.929,581.410,30.099,-1.663,,1.058,22:37:19
HFC_137.wav,82.728,92.29,75.05,103.629,71.400,32.229,9.555,82.958,65.133,3.504,18.587094028900413,309.271,718.942,1429.387,286.090,1.998,49.364,11.013,4.482,6.11,406.808,1014.629,1672.705,2121.823,2755.967,3226.407,563.920,31.033,-1.097,,1.998,22:37:20
HFC_138.wav,79.340,101.76,96.39,103.703,71.218,32.484,8.001,60.264,42.572,3.110,13.690688830109089,329.637,685.333,1425.337,297.040,1.286,51.590,8.163,6.320,11.14,431.707,1011.250,1557.202,2123.448,2720.802,3248.194,563.297,31.067,-0.998,,1.286,22:37:23
HFC_139.wav,86.367,98.19,83.25,104.571,70.873,33.698,63.518,92.217,79.551,4.037,19.70516093081571,365.535,784.651,1593.940,381.526,2.353,57.004,9.137,6.239,11.05,410.787,1065.181,1641.910,2135.666,2712.899,3185.249,554.892,31.538,-1.161,,2.353,22:37:24
HFC_14.wav,80.905,86.74,96.79,103.877,72.437,31.440,11.071,50.667,44.229,2.470,17.903377211783422,328.862,674.465,1439.014,304.473,2.024,36.396,7.164,5.080,17.57,397.499,989.475,1627.853,2113.185,2700.882,3182.396,556.979,31.419,-1.118,,2.024,22:30:36
HFC_140.wav,97.097,85.04,98.73,103.153,80.950,22.202,64.557,60.597,45.702,1.710,26.726047824527377,380.575,621.248,1473.894,376.647,1.462,62.842,6.498,9.671,14.89,389.756,1021.505,1694.877,2143.078,2721.389,3120.334,546.116,32.044,-1.587,,1.462,22:37:28
HFC_141.wav,93.130,88.39,96.71,103.212,77.532,25.680,53.883,49.870,36.717,2.039,18.00826641936011,387.957,527.170,1179.805,380.864,1.717,65.879,8.156,8.078,18.82,383.195,967.359,1684.738,2188.599,2691.530,3187.188,560.799,31.205,-1.368,,1.717,22:37:30
HFC_142.wav,81.002,86.62,75.83,93.255,71.007,22.248,75.988,46.854,45.926,2.929,15.682181499449804,272.201,321.792,677.917,271.524,1.537,30.370,10.087,3.011,16.87,296.100,910.197,1590.505,2098.662,2661.388,3254.063,591.593,29.581,-0.795,,1.537,22:37:35
HFC_143.wav,89.406,88.04,84.99,103.777,75.572,28.205,34.063,83.901,65.567,2.228,29.425503820074905,324.082,451.167,1664.764,355.250,2.020,81.286,14.112,5.760,9.86,344.910,1045.490,1702.279,2114.483,2716.145,3231.340,577.286,30.314,-2.176,,2.020,22:37:39
HFC_144.wav,78.156,73.37,80.37,93.260,70.878,22.382,71.667,29.839,29.125,3.835,7.595140235950313,275.823,325.228,750.743,281.561,1.304,24.161,16.106,1.500,15.31,291.937,855.748,1642.453,2118.074,2582.364,3261.641,593.941,29.464,-1.230,,1.304,22:37:41
HFC_145.wav,83.742,86.13,79.95,105.529,72.701,32.828,11.780,64.259,53.012,3.594,14.749714525312159,308.089,647.859,1833.222,306.646,2.226,59.766,6.964,8.583,12.94,338.950,1106.817,1719.588,2162.151,2782.033,3243.072,580.824,30.130,-1.626,,2.226,22:37:43
HFC_146.wav,84.597,79.08,88.82,93.526,70.713,22.813,46.602,49.868,48.957,4.271,11.463337945616678,268.133,311.654,581.929,266.621,1.756,33.859,10.535,3.214,14.26,294.717,882.428,1639.121,2100.649,2636.494,3325.625,606.182,28.869,-0.364,,1.756,22:37:46
HFC_147.wav,83.339,91.13,84.98,104.133,73.066,31.067,9.605,65.723,58.907,3.602,16.352693981932738,306.755,523.720,1789.367,301.114,1.804,64.004,8.036,7.965,11.33,334.672,1092.695,1720.125,2200.149,2768.142,3260.812,585.228,29.903,-1.817,,1.804,22:37:52
HFC_148.wav,87.060,105.27,84.00,105.271,83.585,21.686,20.812,73.272,31.719,3.164,10.026274678008539,289.201,501.200,1720.510,356.022,0.948,51.910,5.800,8.950,16.23,336.183,1066.455,1637.939,2120.494,2757.354,3242.824,581.328,30.103,-1.966,,0.948,22:37:56
HFC_149.wav,91.842,95.63,93.90,104.261,81.306,22.955,7.487,71.103,58.143,4.952,11.742211940514494,315.504,447.143,1536.358,375.782,1.515,48.687,9.903,4.916,18.00,333.643,1023.829,1658.647,2072.356,2733.486,3220.886,577.449,30.306,-2.235,,1.515,22:37:58
HFC_15.wav,85.021,94.67,90.59,103.058,71.894,31.164,41.395,73.303,55.107,2.820,19.541053367577923,308.951,437.701,1383.587,308.290,2.305,58.541,11.063,5.291,13.36,342.454,1051.062,1647.717,2128.780,2794.312,3264.914,584.492,29.941,-1.722,,2.305,22:30:41
HFC_150.wav,82.743,103.99,88.67,104.951,70.961,33.990,2.259,57.708,55.772,4.271,13.05898212053211,272.432,315.011,613.679,269.254,1.756,31.632,12.812,2.469,16.17,289.291,897.755,1620.783,2142.529,2699.223,3217.422,585.626,29.883,-0.602,,1.756,22:38:05
HFC_151.wav,89.683,104.06,83.99,104.816,71.662,33.154,9.961,87.018,84.344,5.641,14.950708232892907,292.684,406.745,1194.448,275.049,1.418,74.167,15.514,4.781,6.90,328.305,981.880,1636.886,2042.762,2657.413,3193.012,572.941,30.544,-1.613,,1.418,22:38:08
HFC_152.wav,86.457,105.74,100.50,105.738,71.364,34.374,6.062,85.983,73.039,3.515,20.778783915744068,362.827,519.066,1450.787,402.106,1.422,64.510,7.733,8.342,11.74,376.265,1023.352,1601.557,2005.036,2624.999,3099.250,544.597,32.134,-1.357,,1.422,22:38:11
HFC_153.wav,90.841,103.65,85.67,106.196,80.361,25.835,16.434,88.346,65.538,3.102,21.127482879871597,333.192,369.290,466.014,356.132,1.128,77.936,9.749,7.994,14.47,354.452,869.672,1608.669,2031.420,2717.296,3245.424,578.194,30.267,-0.432,,1.128,22:38:16
HFC_154.wav,84.914,103.61,98.14,106.790,71.557,35.232,10.135,92.281,79.004,4.706,16.787545870235654,303.235,433.543,1096.688,286.191,1.062,53.445,8.000,6.680,11.72,332.611,978.080,1593.598,2034.309,2741.413,3254.842,584.446,29.943,-1.386,,1.062,22:38:20
HFC_155.wav,95.206,100.58,81.33,109.947,72.218,37.729,8.242,191.840,85.299,20.500,4.161003083599372,351.578,477.017,1311.810,376.654,1.317,64.505,8.731,7.388,12.45,374.515,950.258,1570.300,1973.762,2676.853,3170.666,559.230,31.293,-1.589,unvoiced,1.317,22:38:22
HFC_156.wav,84.860,108.37,100.23,108.373,71.750,36.624,2.297,73.771,66.867,4.986,13.411379731145702,299.343,411.653,1026.416,300.863,1.905,65.239,11.021,5.919,8.29,342.222,984.751,1595.545,1982.480,2830.841,3334.678,598.491,29.240,-1.288,,1.905,22:38:24
HFC_157.wav,88.123,83.57,85.21,99.616,74.159,25.457,34.636,46.732,36.178,2.883,12.547691472970648,272.280,349.645,774.615,282.143,3.989,54.770,15.168,3.611,8.26,317.318,905.327,1531.655,2020.428,2671.469,3299.612,596.459,29.340,-1.053,,3.989,22:38:26
HFC_158.wav,92.004,87.80,78.22,109.866,70.368,39.498,40.644,205.614,159.850,49.264,3.2447572696623577,293.131,382.133,739.920,293.770,4.790,55.691,12.316,4.522,10.03,349.969,813.416,1520.359,2043.377,2683.513,3251.422,580.291,30.157,-0.869,unvoiced,4.791,22:38:30
HFC_159.wav,88.060,80.14,86.18,97.391,80.144,17.247,65.478,50.135,43.270,3.239,13.360901305781416,312.163,542.682,1683.899,388.743,0.926,56.193,5.937,9.464,12.23,349.639,1069.966,1645.251,2152.576,2755.249,3270.415,584.155,29.958,-1.643,,0.926,22:38:38
HFC_16.wav,92.856,93.73,84.15,105.397,84.150,21.247,9.252,56.292,53.588,4.572,11.720556160377043,318.073,419.712,1093.814,363.211,1.203,57.796,10.807,5.348,14.44,346.714,870.978,1616.645,1945.613,2635.686,3160.465,562.750,31.097,-1.464,,1.203,22:30:44
HFC_160.wav,85.770,98.66,92.88,102.847,71.323,31.524,13.291,91.460,77.924,2.859,27.25469859411146,306.245,622.669,1181.588,273.773,1.049,50.195,8.101,6.196,14.06,353.462,994.938,1575.137,2036.339,2621.862,3146.597,558.627,31.327,-1.213,,1.049,22:38:40
HFC_161.wav,87.896,96.69,90.00,105.330,71.266,34.064,68.993,88.344,76.746,4.285,17.910800727460856,329.540,644.928,1311.387,381.349,2.217,72.657,9.697,7.492,12.17,374.053,990.081,1593.708,2009.460,2685.943,3175.298,560.249,31.236,-1.568,,2.217,22:38:42
HFC_162.wav,88.253,93.12,76.63,105.425,70.509,34.915,18.362,135.067,102.014,3.814,26.744475211919454,299.507,623.729,1345.149,275.319,0.918,61.881,8.174,7.571,10.63,350.286,1030.893,1591.070,2025.840,2690.147,3252.081,580.359,30.154,-1.223,,0.918,22:38:45
HFC_163.wav,82.497,101.68,76.87,102.030,72.283,29.748,8.108,91.817,58.838,3.215,18.30316947496671,292.780,436.248,1203.450,293.083,1.089,63.330,7.807,8.112,14.20,340.782,941.265,1542.382,1954.036,2698.270,3248.196,581.483,30.095,-1.475,,1.089,22:38:47
HFC_164.wav,91.531,79.18,89.28,105.839,79.112,26.727,16.310,101.574,88.267,5.471,16.13479317338709,296.263,525.858,1457.603,319.755,1.005,74.628,6.963,10.718,10.90,358.321,1011.951,1574.131,2037.076,2761.396,3319.251,592.186,29.552,-1.446,,1.005,22:38:51
HFC_165.wav,83.203,103.50,92.12,104.557,71.877,32.681,7.027,87.537,68.815,3.451,19.939412337252648,297.339,479.009,1153.911,298.031,1.304,57.024,8.053,7.081,13.35,362.654,952.237,1590.793,2004.068,2723.042,3261.380,579.745,30.186,-1.107,,1.304,22:38:53
HFC_166.wav,93.660,75.21,88.34,106.177,75.205,30.972,26.395,95.112,79.159,3.296,24.018523759961248,308.836,418.915,1417.865,315.299,1.365,64.039,8.422,7.603,12.85,348.877,1021.357,1627.861,2060.083,2759.680,3296.419,589.508,29.686,-1.547,,1.365,22:39:00
HFC_167.wav,93.637,93.24,74.84,99.129,74.843,24.285,51.315,44.901,43.103,2.755,15.643251948478783,338.596,404.981,767.905,374.890,1.089,53.111,10.103,5.257,11.27,372.219,1058.353,1753.722,2246.974,2916.440,3530.321,631.620,27.707,-1.041,,1.089,22:39:19
HFC_168.wav,89.191,87.78,85.83,96.815,82.250,14.565,90.179,38.610,37.702,6.246,6.036616222839619,308.725,349.947,513.310,331.305,1.361,75.518,14.695,5.139,10.92,318.070,952.967,1621.685,2117.623,2777.070,3337.187,603.823,28.982,-0.272,,1.361,22:39:27
HFC_169.wav,86.569,95.96,82.34,104.384,70.995,33.389,9.994,125.760,112.064,4.290,26.1204955718371,309.710,509.773,1490.125,290.309,1.282,79.543,12.091,6.579,8.60,343.003,1023.690,1574.619,1994.077,2642.864,3134.714,558.342,31.343,-1.765,,1.282,22:39:29
HFC_17.wav,88.702,77.23,100.20,107.215,70.866,36.349,73.359,94.772,79.156,2.602,30.421312411657887,358.822,547.813,1475.516,389.040,2.498,49.618,9.007,5.509,15.11,382.833,997.192,1619.602,1980.268,2654.293,3195.175,562.468,31.113,-1.487,,2.498,22:30:51
HFC_170.wav,87.291,106.73,75.61,106.726,72.774,33.952,15.042,109.568,74.613,3.411,21.871672193978704,359.141,566.611,1643.412,368.702,1.905,71.404,10.234,6.977,9.28,376.679,1080.263,1661.793,2050.587,2716.534,3253.475,575.359,30.416,-1.851,,1.905,22:39:31
HFC_171.wav,93.215,84.96,76.44,107.515,76.396,31.119,28.671,65.546,45.621,1.831,24.916010190366713,364.864,666.712,1690.260,361.533,1.365,55.793,6.225,8.962,12.46,420.026,1012.632,1696.905,2135.701,2791.190,3248.061,565.607,30.940,-1.445,,1.365,22:39:35
HFC_172.wav,91.555,84.72,83.47,104.329,81.463,22.866,19.594,68.779,55.548,2.778,19.997408759798105,384.072,594.165,1730.748,375.787,1.800,65.501,9.167,7.146,10.94,375.033,1046.115,1692.107,2108.819,2698.589,3188.050,562.604,31.105,-2.012,,1.800,22:39:37
HFC_173.wav,87.552,84.03,74.01,103.233,74.009,29.225,58.085,149.281,143.785,3.851,37.33386470347464,348.176,474.414,1424.189,391.650,0.909,72.681,8.253,8.807,8.57,357.296,1071.088,1577.954,1971.882,2660.470,3216.138,571.768,30.607,-1.589,,0.909,22:39:42
HFC_174.wav,94.326,99.11,90.26,102.325,80.184,22.141,7.757,56.600,44.092,2.761,15.9699931321427,373.131,405.310,561.473,375.325,1.449,75.750,7.938,9.543,17.03,366.191,997.435,1569.097,2020.998,2625.818,3225.248,571.812,30.604,-0.631,,1.449,22:39:43
HFC_175.wav,87.268,108.59,73.44,108.591,73.445,35.147,7.365,115.592,82.807,2.744,30.17384439063727,307.425,428.934,1530.334,350.466,0.729,90.000,7.547,11.925,11.58,314.336,904.747,1663.983,2068.699,2804.856,3284.718,594.076,29.457,-2.467,,0.729,22:40:12
HFC_176.wav,82.709,88.53,81.97,109.907,70.656,39.251,79.627,195.227,124.590,29.526,4.219607768106736,301.805,645.191,1634.624,289.852,1.778,42.921,11.529,3.723,8.08,349.221,1042.870,1707.664,2126.761,2785.623,3196.989,569.554,30.726,-1.698,unvoiced,1.778,22:40:15
HFC_177.wav,83.251,81.88,97.02,102.209,70.470,31.739,87.071,95.362,92.911,5.524,16.81838907813473,353.768,691.796,1724.137,379.287,1.177,60.762,12.749,4.766,11.57,381.941,1111.199,1610.479,2014.813,2674.347,3152.836,554.179,31.578,-1.615,,1.177,22:40:19
HFC_178.wav,83.061,100.62,80.32,109.742,70.463,39.279,6.942,319.604,204.795,42.134,4.860530435416021,268.530,324.162,728.022,282.098,1.199,56.985,11.681,4.879,10.07,304.548,1050.282,1544.376,2121.744,2848.357,3399.816,619.054,28.269,-0.788,unvoiced,1.199,22:40:20
HFC_179.wav,90.736,86.22,97.19,105.090,77.997,27.093,68.490,85.953,77.149,3.768,20.476419117644088,354.197,469.159,1587.322,367.100,2.920,68.173,9.591,7.108,12.78,360.370,967.149,1653.207,2053.660,2766.508,3226.976,573.321,30.524,-2.464,,2.920,22:40:22
HFC_18.wav,81.055,96.18,90.66,106.242,71.479,34.763,12.480,84.936,72.922,3.282,22.222181008894236,338.468,740.058,1544.246,370.459,2.590,52.399,11.003,4.762,9.55,414.031,1037.276,1674.925,2098.233,2795.365,3233.342,563.862,31.036,-1.237,,2.590,22:30:54
HFC_180.wav,92.703,103.05,91.33,107.620,83.847,23.773,13.263,73.961,60.943,4.380,13.913138816149576,328.820,469.508,1599.284,353.164,1.484,62.253,8.424,7.390,11.61,374.598,1090.642,1671.398,2107.369,2801.193,3311.177,587.316,29.797,-2.169,,1.484,22:40:28
HFC_181.wav,88.370,97.56,70.33,109.947,70.335,39.612,46.701,198.766,158.612,47.467,3.341549959778863,336.969,468.756,1425.803,394.985,3.139,49.613,11.309,4.387,12.76,359.632,1038.053,1643.504,2032.420,2715.576,3191.891,566.452,30.894,-1.932,unvoiced,3.139,22:40:30
HFC_182.wav,83.023,85.03,96.62,100.799,70.948,29.851,82.856,61.629,53.869,4.416,12.198937084126644,301.137,390.234,1148.360,307.336,3.736,47.908,11.107,4.313,13.16,366.489,1036.501,1684.441,2137.626,2823.476,3311.342,588.971,29.713,-1.634,,3.736,22:40:33
HFC_183.wav,95.572,97.88,95.89,106.543,78.787,27.757,75.273,59.748,48.721,3.390,14.374128833570712,355.765,420.178,1035.421,368.991,2.213,64.469,9.717,6.635,14.90,372.046,1089.755,1676.174,2033.223,2814.726,3264.023,578.395,30.256,-2.172,,2.213,22:40:37
HFC_184.wav,95.962,102.19,98.22,109.599,76.532,33.067,9.165,194.072,102.418,31.183,3.28440876434169,317.411,390.940,696.167,355.830,1.106,71.817,5.875,12.224,13.90,355.345,1015.667,1611.703,2041.638,2668.769,3253.143,579.560,30.195,-1.254,unvoiced,1.106,22:40:39
HFC_185.wav,82.043,85.55,101.95,101.950,71.132,30.818,98.357,92.372,89.467,3.796,23.567187989266355,249.226,537.359,1431.839,284.285,1.185,35.915,13.920,2.580,4.19,367.170,1098.525,1459.664,2031.939,2718.236,3327.916,592.149,29.553,-0.646,,1.185,22:40:40
HFC_186.wav,82.450,84.96,81.79,101.733,72.814,28.919,80.574,59.095,41.375,2.824,14.652774634572589,309.851,568.491,1723.239,305.608,1.594,66.334,7.844,8.457,14.61,337.080,1047.701,1710.119,2152.235,2869.476,3254.869,583.558,29.988,-1.826,,1.594,22:40:43
HFC_187.wav,98.272,81.65,95.58,109.674,81.646,28.028,42.377,79.712,77.229,3.294,23.44324065634857,219.195,432.112,1802.685,324.891,1.062,45.670,12.236,3.732,7.69,325.838,961.850,1590.764,2095.745,2729.518,3455.713,625.975,27.956,-1.925,,1.062,22:40:45
HFC_188.wav,90.548,80.02,82.79,109.164,80.020,29.144,81.988,56.684,48.087,1.289,37.29721188554399,329.508,458.930,1534.044,336.223,1.163,51.747,7.306,7.083,11.72,344.151,1112.759,1591.631,2095.313,2749.015,3254.597,582.089,30.064,-1.699,,1.163,22:40:47
HFC_189.wav,94.254,99.40,106.13,107.366,85.347,22.019,29.831,97.310,48.891,3.078,15.884061418372232,315.869,348.344,423.646,337.154,0.812,100.296,9.850,10.183,18.05,324.086,1064.072,1677.520,2158.683,2902.754,3424.143,620.011,28.225,-0.622,,0.812,22:40:48
HFC_19.wav,91.504,89.97,87.68,103.699,78.465,25.234,13.538,88.927,72.698,4.556,15.958312283933614,297.254,557.155,1458.057,341.332,1.098,57.514,6.833,8.417,10.75,370.738,1083.897,1628.084,2144.902,2727.632,3254.655,576.783,30.341,-1.291,,1.098,22:30:58
HFC_190.wav,91.224,91.82,88.84,104.498,84.772,19.727,16.469,66.601,56.649,4.843,11.696904001638401,290.852,357.080,520.586,342.041,1.032,65.850,6.296,10.459,17.71,337.274,1134.322,1740.917,2193.666,2925.514,3429.871,618.519,28.293,-0.683,,1.032,22:40:50
HFC_191.wav,87.964,90.54,90.51,91.752,80.270,11.482,96.542,34.831,33.931,7.369,4.604465883107972,276.807,413.670,1471.097,366.491,1.493,32.126,13.734,2.339,8.19,325.612,739.521,1484.746,2074.040,2581.195,3505.807,636.039,27.514,-1.720,,1.493,22:40:51
HFC_192.wav,94.861,98.76,81.61,105.817,81.612,24.205,68.930,133.072,85.991,5.014,17.150861175678806,322.552,346.482,464.200,319.974,0.698,85.954,6.446,13.334,15.57,318.361,1122.250,1771.772,2205.190,2934.368,3463.802,629.088,27.818,-0.292,,0.698,22:41:09
HFC_193.wav,84.130,84.17,97.23,101.022,76.639,24.383,82.751,67.829,36.001,3.698,9.736065538793046,309.636,490.313,1538.168,304.835,1.352,65.715,8.135,8.078,13.01,333.324,961.500,1705.392,2084.066,2825.793,3197.216,572.778,30.553,-1.830,,1.352,22:41:11
HFC_194.wav,87.359,104.17,85.73,104.169,72.081,32.089,16.238,101.638,62.027,3.350,18.517843117981347,339.607,429.315,1411.667,354.947,1.343,75.483,11.910,6.338,6.79,350.735,1050.751,1700.879,2061.173,2737.008,3210.249,571.903,30.600,-2.032,,1.343,22:41:16
HFC_195.wav,91.525,101.41,85.69,106.737,82.401,24.335,12.405,62.752,50.301,3.106,16.194671783042153,341.540,390.076,775.147,347.330,0.966,69.518,9.836,7.068,14.54,344.387,963.639,1650.327,2065.355,2819.987,3279.272,586.977,29.814,-2.073,,0.966,22:41:20
HFC_196.wav,86.391,87.97,92.51,109.689,70.335,39.354,17.067,276.150,200.874,40.780,4.925853105587722,332.737,387.175,642.786,341.961,1.361,58.466,10.654,5.488,13.95,365.028,1063.322,1673.027,2093.563,2755.224,3285.679,584.130,29.959,-0.922,unvoiced,1.361,22:41:22
HFC_197.wav,97.173,93.98,100.00,101.740,86.612,15.128,56.238,28.015,18.126,1.271,14.260171130640867,389.198,407.291,476.239,386.815,1.967,73.459,6.610,11.114,23.57,381.140,956.378,1602.039,2053.611,2658.838,3258.491,575.470,30.410,-1.230,,1.967,22:41:25
HFC_198.wav,87.852,77.42,71.37,95.900,71.367,24.533,48.065,55.387,51.376,1.143,44.960456447733094,352.421,559.557,1971.975,364.173,1.313,63.923,9.903,6.455,7.57,364.940,1156.061,1708.471,2147.355,2840.651,3339.901,594.992,29.412,-1.658,,1.313,22:41:34
HFC_199.wav,90.942,104.25,105.87,105.869,82.254,23.615,85.534,84.073,57.705,4.380,13.173554060475904,332.775,349.142,404.147,326.198,0.799,76.602,6.258,12.241,19.63,323.902,1025.803,1694.650,2162.934,2850.333,3435.850,622.390,28.117,-0.531,,0.799,22:41:38
HFC_20.wav,76.522,75.97,72.16,80.956,72.162,8.795,63.598,17.051,16.786,3.405,4.930209716725598,286.428,761.726,1901.179,306.100,2.937,37.662,7.831,4.809,8.06,349.585,1239.281,1698.710,2278.849,2896.215,3390.765,608.236,28.772,-1.193,,2.937,22:31:01
HFC_200.wav,87.016,106.79,81.25,106.793,70.676,36.116,1.536,115.757,111.580,4.846,23.023382990933733,270.218,346.122,1007.587,272.814,1.032,45.027,11.147,4.039,12.18,311.901,862.400,1477.754,2091.273,2730.773,3441.299,625.880,27.961,-1.214,,1.032,22:41:39
HFC_201.wav,88.865,86.47,80.77,95.015,76.841,18.174,22.572,76.738,74.711,4.657,16.042160120421872,278.112,394.654,1303.500,364.589,1.181,64.397,9.314,6.914,9.30,332.382,947.537,1583.979,2129.626,2863.602,3463.804,626.285,27.943,-1.664,,1.181,22:42:01
HFC_202.wav,91.117,76.00,75.81,97.206,73.185,24.021,49.022,52.527,51.040,3.164,16.13388243027956,325.635,397.657,668.459,368.635,1.264,28.620,9.886,2.895,10.20,362.833,741.153,1438.117,2074.669,2619.975,3471.695,621.772,28.145,-0.510,,1.264,22:42:06
HFC_203.wav,76.838,72.40,93.50,95.179,72.401,22.778,92.837,32.191,31.125,3.024,10.294137060598226,285.296,555.119,1469.262,283.767,0.992,39.845,8.567,4.651,8.88,418.526,1078.687,1553.803,2084.223,2806.768,3338.931,584.081,29.962,-0.996,,0.992,22:42:17
HFC_204.wav,79.550,88.73,90.37,103.957,71.483,32.474,5.414,60.343,58.469,3.694,15.829598792558047,284.621,440.555,1393.179,289.566,1.624,54.985,11.389,4.828,9.32,337.363,997.067,1610.750,2048.894,2753.737,3247.794,582.086,30.064,-1.092,,1.624,22:42:20
HFC_205.wav,80.867,80.09,77.67,85.958,77.391,8.567,48.152,44.240,42.716,6.602,6.47007603902281,223.106,361.104,1520.042,237.158,0.909,34.091,14.855,2.295,7.81,296.812,912.026,1519.356,2073.810,2782.525,3500.614,640.760,27.311,-2.072,,0.909,22:42:32
HFC_206.wav,89.530,96.26,81.46,105.350,70.805,34.545,17.529,146.817,117.755,4.611,25.538586576320647,327.790,543.041,1502.339,398.898,1.084,55.075,11.527,4.778,9.93,365.510,1029.097,1602.795,1966.485,2562.790,3140.788,555.056,31.528,-1.407,,1.084,22:42:39
HFC_207.wav,96.758,99.93,77.32,103.716,77.266,26.449,65.840,41.284,23.762,2.612,9.097006498006483,376.140,428.194,823.989,379.851,1.914,58.875,7.053,8.348,18.33,380.756,950.113,1649.861,2052.244,2645.224,3187.964,561.442,31.170,-1.681,,1.914,22:42:42
HFC_208.wav,92.629,100.18,84.56,105.306,84.328,20.979,17.831,60.237,43.028,2.636,16.321520495330475,337.451,387.666,700.755,343.027,0.948,68.030,6.854,9.925,17.74,343.696,1015.673,1632.115,2048.137,2807.319,3318.237,594.908,29.416,-1.391,,0.948,22:42:45
HFC_209.wav,91.343,95.58,75.75,104.354,75.752,28.603,5.903,70.344,61.860,5.270,11.737065959763791,322.081,428.286,1146.337,378.854,2.182,46.257,11.687,3.958,15.53,361.922,990.781,1632.624,2037.094,2716.792,3203.049,568.225,30.798,-1.816,,2.182,22:42:47
HFC_21.wav,93.051,82.17,93.98,104.063,76.306,27.757,68.232,90.619,64.090,1.218,52.61649732245401,301.936,510.104,1765.208,303.333,0.821,54.429,6.699,8.124,8.71,337.195,1066.553,1696.498,2157.078,2759.880,3252.209,583.003,30.017,-1.820,,0.821,22:31:06
HFC_210.wav,93.178,86.88,104.13,106.480,84.359,22.121,26.523,90.559,70.786,3.270,21.64994184538836,331.919,344.381,379.106,323.989,0.918,76.552,7.084,10.806,19.14,313.579,949.670,1679.542,2181.490,2837.030,3414.152,620.115,28.221,-0.286,,0.918,22:42:55
HFC_211.wav,98.964,76.03,81.35,108.833,76.027,32.806,63.749,179.126,150.232,5.024,29.900289938050808,316.473,388.050,1443.248,325.833,0.896,50.768,8.374,6.063,12.69,328.346,979.348,1615.178,2124.769,2664.091,3316.978,597.726,29.278,-2.312,,0.896,22:42:56
HFC_212.wav,84.752,106.04,83.98,109.790,70.461,39.330,96.321,244.040,163.967,49.939,3.2833587678423766,297.763,434.931,1623.730,294.630,1.392,61.277,11.856,5.168,7.31,360.561,845.631,1535.300,2107.411,2771.601,3522.799,632.448,27.670,-2.024,unvoiced,1.392,22:42:57
HFC_213.wav,88.749,82.35,83.36,104.068,80.417,23.652,17.622,70.266,57.656,5.984,9.63578405976217,335.422,497.645,1845.810,344.102,2.507,68.560,10.970,6.250,10.96,340.612,1039.648,1646.652,2185.691,2722.765,3274.826,586.843,29.821,-2.098,,2.507,22:43:00
HFC_214.wav,103.291,100.58,97.79,106.479,93.851,12.628,52.925,39.304,18.704,0.636,29.397347047846665,310.564,332.335,445.612,309.218,0.786,80.695,4.454,18.118,20.67,322.290,1114.051,1654.361,2104.385,2872.966,3431.114,621.765,28.146,-0.362,,0.786,22:43:04
HFC_215.wav,86.688,90.42,81.18,104.636,71.038,33.599,13.721,83.140,69.799,2.824,24.71962217439866,307.484,409.175,1232.612,353.867,2.656,65.096,9.224,7.057,10.45,374.406,1049.111,1650.466,2112.513,2766.339,3286.266,582.372,30.050,-1.667,,2.656,22:43:05
HFC_216.wav,85.994,98.96,82.03,102.908,70.909,31.998,18.920,113.124,60.498,3.201,18.90195644053043,320.168,435.052,1445.119,275.914,1.875,50.055,9.335,5.362,14.37,344.767,1011.735,1648.899,2095.762,2780.514,3241.224,579.291,30.209,-2.350,,1.875,22:43:09
HFC_217.wav,80.433,103.77,97.58,104.186,71.468,32.719,2.667,57.382,54.474,1.761,30.93052210860206,278.017,357.764,952.571,294.684,1.703,62.999,8.512,7.401,14.29,330.100,1003.451,1535.542,2064.285,2678.475,3297.552,593.491,29.487,-1.109,,1.703,22:43:13
HFC_218.wav,90.874,87.63,89.34,106.178,72.918,33.261,12.758,72.145,63.172,3.431,18.410316141284543,309.498,403.178,967.252,304.600,3.060,68.910,9.640,7.148,11.30,357.496,1084.614,1576.773,2028.235,2635.575,3212.986,571.098,30.643,-1.592,,3.060,22:43:21
HFC_219.wav,90.775,94.69,101.96,108.550,74.897,33.653,49.821,42.325,18.737,1.265,14.806623240816574,314.527,399.629,1249.615,325.403,3.161,34.524,9.016,3.829,15.14,364.344,1177.575,1574.541,2050.372,2755.896,3435.764,614.284,28.488,-1.399,,3.161,22:43:25
HFC_22.wav,95.765,107.31,91.67,107.523,81.645,25.878,14.666,75.898,60.900,3.684,16.5324325946027,370.668,570.217,1591.995,371.361,1.629,84.720,10.744,7.885,12.15,377.196,1018.908,1655.125,2062.395,2656.462,3191.191,562.799,31.095,-2.141,,1.629,22:31:08
HFC_220.wav,91.711,82.79,101.07,109.696,70.335,39.362,50.376,191.887,59.832,10.517,5.688914135060974,390.144,453.876,1017.322,405.003,3.328,57.249,10.067,5.687,13.79,370.828,972.143,1637.241,2015.913,2630.977,3178.349,561.504,31.166,-1.751,unvoiced,3.328,22:43:29
HFC_221.wav,97.117,82.63,96.67,104.483,81.193,23.291,51.474,43.231,30.193,1.525,19.795179743374675,377.602,419.455,518.897,397.655,1.967,57.594,5.338,10.788,13.41,383.778,964.890,1591.579,2052.112,2665.722,3231.136,569.472,30.730,-0.872,,1.967,22:43:34
HFC_222.wav,90.546,99.19,79.06,107.656,79.063,28.593,16.838,88.606,71.295,5.909,12.064804906042395,304.790,440.336,1683.580,340.409,0.931,51.997,5.909,8.799,14.73,332.141,1125.413,1702.732,2152.354,2884.852,3333.489,600.270,29.154,-2.460,,0.931,22:43:36
HFC_223.wav,83.791,100.33,102.32,103.284,70.834,32.450,8.054,83.787,68.799,4.010,17.156276966232817,301.427,437.896,1489.868,273.532,1.247,49.479,8.020,6.169,13.67,333.543,1085.405,1645.016,2110.864,2805.940,3294.143,592.120,29.555,-2.179,,1.247,22:43:38
HFC_224.wav,82.836,82.13,80.55,95.935,71.227,24.708,61.681,71.752,39.676,2.005,19.787791779379212,305.153,410.539,1140.883,336.577,2.494,54.567,8.822,6.185,13.14,338.487,1047.981,1595.961,2050.192,2696.237,3267.218,585.746,29.876,-1.778,,2.494,22:43:40
HFC_225.wav,83.345,85.14,71.84,101.633,71.752,29.882,79.282,60.019,56.892,3.600,15.803940339674181,316.772,561.600,1928.155,290.456,1.528,58.130,9.491,6.125,9.55,332.995,1006.695,1647.959,2131.637,2743.364,3321.175,597.636,29.282,-1.598,,1.528,22:43:43
HFC_226.wav,84.708,102.32,80.08,106.454,73.118,33.336,5.363,64.194,57.683,2.840,20.312949358138432,330.937,522.099,1615.031,352.353,3.345,56.175,11.658,4.819,10.59,352.612,987.890,1654.269,2144.397,2768.801,3238.016,577.081,30.325,-2.134,,3.345,22:43:46
HFC_227.wav,94.454,95.04,90.67,105.449,85.326,20.123,45.384,64.261,0.000,0.000,--undefined--,377.535,531.300,1647.607,370.756,2.309,55.373,10.609,5.219,11.23,358.971,989.885,1632.349,2111.935,2724.798,3288.663,585.938,29.867,-2.115,,2.309,22:43:52
HFC_228.wav,99.733,82.71,99.65,105.677,82.709,22.968,69.987,33.629,14.468,0.941,15.371037848675305,399.019,481.539,1539.482,392.515,1.594,72.603,8.471,8.571,20.80,392.964,1105.351,1650.763,2107.620,2727.113,3236.646,568.737,30.770,-2.204,,1.594,22:43:55
HFC_229.wav,93.407,88.32,76.38,99.306,76.383,22.923,21.950,51.750,22.422,1.449,15.474560234012142,377.485,441.742,1351.346,371.090,1.725,52.052,7.245,7.185,24.67,372.182,1004.752,1628.775,2090.964,2765.518,3238.791,573.322,30.524,-2.445,,1.725,22:43:57
HFC_23.wav,78.292,76.87,70.33,108.997,70.335,38.662,18.452,88.445,65.637,27.756,2.364811183725582,354.908,568.997,1194.693,406.557,2.270,48.719,10.353,4.706,11.29,411.132,903.320,1646.539,2052.973,2751.387,3187.041,555.182,31.521,-1.186,unvoiced,2.270,22:31:11
HFC_230.wav,78.779,80.49,83.38,97.505,70.840,26.665,27.292,68.878,67.432,2.431,27.74376807851831,280.231,358.632,848.764,271.652,1.440,40.855,9.722,4.202,13.27,334.996,961.110,1586.764,2150.010,2845.048,3450.397,623.080,28.086,-0.929,,1.440,22:44:01
HFC_231.wav,88.698,106.42,81.72,106.632,79.283,27.349,11.056,98.578,70.921,4.429,16.013030212889465,294.881,373.993,676.522,346.514,0.790,86.551,5.694,15.199,16.49,339.414,974.713,1685.578,2127.052,2835.633,3329.771,598.071,29.261,-1.118,,0.790,22:44:03
HFC_232.wav,88.413,97.08,70.34,109.659,70.335,39.324,12.147,231.265,153.706,41.687,3.6871891323550523,346.226,632.230,1607.948,365.997,1.835,72.366,8.446,8.568,14.50,367.947,1073.182,1701.630,2057.342,2740.860,3239.532,574.317,30.471,-2.148,unvoiced,1.835,22:44:05
HFC_233.wav,101.364,102.18,94.74,106.875,88.148,18.726,46.505,40.640,24.425,1.280,19.087578245041435,396.538,546.398,1209.612,391.439,1.563,59.576,6.078,9.801,19.57,397.874,969.450,1708.141,1964.917,2604.904,3098.273,540.080,32.403,-1.572,,1.563,22:44:07
HFC_234.wav,82.201,78.47,85.23,96.079,78.472,17.607,86.611,41.723,40.407,4.698,8.600206500714803,315.992,345.276,475.405,324.100,0.958,35.544,9.919,3.583,15.74,337.989,640.808,1474.295,1913.856,2667.824,3503.407,633.083,27.642,-0.138,,0.958,22:44:09
HFC_235.wav,98.591,87.33,97.44,106.550,86.855,19.695,61.525,59.452,38.258,2.468,15.500634986984531,385.218,480.302,1121.490,381.464,1.418,90.876,7.405,12.273,18.91,389.947,955.242,1627.205,1943.038,2607.244,3122.227,546.456,32.025,-1.770,,1.418,22:44:10
HFC_236.wav,89.474,95.05,78.97,103.978,78.968,25.010,13.897,98.731,79.012,3.796,20.812938056204953,305.798,369.388,581.419,348.352,0.922,74.167,5.966,12.432,17.71,341.161,1085.529,1718.844,2203.575,2916.884,3393.370,610.442,28.668,-0.739,,0.922,22:44:11
HFC_237.wav,90.094,95.71,75.07,104.781,74.835,29.946,8.143,90.450,88.268,4.586,19.246824984398366,290.015,430.501,1932.404,331.606,1.308,55.853,14.140,3.950,6.41,355.956,837.715,1484.394,2247.595,2759.983,3426.788,614.166,28.494,-2.167,,1.308,22:44:33
HFC_238.wav,92.022,83.80,88.36,106.194,83.802,22.392,34.444,73.771,67.914,2.905,23.375930440872548,342.853,379.697,619.351,348.139,0.860,106.724,7.554,14.129,12.34,358.238,937.598,1599.839,2062.769,2674.810,3283.859,585.124,29.908,-0.407,,0.860,22:44:35
HFC_239.wav,99.347,108.35,87.05,108.971,82.842,26.130,33.046,76.299,64.056,1.822,35.15287590865093,312.243,381.917,636.376,338.592,1.098,42.838,9.111,4.702,10.65,361.048,945.142,1644.681,2203.075,2944.456,3451.613,618.113,28.312,-0.057,,1.098,22:44:42
HFC_24.wav,92.604,102.41,102.75,105.377,76.922,28.455,8.124,86.154,72.571,3.451,21.02821480233702,379.642,411.218,530.798,391.639,2.318,73.440,8.412,8.730,15.42,376.431,952.128,1546.583,2014.389,2657.366,3181.684,561.051,31.191,-0.746,,2.318,22:31:14
HFC_240.wav,95.095,81.10,90.22,104.217,81.104,23.113,69.721,62.488,53.627,1.957,27.405221641063655,372.592,438.155,955.862,381.595,1.278,75.933,9.001,8.436,12.67,366.918,1041.114,1656.356,2088.356,2726.106,3260.245,578.665,30.242,-1.944,,1.278,22:44:44
HFC_241.wav,86.501,83.60,100.65,100.653,79.907,20.745,88.282,68.294,16.192,0.670,24.169958911975954,336.505,361.542,440.940,334.973,0.746,86.306,4.689,18.404,20.43,328.100,1070.792,1718.728,2153.043,2909.739,3469.279,628.236,27.856,-0.453,,0.746,22:44:50
HFC_242.wav,83.958,75.14,83.73,86.665,75.141,11.524,77.474,20.961,20.236,6.269,3.2278762221054245,334.699,441.336,1871.035,340.358,0.957,43.177,6.792,6.357,13.07,337.175,1176.043,1731.538,2265.912,2880.794,3460.504,624.666,28.015,-2.312,,0.957,22:44:54
HFC_243.wav,82.502,106.67,103.16,106.672,72.123,34.548,1.191,82.168,79.437,4.556,17.437508627445446,280.336,367.605,1179.073,310.456,1.207,52.555,11.182,4.700,8.75,328.383,741.679,1499.061,2050.923,2713.043,3550.445,644.412,27.157,-1.895,,1.207,22:44:55
HFC_244.wav,92.966,80.83,83.55,98.281,79.656,18.625,34.375,22.202,21.178,2.385,8.879378439418247,345.133,402.300,665.859,370.621,1.677,34.883,8.348,4.179,12.20,370.103,818.682,1496.298,2034.905,2817.284,3413.489,608.677,28.751,-0.630,,1.677,22:44:57
HFC_245.wav,98.201,85.37,77.39,107.418,77.386,30.032,64.279,111.051,86.797,1.919,45.21996027686273,293.615,348.855,708.772,313.910,0.781,77.709,8.957,8.675,11.00,313.180,1001.931,1628.551,2183.457,2915.029,3467.220,630.808,27.742,-0.695,,0.781,22:45:04
HFC_246.wav,84.089,73.89,72.25,106.597,70.613,35.985,96.184,247.533,188.866,90.606,2.084486469311122,268.775,396.591,1936.907,360.274,1.782,33.290,10.379,3.207,13.97,323.283,945.448,1631.312,2284.030,2894.013,3459.332,627.210,27.901,-2.884,unvoiced,1.782,22:45:26
HFC_247.wav,90.503,91.15,76.50,105.045,76.199,28.847,36.211,111.747,59.370,2.862,20.747632779609585,337.094,610.935,1421.247,335.868,0.874,69.041,6.295,10.967,11.11,361.564,1060.290,1673.206,2087.262,2779.469,3256.530,578.993,30.225,-1.214,,0.874,22:45:34
HFC_248.wav,91.600,90.12,88.00,109.876,77.763,32.113,23.553,226.751,107.203,13.123,8.169029700396,457.163,948.001,1813.303,370.150,1.067,68.379,7.030,9.727,10.71,420.234,1052.528,1669.232,2128.600,2723.132,3188.145,553.582,31.612,-1.340,unvoiced,1.067,22:45:36
HFC_249.wav,85.158,100.30,70.33,109.935,70.335,39.600,25.807,190.542,124.603,30.765,4.050201309839374,379.212,497.632,1362.102,393.494,1.690,63.484,9.170,6.923,18.37,383.999,983.186,1680.195,2121.696,2773.452,3225.892,568.379,30.789,-2.068,unvoiced,1.690,22:45:38
HFC_25.wav,81.767,82.52,95.63,96.339,71.512,24.827,23.825,79.102,56.680,3.215,17.632078794221147,275.077,394.848,823.793,286.384,1.089,59.088,6.888,8.578,14.91,338.010,950.920,1541.453,1976.640,2668.030,3158.583,564.115,31.022,-1.193,,1.089,22:31:19
HFC_250.wav,90.248,84.51,85.19,104.114,83.063,21.051,40.709,51.995,36.473,3.043,11.986891354530522,349.103,421.250,1335.054,348.871,1.150,72.373,7.824,9.250,13.46,359.601,1078.723,1625.801,2074.113,2822.311,3279.133,583.906,29.971,-1.601,,1.150,22:45:44
HFC_251.wav,90.896,85.32,75.90,105.398,75.896,29.503,32.400,70.423,45.263,2.278,19.871655881336615,365.707,429.044,1286.895,360.440,1.537,69.622,8.135,8.558,16.07,360.958,1028.474,1576.986,2043.523,2733.151,3230.687,573.946,30.491,-1.843,,1.537,22:45:48
HFC_252.wav,94.866,79.17,103.99,109.561,79.171,30.390,72.908,69.949,35.288,0.438,80.55976537696444,347.461,852.586,1882.052,326.987,1.141,61.437,7.008,8.766,7.37,376.476,1149.840,1725.399,2163.187,2850.848,3318.722,588.449,29.739,-1.309,,1.141,22:45:56
HFC_253.wav,89.004,79.23,102.27,104.479,79.232,25.246,83.444,53.533,13.881,1.356,10.238291075133986,306.235,426.452,1770.418,334.713,0.738,70.418,4.745,14.839,15.99,322.390,1101.715,1718.059,2125.410,2825.340,3278.092,591.140,29.604,-2.146,,0.738,22:46:02
HFC_254.wav,88.505,87.73,76.53,103.781,76.057,27.725,16.902,75.326,65.043,3.151,20.641333272902877,292.832,388.450,889.648,344.025,1.111,52.063,9.453,5.507,15.09,334.713,1059.188,1654.100,2146.483,2807.736,3310.942,595.246,29.400,-1.833,,1.111,22:46:03
HFC_255.wav,87.933,88.04,89.70,92.415,81.575,10.840,34.459,45.434,16.078,1.376,11.682278221068024,345.417,447.644,1617.938,347.382,1.453,62.183,8.602,7.229,9.68,330.351,1065.517,1587.567,2077.997,2764.818,3310.365,596.003,29.362,-2.259,,1.453,22:46:23
HFC_256.wav,95.781,86.24,93.65,103.496,85.797,17.699,24.049,39.805,27.558,2.841,9.701033380804946,383.288,472.272,1384.674,369.008,1.936,71.896,7.489,9.600,19.92,383.332,1033.804,1591.982,2037.722,2764.767,3230.554,569.444,30.732,-2.046,,1.936,22:46:27
HFC_257.wav,91.529,109.77,109.65,109.895,76.995,32.900,4.788,269.060,182.502,72.003,2.534634715123529,296.122,398.236,1431.958,345.596,1.062,53.176,6.118,8.692,11.39,323.241,929.201,1555.006,2063.088,2802.620,3394.681,614.288,28.488,-1.933,unvoiced,1.062,22:46:34
HFC_258.wav,95.687,98.63,80.55,103.212,80.552,22.661,20.528,78.734,39.014,2.509,15.552411982024415,382.403,592.298,1938.180,379.440,0.997,91.327,5.017,18.203,16.55,374.973,1174.505,1743.519,2260.566,2824.877,3322.491,589.504,29.686,-1.985,,0.997,22:46:41
HFC_259.wav,90.153,81.11,80.94,106.273,80.940,25.332,29.485,56.251,35.865,2.712,13.226634581782179,351.180,426.346,1457.766,347.237,1.844,49.522,6.779,7.305,20.83,362.777,1105.730,1653.470,2149.234,2871.058,3338.171,595.079,29.408,-2.467,,1.844,22:46:43
HFC_26.wav,81.750,100.30,80.52,100.302,71.489,28.813,3.488,127.790,103.856,4.218,24.62160360905701,248.067,421.457,1215.101,283.331,0.948,45.739,12.127,3.772,12.17,336.656,977.922,1598.299,1959.620,2742.296,3172.401,567.149,30.856,-1.408,,0.948,22:31:21
HFC_260.wav,95.984,80.92,90.08,107.173,80.917,26.255,56.723,47.939,37.802,0.443,85.30455611382794,339.254,515.348,1608.230,322.417,1.128,58.315,11.965,4.874,9.15,353.584,1078.343,1675.346,2124.495,2789.476,3300.138,589.311,29.696,-1.830,,1.128,22:46:51
HFC_261.wav,86.729,76.87,89.06,102.469,71.442,31.026,45.191,71.590,69.632,3.268,21.305280834922865,298.899,362.326,863.317,291.899,1.989,52.842,9.554,5.531,11.52,330.468,979.834,1550.275,2086.971,2713.518,3304.769,594.860,29.419,-1.421,,1.989,22:46:54
HFC_262.wav,89.774,105.84,99.04,106.279,79.420,26.859,15.209,104.102,81.306,6.699,12.136708923170925,322.688,387.335,1104.328,328.797,0.821,73.227,7.308,10.020,14.61,332.290,1088.901,1695.040,2170.470,2919.704,3438.735,621.289,28.167,-1.902,,0.821,22:46:57
HFC_263.wav,85.656,80.40,90.24,95.332,78.297,17.036,88.673,43.614,43.015,5.706,7.538825186290628,308.785,403.457,1339.800,354.620,2.191,36.313,12.553,2.893,9.95,336.423,1057.873,1661.890,2220.877,2899.990,3430.675,618.850,28.278,-2.104,,2.191,22:46:59
HFC_264.wav,99.603,103.87,82.62,108.828,82.622,26.205,35.284,139.297,127.921,2.356,54.28936896037982,324.503,341.118,408.314,322.973,0.637,62.595,3.927,15.939,18.36,328.868,1115.015,1695.388,2087.474,2939.296,3525.250,639.276,27.375,-0.732,,0.637,22:47:06
HFC_265.wav,89.012,76.30,81.10,99.060,76.296,22.764,69.788,58.761,53.223,3.372,15.78545519950025,340.698,390.415,644.552,359.941,1.335,68.064,10.864,6.265,13.27,365.664,1022.756,1651.457,2086.946,2736.388,3258.035,578.474,30.252,-0.912,,1.335,22:47:08
HFC_266.wav,90.442,98.54,72.30,105.708,72.296,33.412,11.302,88.334,64.029,2.759,23.21154089145059,313.476,398.003,878.604,358.917,1.269,75.928,8.670,8.758,16.47,344.151,1029.081,1639.705,2094.115,2776.538,3288.646,588.899,29.716,-2.115,,1.269,22:47:11
HFC_267.wav,88.701,81.72,85.79,91.416,81.723,9.693,76.210,43.778,13.178,1.150,11.45523475140142,341.014,381.873,623.869,341.012,0.869,70.322,7.478,9.404,18.53,338.986,993.327,1668.024,2146.690,2818.158,3390.131,610.229,28.678,-0.660,,0.869,22:47:20
HFC_268.wav,91.936,101.24,83.64,107.644,83.637,24.007,12.641,79.614,62.329,3.870,16.10577210797776,307.131,497.506,1758.529,337.743,0.904,61.246,8.293,7.385,12.58,342.246,1073.854,1678.433,2105.060,2813.078,3282.026,587.956,29.764,-1.955,,0.904,22:47:23
HFC_269.wav,82.129,97.34,97.94,98.621,70.799,27.822,5.435,81.036,67.383,2.701,24.948461623148244,290.996,415.795,1298.087,283.731,1.111,44.996,8.553,5.261,17.38,319.489,942.070,1658.189,1994.188,2731.636,3208.430,577.788,30.288,-1.972,,1.111,22:47:25
HFC_27.wav,77.753,83.93,70.33,99.469,70.335,29.134,28.385,119.388,69.618,21.476,3.2416863661333095,362.486,422.643,546.722,410.460,1.537,60.705,8.786,6.910,14.75,375.056,927.403,1541.337,2009.429,2657.105,3156.803,556.349,31.455,-0.382,unvoiced,1.537,22:31:22
HFC_270.wav,83.988,92.12,96.91,104.260,71.128,33.132,9.136,84.762,73.746,3.650,20.203074157263238,301.343,446.101,1656.979,275.757,1.370,47.592,7.666,6.209,15.77,326.017,1145.458,1660.947,2121.808,2732.870,3236.536,582.104,30.063,-2.209,,1.370,22:47:27
HFC_271.wav,85.873,89.94,97.47,102.049,70.701,31.347,8.387,92.413,82.006,4.298,19.081329936789967,300.275,408.838,1226.174,348.462,1.396,51.648,6.088,8.483,13.91,332.928,1126.142,1619.842,2105.623,2749.658,3257.171,584.849,29.922,-2.277,,1.396,22:47:29
HFC_272.wav,87.518,84.71,93.67,102.023,70.830,31.193,8.742,108.515,90.606,5.634,16.082252015545617,296.607,372.498,709.882,346.713,1.242,61.601,6.841,9.004,13.56,340.335,1012.404,1581.966,2070.473,2703.627,3248.158,581.565,30.091,-1.366,,1.242,22:47:31
HFC_273.wav,78.108,90.29,83.49,94.724,73.105,21.619,13.852,37.140,36.158,4.932,7.331230252239971,286.381,316.942,476.473,292.539,1.115,25.852,11.209,2.306,17.97,299.235,754.950,1381.533,2018.039,2856.676,3562.395,652.632,26.815,0.102,,1.115,22:47:36
HFC_274.wav,77.968,92.82,89.67,98.540,70.890,27.650,2.667,50.810,49.159,3.037,16.186686619712702,287.214,307.753,378.948,284.457,1.646,27.463,7.593,3.617,20.95,299.311,739.632,1377.165,1964.248,2715.707,3536.595,647.457,27.029,-0.019,,1.646,22:47:39
HFC_275.wav,91.234,85.34,85.10,96.688,83.527,13.161,19.258,26.750,25.090,4.792,5.235452388289771,280.955,299.893,353.561,281.649,1.774,54.324,15.223,3.569,14.85,317.504,808.535,1518.685,2103.235,2655.553,3252.935,587.086,29.808,-0.320,,1.774,22:47:44
HFC_276.wav,84.976,80.17,83.05,87.214,80.169,7.045,64.542,29.939,7.847,0.000,--undefined--,335.427,361.693,496.515,329.520,0.821,89.742,6.699,13.396,19.72,326.021,993.475,1679.260,2142.016,2800.147,3446.691,624.134,28.039,-0.342,,0.821,22:47:49
HFC_277.wav,90.796,100.86,83.81,107.729,82.212,25.516,28.597,72.209,54.357,2.389,22.750108498961556,330.138,353.493,454.795,326.994,0.628,79.578,5.575,14.274,17.89,325.408,985.416,1604.113,2072.577,2800.539,3331.527,601.224,29.107,-0.931,,0.628,22:47:54
HFC_278.wav,92.901,84.64,95.61,102.481,84.640,17.842,72.476,26.691,25.753,4.244,6.067730260023229,282.372,351.599,771.661,298.940,2.121,32.724,12.025,2.721,10.34,300.327,979.883,1594.359,2104.034,2730.403,3404.349,620.804,28.189,-1.375,,2.121,22:47:54
HFC_279.wav,96.813,106.24,87.94,109.639,73.176,36.463,20.190,62.944,61.539,5.921,10.393755848667729,295.272,384.600,1050.192,345.707,1.436,63.094,10.797,5.844,10.09,329.531,963.224,1595.533,2095.431,2781.983,3369.781,608.050,28.781,-1.596,,1.436,22:47:57
HFC_28.wav,95.264,98.34,79.42,109.978,73.998,35.980,13.118,131.829,76.953,48.338,1.5919692150582883,354.385,413.811,588.473,395.585,1.365,69.017,8.423,8.194,16.84,370.425,940.668,1540.512,1957.385,2603.274,3119.744,549.864,31.826,-0.736,unvoiced,1.365,22:31:24
HFC_280.wav,91.368,104.86,79.06,108.269,79.058,29.211,11.834,81.090,54.979,4.133,13.302478457354873,309.001,445.928,1667.619,349.645,1.089,66.411,11.481,5.785,14.26,341.096,1099.503,1701.441,2074.686,2820.149,3305.870,592.955,29.513,-2.376,,1.089,22:48:00
HFC_281.wav,87.553,83.71,96.62,104.736,71.612,33.123,20.305,105.447,90.334,3.404,26.538559646592176,314.623,411.518,1245.766,343.843,1.175,60.540,10.637,5.691,10.05,339.241,1082.939,1657.215,2143.726,2770.243,3287.346,589.621,29.680,-2.243,,1.175,22:48:02
HFC_282.wav,86.966,85.40,102.93,102.931,76.289,26.642,98.995,63.267,61.537,3.251,18.929557991821184,324.294,351.960,383.217,354.297,1.538,34.186,7.477,4.572,20.43,340.152,586.637,1457.444,2005.497,2727.666,3512.960,634.562,27.578,-0.470,,1.538,22:48:03
HFC_283.wav,96.710,88.90,72.89,102.310,72.890,29.420,77.125,30.944,30.212,3.674,8.223553300699866,297.059,309.379,350.357,290.316,2.041,48.074,9.552,5.033,21.53,309.717,1001.806,1572.204,2124.933,2771.886,3375.797,613.216,28.538,-0.924,,2.041,22:48:05
HFC_284.wav,89.638,86.20,80.14,100.498,80.142,20.355,15.168,74.462,68.870,3.463,19.888427995100702,340.791,460.872,1607.015,356.801,1.300,88.547,9.619,9.206,12.43,367.963,1016.886,1627.972,2047.279,2673.396,3207.614,567.930,30.814,-2.133,,1.300,22:48:28
HFC_285.wav,89.529,91.48,101.32,105.122,78.126,26.995,20.214,62.814,45.712,2.793,16.36705465992641,334.988,422.686,1293.454,335.386,1.611,72.593,7.758,9.357,15.59,343.911,786.856,1550.868,2023.644,2699.906,3316.191,594.456,29.439,-2.594,,1.611,22:48:29
HFC_286.wav,80.993,88.03,80.30,89.897,71.787,18.110,17.820,23.807,21.400,2.883,7.422219084523482,308.382,355.901,794.598,305.521,1.734,47.166,9.515,4.957,13.18,346.398,888.884,1612.604,2064.128,2731.588,3257.164,582.153,30.061,-1.045,,1.734,22:48:31
HFC_287.wav,85.313,105.75,95.84,105.820,71.616,34.204,4.923,90.230,86.640,4.906,17.660316022730804,333.611,535.156,1330.266,392.541,1.427,54.653,9.461,5.776,11.52,377.255,982.386,1553.633,1999.974,2644.820,3134.204,551.390,31.738,-1.291,,1.427,22:48:33
HFC_288.wav,81.177,102.61,95.91,102.614,71.050,31.564,1.166,82.453,78.664,4.186,18.79311521914352,312.654,546.877,1443.908,388.116,2.867,61.886,12.209,5.069,10.61,364.402,1036.836,1576.706,1986.363,2684.963,3208.337,568.787,30.767,-1.502,,2.867,22:48:35
HFC_289.wav,88.939,88.75,75.62,102.494,74.030,28.464,32.313,60.246,57.163,3.497,16.345125282103435,328.798,394.720,980.448,349.583,3.288,66.699,7.451,8.952,15.93,346.904,975.116,1585.722,2059.914,2736.952,3281.506,586.920,29.817,-1.993,,3.288,22:48:40
HFC_29.wav,96.613,103.52,97.68,105.302,85.086,20.216,63.182,56.894,48.053,4.541,10.580787096304267,360.921,479.405,1381.977,389.308,1.431,65.627,6.638,9.887,11.72,375.084,996.004,1616.484,2000.942,2692.911,3140.770,553.137,31.638,-1.640,,1.431,22:31:30
HFC_290.wav,86.594,83.69,88.84,95.939,74.202,21.737,60.921,91.533,52.436,3.350,15.65414844882877,348.513,606.472,1649.870,355.059,1.642,58.027,12.789,4.537,8.24,363.097,952.850,1650.697,2057.688,2691.437,3266.836,580.748,30.134,-1.882,,1.642,22:48:58
HFC_291.wav,92.769,92.44,91.14,101.613,73.087,28.526,59.468,97.690,78.041,3.728,20.931197675051553,360.117,625.572,1647.817,375.012,1.475,74.603,11.185,6.670,9.76,385.761,1059.333,1651.485,2060.417,2668.821,3222.849,567.417,30.841,-1.581,,1.475,22:49:00
HFC_292.wav,90.201,98.64,100.09,108.091,70.342,37.749,20.655,160.605,80.248,29.959,2.6786014477248297,382.448,596.993,1503.434,404.601,2.270,56.503,10.133,5.576,13.08,385.939,1031.096,1640.590,2058.714,2685.674,3200.963,563.005,31.083,-1.663,unvoiced,2.270,22:49:03
HFC_293.wav,84.452,86.32,95.73,101.606,70.985,30.621,8.613,105.999,95.449,6.327,15.085917320807024,337.925,557.535,1314.141,351.369,1.264,62.994,7.513,8.384,11.22,371.360,1006.131,1618.936,2069.661,2734.317,3245.303,574.789,30.446,-1.529,,1.264,22:49:05
HFC_294.wav,84.020,98.25,95.23,109.754,70.335,39.419,9.823,184.186,113.005,30.997,3.6456712138721326,359.136,531.166,1425.574,389.256,1.436,63.849,9.404,6.790,11.93,391.026,992.007,1626.591,2007.442,2706.873,3231.373,568.069,30.806,-1.523,unvoiced,1.436,22:49:07
HFC_295.wav,97.955,71.52,83.44,108.106,71.519,36.587,77.140,63.571,41.293,0.438,94.27019042421506,300.398,395.436,1580.104,313.386,1.141,55.909,6.570,8.509,13.57,297.958,960.489,1620.127,2098.300,2668.888,3297.354,599.879,29.173,-2.473,,1.141,22:49:14
HFC_296.wav,91.902,90.83,80.35,103.472,80.346,23.126,14.383,107.898,75.860,3.596,21.092800548668365,324.502,565.019,1465.765,390.653,1.251,58.609,7.593,7.719,10.91,367.463,1064.354,1581.869,2028.210,2688.343,3233.470,573.201,30.530,-1.348,,1.251,22:49:16
HFC_297.wav,92.336,97.38,74.90,107.971,74.317,33.654,10.503,139.805,79.229,22.338,3.546778734544912,353.967,479.021,1244.823,406.833,1.365,67.641,8.423,8.031,13.16,384.745,967.126,1510.593,1954.704,2579.774,3175.293,558.109,31.356,-1.379,unvoiced,1.365,22:49:17
HFC_298.wav,98.768,98.67,105.94,108.483,84.471,24.011,28.950,73.692,62.063,3.301,18.800392761912747,327.048,403.059,1666.630,323.104,0.909,67.735,8.803,7.694,12.60,334.079,1077.962,1686.080,2119.462,2691.440,3320.003,597.185,29.304,-2.523,,0.909,22:49:38
HFC_299.wav,92.906,97.51,93.19,105.380,84.580,20.800,14.677,56.017,37.522,1.639,22.898266379118176,340.244,371.985,496.284,348.070,1.221,69.432,7.784,8.920,16.68,361.500,1038.481,1690.768,2134.911,2695.465,3389.074,605.515,28.901,-0.858,,1.221,22:49:54
HFC_30.wav,98.270,99.50,90.02,106.118,76.006,30.112,78.742,56.755,49.785,2.393,20.80779151181856,373.318,461.539,1261.301,398.457,2.090,53.128,10.288,5.164,10.87,379.516,1012.939,1622.044,1997.826,2610.743,3101.458,544.388,32.146,-1.563,,2.090,22:31:32
HFC_300.wav,97.744,84.29,96.80,104.703,84.286,20.416,23.526,58.698,44.688,3.461,12.913271145396276,397.436,541.227,1763.142,391.989,1.589,55.924,8.494,6.584,19.45,379.097,1111.626,1672.089,2077.178,2588.998,3194.102,563.001,31.083,-2.388,,1.589,22:49:56
HFC_301.wav,100.446,85.69,97.14,104.165,85.692,18.474,58.949,22.932,12.700,0.960,13.232967761379902,409.734,427.521,513.906,397.965,1.563,51.931,4.799,10.822,29.27,386.758,903.230,1643.315,2065.071,2679.454,3211.400,564.928,30.977,-2.212,,1.563,22:49:59
HFC_302.wav,91.778,98.14,78.34,106.165,78.137,28.027,19.243,71.034,51.663,2.487,20.776371043660685,333.316,375.745,586.867,341.757,1.005,91.120,9.449,9.643,14.09,344.781,913.876,1610.290,2068.226,2777.210,3252.496,581.543,30.092,-0.347,,1.005,22:50:16
HFC_303.wav,90.641,75.26,103.40,109.600,73.964,35.635,39.498,173.522,67.784,18.652,3.6341075995457413,314.292,436.106,1077.377,339.243,2.279,65.568,12.069,5.433,12.71,349.676,828.623,1507.235,1976.308,2659.801,3334.694,597.004,29.313,-1.496,unvoiced,2.279,22:50:17
HFC_304.wav,82.331,109.30,103.94,109.297,71.764,37.533,1.084,78.745,76.760,2.977,25.780169978591722,289.991,331.941,704.256,286.210,1.343,58.847,7.444,7.906,16.21,313.597,991.292,1592.880,2115.500,2739.338,3290.413,595.363,29.394,-0.908,,1.343,22:50:20
HFC_305.wav,83.483,74.38,86.17,103.758,71.556,32.202,30.709,55.688,46.989,5.229,8.985542596787994,312.094,441.113,1472.971,310.100,3.060,63.259,11.766,5.376,13.17,340.705,971.635,1634.944,2083.909,2785.808,3282.439,588.347,29.744,-2.181,,3.060,22:50:21
HFC_306.wav,82.970,84.67,89.97,98.391,71.740,26.652,82.962,113.441,40.439,1.741,23.227852415443326,305.056,375.149,902.362,334.892,2.010,51.572,10.197,5.058,8.64,323.362,947.569,1612.799,2065.744,2731.513,3309.230,597.174,29.305,-1.052,,2.010,22:50:24
HFC_307.wav,82.822,84.99,97.89,104.057,71.381,32.676,42.717,72.033,69.268,2.340,29.59959974577689,310.051,473.974,1167.605,280.126,1.923,66.181,9.881,6.698,12.02,340.512,965.287,1586.091,2082.097,2714.360,3242.571,580.412,30.151,-1.426,,1.923,22:50:26
HFC_308.wav,81.509,103.09,96.96,103.092,70.811,32.281,4.160,81.864,65.405,3.616,18.09004734287462,311.645,525.488,1328.425,272.572,1.383,58.338,9.039,6.454,13.87,359.276,989.652,1584.798,1988.496,2613.342,3128.451,553.835,31.598,-1.345,,1.383,22:50:29
HFC_309.wav,97.024,103.56,87.54,107.847,85.233,22.614,13.309,51.903,39.288,1.543,25.459044874197634,336.215,450.818,1884.454,338.056,1.620,67.109,8.950,7.498,13.42,342.998,1063.646,1708.835,2137.951,2755.913,3292.049,589.810,29.671,-2.332,,1.620,22:50:38
HFC_31.wav,89.098,86.06,79.42,100.414,75.423,24.992,86.005,89.517,60.313,4.510,13.37183887654263,353.985,445.311,1263.645,367.644,1.330,67.041,7.517,8.918,13.99,364.015,940.756,1607.024,1983.729,2619.630,3239.428,575.083,30.430,-1.721,,1.330,22:31:38
HFC_310.wav,94.916,74.49,102.95,109.459,74.492,34.967,40.124,69.763,51.354,3.698,13.88830481209206,326.761,367.724,775.083,327.874,1.352,63.512,7.765,8.179,16.90,310.836,1027.769,1600.276,2020.742,2577.996,3231.291,584.091,29.961,-1.893,,1.352,22:50:40
HFC_311.wav,82.851,95.93,87.41,101.329,71.622,29.707,9.746,140.483,103.003,4.150,24.82142894955041,327.755,716.626,1252.839,861.786,1.084,50.706,6.916,7.331,10.96,416.347,1028.013,1579.421,2132.209,2677.353,3263.218,569.374,30.735,-0.885,,1.084,22:50:48
HFC_312.wav,83.096,98.28,96.70,100.201,71.096,29.104,85.093,85.220,77.001,3.609,21.33523620052722,358.835,824.459,1457.581,397.562,1.247,44.548,9.223,4.830,11.84,443.564,1068.910,1595.521,2101.022,2729.163,3236.608,558.609,31.328,-0.953,,1.247,22:50:49
HFC_313.wav,85.236,95.75,78.94,106.573,75.369,31.204,89.827,77.123,74.988,4.745,15.80276602908134,321.780,342.383,415.731,325.148,1.159,61.674,9.922,6.216,16.73,336.927,611.712,1451.645,1954.208,2639.012,3486.986,630.012,27.777,-0.322,,1.159,22:50:52
HFC_314.wav,93.266,109.15,89.71,109.146,87.232,21.914,1.964,52.358,49.977,7.215,6.92719919855488,268.846,354.057,1214.999,275.420,0.970,89.592,10.307,8.693,10.76,312.447,955.146,1524.934,2045.647,2772.248,3255.341,588.579,29.733,-1.596,,0.970,22:50:53
HFC_315.wav,89.814,82.59,79.71,108.540,71.060,37.481,38.294,105.887,103.801,4.368,23.762537801657736,272.239,437.621,1447.102,277.464,1.602,43.307,10.609,4.082,10.19,309.739,1007.027,1549.932,1950.354,2807.285,3401.484,618.349,28.301,-1.385,,1.602,22:51:00
HFC_316.wav,90.173,104.65,80.37,108.873,75.090,33.783,57.094,90.515,86.486,4.952,17.46613466149177,307.713,399.030,1442.904,329.348,2.524,54.451,8.517,6.393,15.61,330.983,699.552,1538.085,2042.443,2731.082,3436.617,621.127,28.175,-2.947,,2.524,22:51:02
HFC_317.wav,91.809,90.20,80.36,107.108,71.793,35.315,49.380,116.464,17.294,0.249,69.39830564012658,330.659,804.431,1791.069,264.065,2.006,50.605,10.467,4.835,10.08,370.766,1057.129,1646.049,2074.745,2785.960,3264.245,578.696,30.240,-1.426,,2.006,22:51:05
HFC_318.wav,82.116,103.52,71.81,109.753,70.335,39.418,12.047,178.065,113.717,30.076,3.7810096940749114,514.383,910.912,1681.904,402.149,1.247,50.667,8.421,6.017,12.98,486.499,1087.631,1655.281,2110.864,2720.667,3203.487,543.398,32.205,-1.156,unvoiced,1.247,22:51:08
HFC_319.wav,79.104,105.58,74.47,109.496,70.335,39.161,8.003,199.978,127.732,27.778,4.598363630822115,372.430,624.854,1434.754,424.479,1.080,65.168,9.722,6.703,11.62,392.821,1011.702,1513.760,2006.865,2651.164,3176.112,556.658,31.438,-1.302,unvoiced,1.080,22:51:10
HFC_32.wav,95.592,85.04,91.28,106.598,82.349,24.249,68.906,88.621,83.987,2.966,28.31783363022771,335.906,634.692,1695.419,346.017,0.843,54.974,7.118,7.723,6.99,356.934,1148.926,1698.975,2152.145,2762.224,3265.632,581.739,30.082,-1.704,,0.843,22:31:43
HFC_320.wav,81.118,100.92,75.11,109.958,70.335,39.623,10.697,196.676,141.338,20.901,6.762297097982015,344.238,532.888,1346.877,314.910,1.172,74.874,8.104,9.239,12.68,371.439,1002.215,1507.203,1967.375,2629.219,3192.318,564.176,31.019,-1.616,unvoiced,1.172,22:51:11
HFC_321.wav,81.921,100.64,92.30,100.668,71.730,28.939,19.528,99.203,57.651,2.614,22.05611493100873,369.542,649.168,1561.681,392.136,1.339,47.584,8.962,5.310,13.95,382.697,1128.864,1577.718,2002.637,2626.072,3130.848,549.630,31.840,-1.471,,1.339,22:51:13
HFC_322.wav,84.542,104.72,83.53,109.857,70.335,39.522,2.602,215.654,156.471,37.651,4.155778485241176,329.746,637.645,1418.759,293.511,3.214,46.469,11.046,4.207,12.02,403.148,1072.518,1670.339,2112.784,2756.805,3240.836,567.538,30.835,-1.354,unvoiced,3.214,22:51:15
HFC_323.wav,86.598,102.53,87.99,105.921,71.353,34.568,4.072,52.080,47.426,3.679,12.890413968148591,339.976,571.552,1637.658,373.719,2.990,58.236,10.201,5.709,11.92,351.804,1093.699,1682.944,2059.086,2789.004,3204.075,570.454,30.677,-1.736,,2.990,22:51:19
HFC_324.wav,93.290,84.28,85.79,105.286,84.276,21.010,30.024,60.575,53.435,2.878,18.566721694776408,367.022,456.325,1542.686,370.053,1.216,54.595,11.101,4.918,15.24,368.204,1023.269,1657.895,2108.192,2736.641,3228.703,572.100,30.589,-1.844,,1.216,22:51:22
HFC_325.wav,84.893,97.72,77.50,105.952,72.069,33.883,10.926,79.972,68.170,3.695,18.450068791237793,298.430,469.996,1621.314,287.599,2.300,52.239,8.042,6.496,13.70,338.408,1104.128,1692.417,2138.929,2749.756,3222.766,576.872,30.336,-2.076,,2.301,22:51:25
HFC_326.wav,93.798,96.98,77.97,102.993,77.967,25.026,32.062,91.893,51.900,2.628,19.74761467398654,337.856,614.217,1528.762,375.329,1.712,49.359,9.053,5.452,13.79,388.869,1066.246,1679.809,2054.579,2750.626,3312.162,584.658,29.932,-1.365,,1.712,22:51:27
HFC_327.wav,101.786,89.87,97.15,106.555,89.865,16.690,62.805,24.278,22.578,1.284,17.578030373850158,394.528,593.734,1645.326,390.542,1.168,51.034,8.135,6.274,20.09,444.726,1069.047,1718.111,2132.788,2790.556,3291.829,569.421,30.733,-1.565,,1.168,22:51:29
HFC_328.wav,90.173,97.36,77.16,104.185,74.987,29.198,22.452,117.131,84.498,3.060,27.610974277751723,344.476,535.572,1467.178,304.574,2.287,63.454,8.962,7.080,10.40,365.586,1021.770,1691.614,2078.359,2787.158,3328.182,592.519,29.535,-1.873,,2.287,22:51:30
HFC_329.wav,82.912,102.20,96.65,104.221,71.650,32.571,7.016,107.764,93.194,3.231,28.844663794495823,290.176,411.456,919.535,293.176,1.238,46.761,8.481,5.514,16.82,362.084,919.195,1546.375,1998.154,2670.032,3227.910,573.165,30.532,-1.038,,1.238,22:51:34
HFC_33.wav,81.916,98.21,88.19,109.457,70.335,39.122,6.160,158.029,93.988,19.498,4.820291960401345,306.005,499.430,1279.117,285.972,1.128,51.123,8.420,6.072,13.10,338.707,1038.150,1515.157,1953.820,2644.282,3136.051,559.469,31.280,-1.394,unvoiced,1.128,22:31:45
HFC_330.wav,88.662,104.66,100.71,108.103,72.124,35.979,89.408,53.290,45.217,2.945,15.35206510467758,330.474,893.893,1965.799,295.438,2.546,36.896,10.800,3.416,13.09,330.723,1050.711,1644.597,2081.400,2802.106,3216.607,577.177,30.320,-1.637,,2.546,22:51:36
HFC_331.wav,83.345,86.38,79.27,103.556,71.922,31.634,10.139,68.618,56.158,4.148,13.537955216207468,331.380,654.372,1640.529,370.537,2.652,49.803,9.616,5.179,13.69,354.697,1054.196,1704.096,2137.416,2767.735,3246.092,578.279,30.262,-1.598,,2.652,22:51:40
HFC_332.wav,88.018,77.94,73.96,101.016,71.159,29.857,83.122,85.300,82.882,1.713,48.395503690186,293.450,331.803,667.088,288.273,1.168,51.303,8.563,5.991,16.15,313.082,1016.649,1452.369,1974.917,2666.226,3362.551,609.894,28.694,-0.741,,1.168,22:51:43
HFC_333.wav,83.239,104.69,80.92,105.081,71.726,33.354,6.951,110.533,88.303,3.748,23.558815405224088,316.208,690.019,1634.035,292.619,1.734,58.058,11.245,5.163,9.70,356.643,1045.012,1709.310,2154.977,2808.837,3215.442,571.760,30.607,-1.703,,1.734,22:51:47
HFC_334.wav,97.325,102.63,92.75,109.860,80.407,29.454,7.350,216.458,145.066,22.132,6.55456308637919,329.618,498.562,1233.447,375.867,1.084,57.915,9.683,5.981,11.09,366.750,984.140,1562.400,1993.086,2695.135,3177.706,562.191,31.128,-1.282,unvoiced,1.084,22:51:50
HFC_335.wav,92.748,90.62,90.17,104.944,78.080,26.864,45.826,121.038,43.808,9.810,4.465765827142065,356.840,516.393,1530.830,361.013,2.396,52.726,11.688,4.511,10.01,363.532,1070.972,1617.197,2047.344,2756.839,3243.624,576.018,30.381,-1.663,unvoiced,2.396,22:51:51
HFC_336.wav,82.285,102.38,84.89,105.424,71.437,33.987,10.775,79.872,59.488,3.027,19.653075168624554,297.109,624.467,1589.204,292.353,2.643,55.729,9.270,6.012,11.39,335.037,1066.008,1645.836,2138.162,2780.489,3255.710,584.135,29.959,-1.751,,2.643,22:51:54
HFC_337.wav,87.171,100.76,76.06,109.952,70.335,39.617,74.177,221.230,154.748,34.644,4.46677758735888,313.387,531.324,1820.417,300.886,5.022,51.279,11.847,4.329,11.45,323.233,1014.555,1607.636,2106.443,2764.878,3263.655,588.084,29.758,-2.318,unvoiced,5.022,22:51:57
HFC_338.wav,87.659,83.45,91.23,102.004,77.429,24.575,54.585,74.489,61.773,5.489,11.254822064141592,314.045,580.871,1769.882,293.481,1.822,58.416,15.094,3.870,6.58,337.674,1053.385,1705.434,2176.471,2843.258,3259.846,584.434,29.943,-1.902,,1.822,22:52:03
HFC_339.wav,93.048,96.94,83.85,108.097,79.985,28.112,51.851,74.194,68.070,3.118,21.83358263131431,355.583,469.693,1498.637,373.569,2.726,57.726,9.720,5.939,12.05,362.118,928.598,1566.816,2025.466,2695.888,3259.006,579.378,30.205,-2.018,,2.726,22:52:05
HFC_34.wav,80.322,98.42,75.55,101.939,70.561,31.378,25.808,105.610,52.844,2.338,22.603617792454383,320.898,630.077,1422.240,289.321,1.497,55.055,9.685,5.684,11.84,371.398,984.362,1588.398,2032.362,2683.356,3153.708,556.462,31.449,-1.491,,1.497,22:31:46
HFC_340.wav,91.671,84.13,103.82,109.952,70.654,39.298,29.453,364.185,129.124,18.492,6.982735094539857,187.876,468.248,1971.690,124.168,1.703,42.280,13.502,3.131,6.59,329.053,979.525,1702.134,2176.210,2801.023,3413.223,616.834,28.371,-2.036,unvoiced,1.703,22:52:08
HFC_341.wav,87.008,101.91,94.95,104.479,73.006,31.473,14.955,124.091,83.676,3.234,25.872600938402623,348.244,602.999,1770.546,303.063,2.164,62.263,9.702,6.417,8.43,363.514,1106.469,1694.003,2132.198,2787.906,3282.126,583.722,29.980,-1.668,,2.164,22:52:10
HFC_342.wav,91.991,82.09,95.89,103.633,71.110,32.523,43.513,61.430,56.219,4.680,12.011826861772015,375.178,514.352,1370.606,385.189,2.564,48.984,8.776,5.582,16.35,387.401,1063.727,1636.595,2129.490,2784.151,3280.684,578.657,30.242,-1.847,,2.564,22:52:13
HFC_343.wav,84.724,86.35,96.55,100.650,70.852,29.798,71.713,79.078,64.105,3.568,17.96514507407065,345.757,557.967,1547.170,371.791,3.363,55.492,11.746,4.725,9.35,378.540,1087.338,1659.007,2129.592,2817.673,3250.539,574.400,30.467,-1.718,,3.363,22:52:16
HFC_344.wav,87.046,99.00,96.40,105.514,71.837,33.677,67.342,85.831,77.874,3.400,22.90649754427508,303.652,532.189,1285.529,297.715,2.647,63.609,10.199,6.237,11.60,346.945,958.588,1552.260,2023.277,2666.907,3244.561,579.523,30.197,-1.747,,2.647,22:52:20
HFC_345.wav,88.483,86.65,92.53,103.234,72.559,30.674,41.360,100.359,92.618,5.777,16.032669228050548,329.170,454.697,1379.660,370.433,1.818,74.865,12.929,5.790,9.28,355.156,1027.409,1632.676,2058.943,2719.467,3227.830,574.535,30.459,-1.846,,1.818,22:52:22
HFC_346.wav,83.498,85.86,86.91,100.783,70.805,29.978,6.804,81.693,76.537,4.013,19.073107878532845,325.071,638.619,1550.155,362.006,2.617,41.971,7.835,5.357,14.35,368.639,1037.322,1718.314,2221.851,2779.883,3296.658,585.604,29.884,-1.704,,2.617,22:52:25
HFC_347.wav,90.677,88.34,88.94,105.285,82.543,22.742,15.617,68.217,62.668,4.856,12.9061175148576,287.120,421.550,1243.594,277.860,1.133,48.842,10.153,4.811,13.64,311.669,1016.332,1632.066,2032.959,2728.018,3252.073,588.081,29.758,-1.809,,1.133,22:52:27
HFC_348.wav,86.803,105.75,93.03,107.801,71.664,36.138,7.066,91.726,89.732,5.024,17.85896851529763,300.560,341.628,534.440,322.679,1.493,57.990,9.044,6.412,11.65,328.609,753.423,1481.653,2004.913,2692.214,3485.952,631.469,27.713,0.117,,1.493,22:52:32
HFC_349.wav,94.104,108.96,79.30,108.962,75.600,33.362,8.538,143.429,99.435,1.766,56.31509384012686,308.402,513.932,1801.749,315.937,1.133,60.705,8.387,7.238,9.75,346.608,1141.950,1681.368,2204.515,2969.172,3407.389,612.156,28.587,-1.679,,1.133,22:52:35
HFC_35.wav,93.727,80.84,89.45,107.675,74.733,32.942,12.069,98.296,92.182,3.850,23.943001692684614,343.194,561.321,1347.884,380.927,4.026,52.014,10.060,5.170,11.97,367.835,1038.607,1634.316,2008.573,2693.715,3176.719,561.777,31.151,-1.471,,4.026,22:31:48
HFC_350.wav,87.129,97.75,89.55,104.239,70.843,33.395,12.557,80.769,62.573,2.219,28.203548293397606,371.489,725.650,1658.886,381.012,2.028,44.979,8.135,5.529,13.20,405.614,1045.807,1667.402,2047.901,2767.178,3218.460,562.569,31.107,-1.226,,2.028,22:52:43
HFC_351.wav,90.441,89.14,86.81,105.579,73.639,31.940,92.445,119.543,37.668,3.451,10.914482661491403,302.976,360.110,561.313,331.834,1.739,69.996,12.654,5.531,8.71,318.715,945.804,1514.556,1951.992,2684.693,3297.700,595.797,29.372,-0.559,,1.739,22:52:49
HFC_352.wav,88.071,82.00,98.50,105.563,70.944,34.619,39.592,101.048,71.092,2.574,27.62215227614397,294.506,415.789,1002.933,296.873,1.554,54.603,11.260,4.849,12.99,347.145,930.324,1583.776,1979.073,2709.418,3201.276,570.826,30.657,-1.305,,1.554,22:52:51
HFC_353.wav,85.032,76.14,94.81,102.562,73.278,29.284,39.483,91.067,85.406,3.932,21.719798390058884,306.630,456.430,1462.511,297.599,2.034,56.938,12.288,4.634,8.11,358.555,1070.486,1676.065,2108.489,2760.223,3279.175,584.124,29.959,-1.585,,2.034,22:52:53
HFC_354.wav,90.127,91.00,99.40,104.112,72.830,31.282,12.590,96.661,94.706,4.050,23.381902501603683,350.250,407.781,649.591,373.827,2.099,65.964,13.104,5.034,9.61,375.398,915.895,1491.209,1960.598,2642.829,3190.620,563.044,31.081,-0.902,,2.099,22:52:55
HFC_355.wav,96.521,77.01,103.26,104.930,73.649,31.281,89.133,60.302,59.086,5.215,11.329327998458345,306.971,397.006,795.179,305.004,3.931,68.726,11.321,6.071,12.51,360.767,869.548,1512.054,2019.752,2643.575,3216.661,571.179,30.638,-1.108,,3.931,22:52:57
HFC_356.wav,88.794,96.73,92.69,105.928,71.226,34.703,4.792,76.700,74.843,4.944,15.138983606317415,329.419,377.094,674.401,344.246,2.731,79.906,11.535,6.927,10.36,345.171,1006.568,1574.312,2050.855,2685.653,3225.455,576.057,30.379,-1.166,,2.731,22:53:02
HFC_357.wav,83.097,102.55,103.71,105.921,71.621,34.300,26.904,57.980,31.057,2.485,12.496611672651333,309.992,448.898,1322.512,307.194,2.414,51.817,12.012,4.314,13.80,337.775,1020.086,1585.631,2003.855,2690.211,3240.645,580.574,30.143,-1.421,,2.414,22:53:05
HFC_358.wav,88.639,89.84,80.79,102.741,70.849,31.892,2.355,69.850,59.105,3.743,15.791586829899476,358.156,512.714,1415.815,398.136,2.805,58.641,12.476,4.700,9.90,368.911,1014.319,1585.406,2007.875,2703.230,3285.286,583.275,30.003,-1.382,,2.805,22:53:07
HFC_359.wav,90.881,100.91,95.30,100.913,82.439,18.474,3.574,45.617,34.827,1.150,30.27449029439013,357.066,457.114,1703.482,361.974,1.304,49.005,10.353,4.733,10.94,366.477,1159.426,1610.684,2136.345,2782.932,3323.587,591.422,29.590,-2.193,,1.304,22:53:11
HFC_36.wav,88.464,100.42,77.67,105.643,72.007,33.636,8.264,127.902,96.523,3.495,27.615118873109854,323.309,534.243,1515.599,311.523,1.717,57.767,9.029,6.398,9.53,359.449,1029.898,1629.991,2093.806,2760.439,3272.976,582.706,30.032,-1.392,,1.717,22:31:53
HFC_360.wav,91.938,99.35,82.91,105.142,70.558,34.584,10.705,107.985,92.780,4.572,20.29260746879397,328.808,481.718,1406.939,386.549,1.203,68.377,7.066,9.677,13.62,345.044,1025.094,1642.339,1934.940,2555.617,3142.364,559.464,31.280,-1.683,,1.203,22:53:13
HFC_361.wav,84.567,82.22,97.91,100.455,72.036,28.419,81.203,60.577,59.718,3.984,14.990515022094389,340.935,462.177,1422.464,283.554,2.134,46.881,8.202,5.716,13.42,354.602,998.841,1628.681,2051.281,2649.279,3171.415,563.363,31.063,-1.639,,2.134,22:53:14
HFC_362.wav,82.239,93.28,71.97,96.363,71.966,24.398,2.823,31.820,26.824,3.570,7.513358576412675,333.182,603.420,1406.401,296.393,2.801,43.257,11.246,3.846,10.68,390.979,1015.125,1581.854,2021.313,2748.233,3238.285,569.461,30.731,-1.298,,2.801,22:53:16
HFC_363.wav,82.341,85.42,95.51,102.273,72.232,30.041,32.114,50.705,46.382,3.087,15.023327238857945,300.426,441.953,1375.698,291.010,2.915,35.568,8.747,4.066,15.31,330.340,1036.286,1663.941,2124.314,2790.011,3303.182,594.568,29.433,-2.241,,2.915,22:53:20
HFC_364.wav,91.281,87.06,101.10,107.853,72.726,35.127,93.050,69.172,66.184,5.428,12.19245999170429,326.153,439.787,1357.884,363.988,4.698,72.448,13.943,5.196,9.69,352.010,989.554,1626.070,2083.601,2763.962,3293.888,588.376,29.743,-1.959,,4.698,22:53:25
HFC_365.wav,91.208,74.38,88.55,107.578,74.376,33.202,33.783,80.984,70.397,4.380,16.07124964426643,316.968,477.272,1474.977,348.592,1.141,59.623,9.199,6.482,10.82,340.824,1084.299,1578.837,2099.159,2749.515,3258.335,583.502,29.991,-1.626,,1.141,22:53:31
HFC_366.wav,86.211,94.54,93.67,106.935,74.036,32.899,72.576,59.715,54.557,2.902,18.802423156322057,300.139,385.861,1174.373,296.482,3.446,51.496,11.171,4.610,15.33,329.069,1048.238,1621.308,2114.325,2815.006,3323.560,598.898,29.220,-1.567,,3.446,22:53:33
HFC_367.wav,80.782,85.31,84.08,101.038,71.946,29.092,10.723,58.652,48.953,2.948,16.607443486026842,313.535,496.520,1538.407,304.577,1.866,49.031,8.307,5.902,12.35,361.492,1028.256,1669.166,2149.104,2806.071,3270.457,581.793,30.079,-1.538,,1.866,22:53:36
HFC_368.wav,100.738,95.59,100.45,108.179,84.882,23.297,47.767,89.803,74.148,2.278,32.55262249525238,312.139,389.484,1478.943,319.183,0.878,66.004,7.403,8.916,10.71,336.193,1035.740,1710.969,2174.739,2792.986,3378.550,608.471,28.761,-2.135,,0.878,22:53:42
HFC_369.wav,87.662,105.45,82.36,105.450,72.279,33.172,4.396,71.256,67.115,3.717,18.058127316884686,285.836,450.930,1561.939,284.107,1.883,65.448,11.415,5.733,10.79,329.071,1043.196,1565.615,2008.902,2707.688,3208.092,575.804,30.392,-1.619,,1.883,22:53:44
HFC_37.wav,84.226,94.44,98.12,103.716,76.287,27.429,8.287,63.161,48.547,2.083,23.30265991251813,469.030,998.518,1863.014,304.545,2.160,36.337,7.639,4.757,12.71,546.828,1156.814,1716.355,2269.428,2844.045,3385.805,567.795,30.821,-0.917,,2.160,22:31:57
HFC_370.wav,86.763,97.67,96.77,105.373,71.384,33.989,11.310,105.151,84.027,4.355,19.296422671565093,349.766,514.944,1480.233,389.802,1.493,71.065,8.374,8.486,11.28,365.093,1056.658,1639.789,2030.307,2682.739,3188.984,564.778,30.986,-1.659,,1.493,22:53:47
HFC_371.wav,92.872,92.08,97.71,102.140,78.468,23.672,20.817,112.395,75.736,2.410,31.421810292299597,360.582,459.270,1548.284,369.190,0.830,77.277,12.654,6.107,8.64,366.559,985.147,1643.433,2007.171,2708.435,3199.557,566.599,30.886,-2.144,,0.830,22:53:49
HFC_372.wav,97.573,87.07,99.39,104.037,84.187,19.850,20.691,55.276,31.813,2.518,12.632001963799802,390.683,410.382,465.023,392.174,1.787,68.132,8.955,7.609,21.86,380.846,858.850,1593.349,2030.281,2640.567,3201.727,564.176,31.019,-1.060,,1.787,22:53:51
HFC_373.wav,92.598,75.88,98.11,105.355,70.786,34.569,46.337,77.381,69.645,3.726,18.689566323648325,361.498,447.346,986.505,402.789,2.147,69.291,9.782,7.084,12.62,381.487,1006.399,1576.536,2018.069,2642.798,3238.815,571.466,30.623,-1.529,,2.147,22:53:54
HFC_374.wav,91.142,78.04,82.95,99.099,77.925,21.174,35.803,45.167,24.741,1.640,15.082856610654082,363.322,394.951,486.307,372.153,2.134,74.582,9.373,7.957,14.90,367.745,925.705,1613.795,2095.647,2707.637,3330.737,592.598,29.531,-0.227,,2.134,22:53:58
HFC_375.wav,89.243,101.61,100.17,106.893,72.412,34.481,34.171,76.607,42.504,1.972,21.552721213875092,286.885,349.130,842.112,301.950,2.028,66.737,10.846,6.153,11.84,331.979,976.697,1519.623,2044.507,2769.042,3364.139,606.432,28.857,-0.773,,2.028,22:54:01
HFC_376.wav,91.775,84.68,87.86,105.321,79.201,26.121,26.129,85.405,67.361,2.071,32.53039667681477,341.616,616.557,1449.152,363.423,1.207,74.568,7.455,10.003,11.31,393.617,1067.610,1617.873,2178.676,2644.104,3206.214,562.519,31.110,-1.588,,1.207,22:54:03
HFC_377.wav,94.935,90.96,98.08,102.070,76.107,25.963,69.771,89.336,53.298,3.164,16.847710237286066,374.503,566.545,1659.586,369.048,1.422,66.846,7.382,9.056,14.08,385.351,1101.266,1646.295,2150.664,2737.049,3215.104,565.951,30.921,-1.863,,1.422,22:54:05
HFC_378.wav,87.989,83.79,84.46,105.768,81.124,24.644,73.751,91.001,86.094,5.210,16.523185801032806,331.939,410.296,1573.549,331.968,0.672,63.808,8.188,7.793,7.86,353.018,975.417,1598.137,2121.540,2773.889,3363.674,602.131,29.063,-2.364,,0.672,22:54:07
HFC_379.wav,90.697,79.38,85.10,109.014,79.382,29.633,30.645,77.417,70.330,3.512,20.02558117513655,321.911,365.276,554.413,336.347,0.997,65.801,10.536,6.245,11.85,328.951,971.251,1702.569,2153.439,2805.826,3399.173,614.044,28.500,-0.306,,0.997,22:54:09
HFC_38.wav,94.778,96.38,91.37,105.558,74.297,31.262,8.639,95.366,89.387,3.695,24.188446587704096,342.955,448.316,1241.263,381.508,1.488,46.083,8.399,5.487,14.05,379.473,954.374,1625.388,2024.461,2748.365,3259.737,576.053,30.379,-1.650,,1.488,22:32:00
HFC_380.wav,82.493,101.02,82.26,109.089,70.461,38.628,8.747,174.688,107.995,26.344,4.099399836212785,321.170,446.433,984.477,416.204,1.234,53.055,8.511,6.234,13.24,355.105,908.563,1547.722,1914.625,2617.504,3116.599,552.299,31.686,-1.115,unvoiced,1.234,22:54:11
HFC_381.wav,98.061,107.32,98.22,108.716,75.655,33.061,4.460,88.086,79.872,2.296,34.78588935951777,287.109,383.694,1400.698,309.037,1.089,68.075,10.103,6.738,11.97,308.833,1072.358,1631.314,2153.323,2841.305,3456.146,629.463,27.801,-1.847,,1.089,22:54:16
HFC_382.wav,88.932,100.97,80.92,106.251,77.508,28.743,21.818,111.873,67.388,1.700,39.6440924358787,333.514,560.214,1933.764,357.039,0.882,58.830,6.233,9.439,10.68,337.926,1009.592,1670.326,2114.775,2759.235,3241.787,580.772,30.132,-1.963,,0.882,22:54:28
HFC_383.wav,80.331,100.50,94.02,100.498,72.354,28.144,3.951,77.826,63.317,3.512,18.02892618016259,299.059,529.749,1348.896,286.351,0.997,60.750,6.522,9.314,11.52,380.386,992.599,1566.287,1987.551,2721.412,3234.078,570.738,30.662,-1.241,,0.997,22:54:29
HFC_384.wav,83.167,106.32,96.49,106.321,71.097,35.225,8.884,88.982,62.952,3.404,18.492233280269264,403.214,891.721,2028.918,394.328,1.616,57.007,8.356,6.822,13.55,416.250,1087.902,1657.346,2095.199,2736.350,3188.545,554.459,31.562,-1.350,,1.616,22:54:31
HFC_385.wav,98.376,85.83,83.32,106.527,83.318,23.209,53.904,64.982,25.223,1.229,20.523303384414977,302.974,321.474,399.433,304.779,1.220,87.005,6.964,12.493,19.74,324.893,821.516,1622.767,2077.068,2536.233,3269.153,588.852,29.719,-0.677,,1.221,22:54:36
HFC_386.wav,88.601,75.93,87.41,93.031,75.933,17.098,71.035,41.333,32.212,2.119,15.202593796273717,354.512,500.803,1942.410,352.525,0.944,58.368,6.886,8.476,11.24,354.771,1135.150,1613.757,2180.401,2771.190,3258.241,580.694,30.136,-2.093,,0.944,22:54:42
HFC_387.wav,80.689,100.19,92.99,101.433,71.980,29.453,10.139,73.031,50.969,2.987,17.062617338522937,301.039,477.621,1338.944,291.311,1.339,58.700,7.841,7.486,12.91,374.551,978.848,1567.999,2098.762,2727.295,3243.955,573.881,30.494,-1.235,,1.339,22:54:44
HFC_388.wav,84.605,90.73,101.23,109.743,70.463,39.280,75.787,223.825,141.339,31.742,4.452754645874937,300.297,433.303,998.290,307.643,2.867,53.353,9.592,5.562,11.27,356.975,920.052,1544.018,2025.371,2601.848,3183.929,565.391,30.952,-0.986,unvoiced,2.867,22:54:46
HFC_389.wav,91.630,88.85,89.87,104.621,86.358,18.264,32.392,65.402,44.824,1.651,27.157311236765178,352.125,435.926,1434.029,352.700,0.909,87.931,6.602,13.319,14.19,364.707,1061.219,1694.885,2079.393,2759.302,3253.914,577.841,30.285,-1.694,,0.909,22:54:50
HFC_39.wav,84.576,104.06,86.77,104.397,71.183,33.214,4.641,97.548,89.224,3.031,29.434231539304893,316.898,514.201,1314.979,397.965,1.155,49.875,9.094,5.484,11.20,387.158,991.099,1631.410,2054.210,2716.590,3251.361,572.841,30.550,-1.298,,1.155,22:32:05
HFC_390.wav,96.948,89.44,92.46,104.130,83.695,20.435,61.153,67.514,48.182,2.423,19.883817797022978,378.781,595.083,1474.283,381.762,2.063,59.282,8.481,6.990,13.76,382.300,1034.089,1646.513,2113.632,2690.353,3174.324,558.405,31.339,-1.540,,2.063,22:54:52
HFC_391.wav,89.117,104.74,90.97,106.854,73.098,33.756,6.992,104.730,85.105,4.826,17.635727395642867,359.510,585.216,1557.771,385.665,2.072,69.262,10.375,6.676,6.11,399.439,1071.479,1651.113,2096.727,2740.728,3260.435,572.199,30.584,-1.257,,2.072,22:54:54
HFC_392.wav,88.538,83.44,103.88,108.619,72.821,35.798,50.170,74.977,72.433,3.977,18.212962901749236,298.652,366.989,955.026,312.816,2.766,58.149,11.027,5.273,14.81,372.052,912.111,1590.377,2120.628,2896.699,3432.348,612.059,28.592,-1.576,,2.766,22:54:57
HFC_393.wav,89.695,80.51,79.78,105.679,72.802,32.876,28.320,79.081,73.159,2.378,30.76306537417506,305.336,475.370,1592.489,298.003,1.892,62.182,10.834,5.740,8.18,343.071,1046.891,1689.584,2162.982,2831.824,3353.544,602.094,29.065,-1.514,,1.892,22:55:01
HFC_394.wav,86.190,98.05,89.48,104.342,73.635,30.708,3.411,39.658,37.001,3.946,9.377889329739524,319.755,533.075,1473.212,323.840,4.689,63.825,11.410,5.594,13.04,377.033,1003.052,1592.782,2085.480,2730.379,3317.929,588.179,29.753,-1.787,,4.689,22:55:04
HFC_395.wav,89.524,92.73,85.73,105.687,75.378,30.309,79.735,90.039,82.323,4.925,16.714431346773456,294.795,408.653,1143.343,294.750,2.741,60.920,12.587,4.840,10.31,335.126,964.890,1565.812,2082.478,2731.495,3243.976,581.770,30.081,-1.731,,2.741,22:55:08
HFC_396.wav,84.644,100.77,89.80,101.920,72.299,29.621,26.506,78.299,66.769,4.008,16.659973593845447,342.583,586.246,1244.587,415.585,1.497,43.734,11.021,3.968,10.94,381.539,994.136,1589.078,2073.819,2730.066,3217.513,567.195,30.854,-1.064,,1.497,22:55:12
HFC_397.wav,78.612,82.62,82.38,89.642,70.660,18.982,18.880,67.444,48.918,2.824,17.324422202689746,328.384,788.878,1449.505,280.293,1.594,53.241,10.353,5.142,5.21,399.100,982.366,1673.342,2115.638,2775.656,3250.893,570.359,30.682,-0.988,,1.594,22:55:16
HFC_398.wav,80.330,94.11,85.03,105.205,71.681,33.524,5.049,62.089,55.272,5.086,10.86766205428942,319.732,547.115,1506.062,296.697,2.753,42.041,10.717,3.923,7.73,358.342,1041.718,1601.715,2084.483,2695.192,3231.054,574.542,30.459,-1.630,,2.753,22:55:18
HFC_399.wav,83.379,101.83,95.56,108.074,70.753,37.321,12.150,88.941,74.023,2.622,28.22687888961468,371.651,781.967,1562.148,407.146,1.335,54.816,8.617,6.362,12.34,419.399,1141.796,1610.598,2069.684,2685.119,3223.808,560.882,31.201,-1.099,,1.335,22:55:22
HFC_40.wav,84.548,101.49,79.56,103.797,70.865,32.932,6.362,108.519,96.936,5.070,19.118383449762153,352.066,522.445,1316.558,395.203,1.282,51.832,10.531,4.922,11.59,380.920,971.282,1586.320,1955.127,2683.654,3237.659,571.348,30.629,-1.440,,1.282,22:32:07
HFC_400.wav,82.737,97.21,83.24,103.407,70.416,32.990,13.204,141.403,75.971,21.719,3.497814775020622,319.000,578.441,1231.602,302.721,1.796,66.311,7.518,8.820,10.25,371.848,1040.012,1651.467,2072.918,2758.609,3231.295,571.889,30.600,-1.401,unvoiced,1.796,22:55:24
HFC_401.wav,89.390,104.75,94.01,106.028,71.031,34.997,9.052,131.211,103.820,4.365,23.784303212830434,404.521,886.970,1619.139,388.138,1.260,64.608,11.905,5.427,10.50,488.325,1052.131,1651.811,2065.956,2651.464,3181.947,538.724,32.484,-1.056,,1.260,22:55:26
HFC_402.wav,96.943,99.35,80.79,106.389,80.787,25.602,18.542,102.323,67.125,3.202,20.965599251726747,378.044,596.531,1593.260,388.694,1.093,65.360,7.776,8.406,13.34,366.913,1085.244,1649.359,2076.082,2747.890,3291.721,584.962,29.916,-1.838,,1.093,22:55:30
HFC_403.wav,89.295,82.66,85.08,106.293,71.875,34.419,26.451,101.651,82.893,2.801,29.599287164300556,440.754,1062.847,1818.306,286.308,1.607,47.856,10.269,4.660,8.84,462.482,1143.662,1709.867,2175.459,2778.326,3334.020,574.308,30.471,-0.770,,1.607,22:55:32
HFC_404.wav,90.091,104.93,95.00,105.198,74.832,30.366,12.065,99.120,66.734,4.026,16.574214366763652,336.744,521.108,1390.336,392.585,1.739,55.880,12.367,4.519,9.59,361.901,1002.828,1606.139,2007.757,2749.803,3272.803,582.180,30.059,-1.403,,1.739,22:55:34
HFC_405.wav,86.565,101.68,91.44,108.485,72.211,36.274,16.015,56.144,45.957,2.614,17.579698422081833,323.532,565.633,1421.760,301.212,4.399,49.944,9.775,5.109,14.02,355.545,945.297,1543.709,2058.504,2789.308,3400.781,609.047,28.733,-1.543,,4.399,22:55:37
HFC_406.wav,87.881,70.98,85.16,97.306,70.981,26.326,68.072,26.977,25.153,0.952,26.428578083381904,330.659,982.625,1922.383,337.460,1.576,37.950,10.469,3.625,8.30,374.132,1180.395,1733.247,2128.539,2876.861,3319.470,589.068,29.708,-1.127,,1.576,22:55:43
HFC_407.wav,95.008,102.76,80.06,107.750,76.680,31.070,82.233,102.742,68.006,1.529,44.48688964394897,361.406,525.895,1324.404,366.357,1.308,60.400,8.790,6.872,14.15,379.208,974.758,1679.177,2090.608,2794.125,3290.769,582.312,30.053,-1.784,,1.308,22:55:46
HFC_408.wav,79.603,85.72,92.87,103.559,71.398,32.161,12.255,73.714,57.439,3.365,17.070244045531105,311.419,482.364,1298.186,302.605,1.932,42.599,9.577,4.448,14.67,364.914,1014.343,1595.488,2084.674,2817.161,3354.967,598.011,29.264,-1.168,,1.932,22:55:49
HFC_409.wav,81.501,103.76,88.96,107.223,71.594,35.629,12.299,94.891,69.297,3.463,20.011939989182608,349.684,514.690,1085.880,404.301,1.300,54.542,6.541,8.339,15.43,371.204,953.581,1597.542,1967.656,2680.008,3194.248,564.609,30.995,-1.214,,1.300,22:55:52
HFC_41.wav,94.543,107.07,79.05,107.785,78.928,28.858,8.913,90.779,68.767,2.749,25.014833783187473,376.128,609.910,1844.536,379.735,1.273,63.605,8.247,7.712,12.11,382.673,1090.000,1688.564,2179.628,2865.153,3269.233,577.312,30.313,-1.574,,1.273,22:32:10
HFC_410.wav,89.454,87.60,100.66,100.660,85.784,14.876,99.035,19.356,18.919,7.276,2.600152188225745,266.479,306.772,512.135,367.815,1.580,33.179,10.440,3.178,14.73,297.576,807.145,1495.438,2043.197,2722.805,3270.302,594.545,29.434,-0.182,,1.581,22:55:58
HFC_411.wav,81.496,89.74,77.35,103.074,70.986,32.088,17.978,90.473,73.050,3.203,22.806272073818228,310.145,508.598,1704.934,293.935,1.405,44.702,8.897,5.024,12.18,348.897,1066.348,1685.361,2171.361,2810.366,3311.978,592.616,29.530,-1.485,,1.405,22:56:02
HFC_412.wav,93.614,80.99,100.42,106.616,80.989,25.626,25.350,93.941,60.903,1.560,39.03804956670595,331.224,439.540,1308.308,357.880,0.961,59.135,7.801,7.581,13.74,350.976,988.650,1670.955,2107.577,2825.984,3332.956,596.396,29.343,-1.519,,0.961,22:56:06
HFC_413.wav,87.558,91.69,81.17,105.961,74.731,31.230,19.042,84.276,76.905,2.536,30.325579047455076,323.037,750.073,1588.086,308.352,2.169,51.295,8.530,6.013,12.11,404.797,1085.800,1669.589,2090.157,2728.966,3224.435,563.928,31.032,-1.125,,2.169,22:56:07
HFC_414.wav,83.602,87.50,88.54,103.135,73.923,29.211,12.446,63.949,53.142,3.789,14.02579025608315,311.511,513.031,1542.020,298.583,2.243,51.271,10.029,5.112,12.78,364.125,1121.959,1693.359,2154.417,2797.416,3349.161,597.007,29.313,-1.384,,2.243,22:56:12
HFC_415.wav,97.575,82.77,88.65,104.170,78.912,25.258,52.609,74.501,69.927,3.775,18.521939943603428,294.227,355.282,1195.437,303.604,0.795,72.811,6.921,10.520,11.88,309.463,1083.145,1651.806,2111.425,2700.928,3289.674,596.042,29.360,-2.291,,0.795,22:56:17
HFC_416.wav,87.517,73.92,88.55,106.189,73.924,32.264,28.171,80.381,69.218,4.039,17.139073504620157,302.670,441.735,1479.409,346.049,1.238,69.454,11.712,5.930,10.76,310.704,1041.096,1684.623,2095.499,2772.621,3279.011,593.661,29.478,-1.975,,1.238,22:56:21
HFC_417.wav,91.393,80.75,77.98,107.515,77.978,29.537,58.071,67.356,48.141,2.245,21.44294963373844,355.131,472.783,1682.360,350.624,2.450,59.807,8.776,6.815,11.74,373.657,1015.660,1613.634,2074.081,2752.101,3253.489,575.967,30.384,-1.858,,2.450,22:56:22
HFC_418.wav,93.677,78.76,88.80,107.556,75.546,32.010,51.844,73.281,66.448,2.410,27.56785049157,333.848,430.254,1327.585,358.553,1.660,49.614,10.846,4.574,12.46,322.969,1008.587,1595.318,2030.330,2657.260,3247.365,584.879,29.921,-1.946,,1.660,22:56:25
HFC_419.wav,88.023,104.56,90.53,107.581,72.706,34.875,79.798,88.389,71.889,3.108,23.130130362574363,310.414,426.602,1636.748,308.045,2.252,55.932,9.768,5.726,14.89,355.635,1119.010,1721.370,2122.792,2890.351,3335.656,596.004,29.362,-1.870,,2.252,22:56:28
HFC_42.wav,84.145,79.57,86.05,98.153,72.661,25.492,32.177,58.273,50.884,3.896,13.060236732740046,303.692,393.943,1595.247,301.593,1.668,50.349,8.092,6.222,14.71,333.555,1057.551,1727.491,2284.519,2869.261,3325.453,598.380,29.246,-2.338,,1.668,22:32:15
HFC_420.wav,84.665,87.70,78.56,107.536,72.126,35.410,23.553,68.379,47.542,2.211,21.49866939481473,309.720,486.845,1758.348,313.346,1.809,59.180,7.187,8.234,14.32,343.140,1086.468,1759.979,2238.384,2932.772,3398.779,611.128,28.636,-1.829,,1.809,22:56:33
HFC_421.wav,90.549,98.46,89.68,105.700,75.803,29.897,74.756,106.307,85.603,3.216,26.620620950170004,309.391,413.206,1418.277,306.416,1.866,54.409,10.451,5.206,10.85,340.969,1068.385,1667.902,2089.667,2805.182,3267.263,585.259,29.901,-1.887,,1.866,22:56:38
HFC_422.wav,80.996,81.81,88.30,99.683,72.146,27.537,95.332,67.254,59.667,3.400,17.55101612601641,299.195,481.280,1257.026,294.924,2.941,52.106,7.649,6.812,11.30,349.784,965.824,1632.931,2087.776,2668.718,3212.563,572.556,30.565,-1.483,,2.941,22:56:40
HFC_423.wav,84.601,99.11,77.54,104.065,72.490,31.575,79.298,59.226,54.680,2.767,19.76509725318591,340.704,603.503,1414.008,297.571,3.253,42.265,11.835,3.571,13.57,376.200,1054.021,1663.255,2126.325,2661.006,3221.276,569.015,30.755,-1.398,,3.253,22:56:44
HFC_424.wav,89.846,86.26,86.99,104.749,75.242,29.506,18.228,75.956,54.415,2.531,21.500517220496388,331.751,482.213,1069.525,301.540,1.976,54.881,11.895,4.614,9.54,351.952,983.423,1620.012,2114.091,2695.486,3224.504,574.510,30.461,-1.238,,1.976,22:56:49
HFC_425.wav,103.313,106.58,95.34,107.575,79.953,27.622,46.669,113.380,0.000,0.000,--undefined--,281.342,377.119,734.349,290.869,2.305,59.119,12.799,4.619,9.78,352.134,973.484,1597.114,2018.007,2806.288,3340.688,597.711,29.278,-0.268,unvoiced,2.305,22:56:52
HFC_426.wav,93.467,76.45,74.61,105.832,74.608,31.224,32.553,104.741,84.281,2.988,28.203516348900344,324.164,697.173,1543.443,313.069,1.506,57.213,8.965,6.382,8.59,419.255,1090.952,1701.117,2111.933,2776.111,3272.085,570.566,30.671,-1.071,,1.506,22:56:54
HFC_427.wav,81.262,84.71,99.25,105.940,72.820,33.120,12.546,55.900,46.112,1.524,30.251083682124907,316.861,659.565,1366.870,302.359,2.296,41.650,8.928,4.665,14.76,422.538,1017.447,1612.748,2113.230,2697.904,3266.497,568.792,30.767,-1.050,,2.296,22:56:57
HFC_428.wav,81.426,84.02,84.04,105.716,71.112,34.604,18.374,58.317,47.400,2.948,16.080340263579405,310.671,617.494,1194.836,298.027,1.866,47.607,10.987,4.333,8.81,389.444,982.172,1592.388,2036.542,2720.963,3225.619,567.235,30.851,-0.917,,1.866,22:57:03
HFC_429.wav,91.693,100.64,109.62,109.988,71.262,38.726,14.093,270.053,129.369,51.729,2.50088888196807,257.888,459.357,1448.802,250.856,1.199,45.774,10.012,4.572,10.07,332.076,1022.406,1492.778,1966.530,2723.962,3342.195,602.024,29.069,-1.148,unvoiced,1.199,22:57:08
HFC_43.wav,87.503,104.00,79.99,104.726,70.854,33.872,5.945,129.378,113.489,4.343,26.13084667467166,309.408,542.083,1225.142,392.705,1.036,50.922,10.134,5.025,10.86,353.179,942.723,1621.218,1952.470,2617.073,3163.436,562.051,31.136,-1.209,,1.036,22:32:19
HFC_430.wav,84.380,71.22,105.20,105.195,71.222,33.973,93.114,38.572,31.221,2.278,13.706887493083277,261.542,630.579,2007.484,318.709,1.317,45.916,7.213,6.366,9.13,319.998,1167.586,1733.120,2210.685,2771.389,3390.991,614.199,28.492,-1.606,,1.317,22:57:10
HFC_431.wav,90.021,83.14,81.80,104.763,81.802,22.961,42.204,80.674,53.715,1.906,28.1807011595248,346.687,502.090,1649.469,346.088,1.049,67.960,7.624,8.914,11.64,360.382,1042.842,1742.270,2112.180,2715.227,3186.693,565.262,30.959,-1.850,,1.049,22:57:11
HFC_432.wav,91.482,85.62,94.62,103.641,79.935,23.706,16.739,81.616,78.732,6.240,12.61653029805622,266.741,343.384,566.621,369.353,0.961,60.098,6.760,8.890,12.57,324.409,1032.032,1549.536,2112.676,2771.873,3347.537,604.626,28.944,-0.282,,0.961,22:57:16
HFC_433.wav,93.206,93.81,79.52,105.130,78.947,26.183,16.469,126.880,111.151,3.743,29.69796957664723,325.631,636.922,1565.291,348.849,0.935,62.270,9.089,6.851,9.38,383.782,1134.850,1602.629,2106.334,2746.224,3284.564,580.156,30.164,-1.239,,0.935,22:57:21
HFC_434.wav,82.392,102.45,98.40,102.445,71.633,30.812,7.831,75.732,49.219,2.094,23.510301339077092,299.682,508.403,1355.050,290.635,1.194,68.128,7.955,8.564,14.07,373.796,1030.151,1547.933,2036.810,2714.637,3270.996,579.440,30.202,-1.301,,1.194,22:57:23
HFC_435.wav,82.873,102.53,93.38,103.487,71.249,32.239,5.328,79.041,65.188,3.982,16.370230538841877,306.556,695.790,1223.555,885.794,1.256,40.942,7.566,5.411,14.79,403.665,1017.548,1597.657,2036.284,2721.459,3152.430,549.753,31.832,-1.134,,1.256,22:57:25
HFC_436.wav,83.615,99.72,95.64,107.395,71.812,35.583,19.132,114.106,74.700,4.539,16.457357278307622,336.266,811.318,1225.149,305.162,1.212,66.626,10.316,6.459,4.57,417.003,1045.134,1680.031,2116.327,2741.296,3295.482,575.696,30.398,-1.068,,1.212,22:57:28
HFC_437.wav,85.695,96.60,92.68,103.363,70.920,32.443,14.664,108.166,91.300,4.298,21.244218856271427,342.294,781.461,1223.547,358.812,1.629,56.381,9.516,5.925,10.36,453.282,1026.356,1660.604,2143.877,2735.463,3240.577,557.459,31.392,-1.022,,1.629,22:57:30
HFC_438.wav,89.042,101.38,95.49,104.378,71.300,33.078,80.323,113.729,99.652,3.874,25.725179388017448,374.178,628.166,1392.761,390.614,1.936,53.864,7.489,7.192,13.23,409.876,1011.294,1618.791,2007.710,2721.973,3144.569,546.939,31.996,-1.330,,1.936,22:57:31
HFC_439.wav,84.218,99.81,80.79,103.344,71.000,32.344,32.813,112.417,86.115,2.768,31.109613698782333,337.488,801.761,1222.191,897.821,1.264,47.874,11.468,4.175,12.23,414.178,971.682,1617.819,2056.983,2724.448,3197.114,556.587,31.442,-1.052,,1.264,22:57:34
HFC_44.wav,90.147,93.11,100.69,100.690,75.962,24.729,98.489,115.599,111.981,5.471,20.469527147976304,332.113,407.045,821.325,369.838,1.005,63.506,12.433,5.108,10.25,364.122,932.665,1585.921,1986.125,2679.380,3195.514,566.278,30.904,-1.386,,1.005,22:32:22
HFC_440.wav,90.301,96.07,78.92,101.003,76.734,24.269,23.139,105.791,55.051,2.722,20.221514513394855,368.171,686.421,1663.761,371.727,1.102,63.983,9.982,6.410,13.06,387.853,1097.116,1633.707,2105.504,2746.919,3236.493,569.728,30.716,-1.650,,1.102,22:57:40
HFC_441.wav,96.559,96.50,97.63,103.467,83.804,19.663,64.778,65.615,45.704,2.597,17.600156587417906,381.986,571.556,1524.330,383.382,1.348,83.913,7.790,10.771,15.99,397.010,1058.883,1602.831,2069.464,2778.093,3177.555,556.109,31.469,-1.498,,1.348,22:57:41
HFC_442.wav,97.728,91.93,97.42,103.962,84.706,19.256,25.376,41.920,28.114,0.846,33.24340492986812,393.733,490.052,1325.591,384.492,1.774,60.566,7.048,8.594,19.48,376.931,1018.257,1649.874,2061.236,2735.443,3213.064,567.227,30.852,-1.978,,1.774,22:57:44
HFC_443.wav,96.235,102.38,106.00,107.948,85.139,22.809,12.608,88.409,73.603,4.002,18.38947032578183,325.453,518.415,1656.528,350.412,1.374,48.107,8.369,5.748,7.50,344.861,1089.604,1681.480,2134.661,2808.020,3309.406,592.909,29.515,-1.759,,1.374,22:57:47
HFC_444.wav,96.343,94.50,89.56,103.526,81.699,21.827,24.648,68.676,32.456,2.364,13.726522266480274,375.825,560.947,1509.837,371.243,1.269,61.185,9.852,6.211,16.30,375.892,1063.609,1662.345,2062.253,2757.385,3239.239,572.669,30.559,-1.668,,1.269,22:57:50
HFC_445.wav,91.085,89.61,77.83,107.513,77.656,29.857,29.001,101.769,87.989,3.294,26.709700999570437,322.874,367.878,637.851,334.617,1.062,62.807,6.118,10.266,14.33,327.158,1084.936,1582.744,2128.255,2655.003,3276.248,589.818,29.670,-0.559,,1.062,22:57:52
HFC_446.wav,91.958,106.48,98.15,108.050,81.833,26.217,11.275,77.128,64.255,3.156,20.362263950018736,364.388,441.628,1247.998,382.536,1.743,79.147,8.606,9.197,11.30,355.530,998.443,1688.358,2096.640,2716.795,3192.308,567.356,30.845,-1.813,,1.743,22:57:55
HFC_447.wav,81.024,90.90,89.60,93.192,72.860,20.332,37.063,77.359,23.077,0.973,23.70724896848148,294.995,395.120,986.545,292.953,1.027,79.273,4.380,18.098,17.87,350.588,999.404,1602.999,2065.869,2690.056,3258.933,581.669,30.086,-1.103,,1.027,22:58:01
HFC_448.wav,84.877,98.28,74.10,98.306,74.099,24.207,3.072,41.901,37.353,2.243,16.65392755194955,337.654,550.537,1120.841,318.509,2.006,37.662,10.467,3.598,16.10,394.526,937.259,1681.003,2057.922,2651.858,3234.091,567.913,30.815,-1.684,,2.006,22:58:03
HFC_449.wav,81.871,101.63,78.31,105.541,71.562,33.979,4.290,89.377,84.734,4.107,20.629587218838278,295.541,447.729,1304.444,284.124,1.339,70.048,10.455,6.700,7.11,336.037,914.675,1557.554,2054.161,2725.943,3221.339,577.061,30.326,-1.897,,1.339,22:58:05
HFC_45.wav,94.776,95.91,78.14,103.746,77.427,26.319,70.887,94.613,84.698,2.048,41.34975189709496,383.035,435.242,791.271,390.879,1.220,68.725,6.145,11.184,14.62,369.616,971.736,1583.759,1927.368,2553.750,3113.150,548.707,31.893,-1.540,,1.220,22:32:26
HFC_450.wav,81.972,97.51,100.08,104.272,71.582,32.690,7.409,89.104,77.168,4.053,19.039904800702978,324.722,548.960,1323.244,285.337,1.234,41.208,6.890,5.981,12.95,372.177,990.767,1582.296,2031.472,2689.757,3239.862,573.537,30.512,-1.233,,1.234,22:58:07
HFC_451.wav,87.096,104.85,96.56,107.281,71.307,35.974,7.929,72.239,64.340,3.481,18.48170924643937,371.556,549.008,1406.114,390.490,2.011,50.140,7.211,6.953,14.37,381.422,977.829,1694.857,2099.543,2748.599,3271.528,578.021,30.276,-1.810,,2.011,22:58:09
HFC_452.wav,88.895,97.31,100.23,107.996,71.402,36.594,27.363,109.491,49.729,2.669,18.630433251472127,317.474,490.391,1626.572,291.611,4.121,45.836,12.861,3.564,11.52,359.000,1042.010,1618.243,2097.540,2755.276,3224.027,573.005,30.541,-1.792,,4.121,22:58:11
HFC_453.wav,82.715,79.97,92.16,102.472,73.219,29.253,11.746,95.478,80.648,4.097,19.68619055580185,292.029,405.357,862.821,293.032,1.220,69.160,6.964,9.931,10.35,334.084,947.284,1553.346,1931.911,2605.837,3183.163,569.816,30.712,-1.278,,1.221,22:58:20
HFC_454.wav,93.012,78.35,97.12,105.457,75.080,30.377,52.169,231.029,103.160,22.777,4.529058889480412,338.924,656.745,1502.367,381.978,0.988,48.448,9.617,5.038,6.11,389.771,1105.001,1647.242,2180.771,2771.297,3260.026,574.051,30.485,-1.291,unvoiced,0.988,22:58:21
HFC_455.wav,88.858,87.40,71.13,97.433,71.133,26.300,54.567,33.790,32.854,4.112,7.990714169047078,329.176,387.446,519.068,371.859,1.216,23.160,10.279,2.253,13.34,360.324,652.221,1475.276,2100.598,2724.554,3505.821,629.099,27.818,-0.119,,1.216,22:58:22
HFC_456.wav,80.608,87.35,87.96,102.055,71.899,30.156,11.055,73.455,65.294,4.400,14.839090555078256,318.197,504.520,1522.843,297.051,1.932,49.131,9.059,5.423,6.99,357.006,1070.736,1686.807,2099.390,2755.673,3259.674,580.534,30.145,-1.527,,1.932,22:58:23
HFC_457.wav,100.045,86.50,94.59,103.495,86.504,16.991,44.339,26.767,10.991,1.726,6.369497385226213,405.790,425.981,518.935,396.609,2.028,55.512,7.149,7.765,24.63,396.129,883.106,1492.166,2022.989,2597.230,3165.576,553.889,31.595,-1.618,,2.028,22:58:26
HFC_458.wav,94.258,83.29,84.34,104.616,83.293,21.323,15.270,40.773,33.003,3.880,8.50615975619316,301.077,370.503,493.956,371.287,2.191,69.166,7.988,8.659,16.82,350.252,943.788,1547.502,2015.919,2633.155,3166.635,563.277,31.068,-0.968,,2.191,22:58:30
HFC_459.wav,89.687,79.86,104.58,104.582,70.917,33.665,95.769,75.243,66.699,4.836,13.792133056191386,356.969,417.734,650.726,391.174,2.068,53.259,8.705,6.118,15.43,364.603,943.582,1604.114,2027.806,2591.503,3185.713,564.222,31.016,-1.263,,2.068,22:58:33
HFC_46.wav,87.634,104.32,86.34,108.712,71.285,37.427,55.297,102.329,81.365,3.044,26.731740241723035,320.420,453.742,1363.298,319.667,1.971,67.288,11.414,5.895,13.58,352.307,1054.066,1680.067,2137.829,2768.271,3263.436,582.226,30.057,-1.912,,1.971,22:32:31
HFC_460.wav,88.236,96.19,100.34,107.327,70.335,36.992,6.642,231.543,95.742,21.947,4.362365139283526,321.656,539.825,1433.289,303.678,2.529,51.671,10.875,4.751,7.10,376.521,1030.732,1603.726,2096.918,2705.235,3206.215,565.939,30.922,-1.148,unvoiced,2.529,22:58:35
HFC_461.wav,94.083,81.35,95.41,101.010,77.567,23.443,71.789,55.780,54.619,4.821,11.330105189203383,335.419,424.625,1119.908,389.291,1.660,30.105,9.641,3.123,11.83,371.410,748.422,1473.635,2071.187,2603.861,3496.849,625.088,27.996,-1.099,,1.660,22:58:40
HFC_462.wav,80.059,73.60,80.39,97.886,72.211,25.675,91.944,73.831,55.983,2.693,20.78613279653461,325.241,512.873,1264.051,311.021,1.300,47.359,5.771,8.206,16.59,370.617,947.809,1594.469,1997.340,2617.388,3174.737,560.824,31.204,-1.255,,1.300,22:58:43
HFC_463.wav,82.530,91.83,87.36,99.616,73.198,26.418,10.390,77.002,69.968,2.769,25.265438505859752,308.931,467.746,1438.852,307.951,1.444,58.543,7.962,7.353,12.95,345.825,1062.107,1633.971,2109.861,2696.833,3216.585,574.152,30.480,-1.464,,1.444,22:58:49
HFC_464.wav,84.612,92.35,89.70,93.269,72.305,20.964,52.208,34.872,33.971,9.157,3.709670017882773,271.876,334.793,704.948,275.363,1.583,51.329,11.052,4.644,11.92,323.166,869.908,1567.523,2066.515,2761.310,3436.965,622.760,28.101,-0.405,,1.583,22:58:50
HFC_465.wav,81.809,92.04,72.35,100.279,72.347,27.932,7.458,73.891,64.649,4.665,13.857418823901119,319.167,529.854,1605.931,301.599,1.822,65.878,7.410,8.891,13.25,355.105,1085.453,1682.598,2103.951,2755.245,3249.513,578.882,30.231,-1.623,,1.822,22:58:53
HFC_466.wav,82.027,90.76,87.86,101.942,72.941,29.002,10.405,55.580,46.519,3.778,12.312312905764431,312.897,550.384,1660.349,312.667,1.853,62.000,10.525,5.891,11.09,334.597,1069.609,1710.620,2199.991,2776.230,3309.117,594.904,29.417,-1.800,,1.853,22:58:56
HFC_467.wav,86.074,85.60,87.12,99.676,70.649,29.028,13.488,81.709,66.322,5.319,12.469169486106988,289.804,554.425,1576.072,275.980,1.598,49.031,7.822,6.268,13.11,331.118,1048.509,1701.022,2099.927,2757.712,3276.486,589.074,29.708,-1.789,,1.598,22:58:59
HFC_468.wav,91.111,82.66,91.60,103.622,82.662,20.960,33.302,95.279,64.845,1.906,34.01986815216403,356.483,626.321,1385.402,355.730,1.049,67.814,7.148,9.487,8.99,366.370,1052.496,1678.359,2082.872,2761.456,3210.172,568.760,30.769,-1.335,,1.049,22:59:03
HFC_469.wav,78.739,102.96,77.15,103.777,70.962,32.815,14.448,67.657,30.646,2.090,14.665342117596973,381.258,762.504,1724.227,425.827,1.436,50.055,8.010,6.249,13.60,401.513,1055.783,1660.260,2137.961,2750.961,3234.424,566.582,30.887,-1.189,,1.436,22:59:08
HFC_47.wav,81.141,101.47,95.85,101.717,72.085,29.632,3.585,83.003,73.002,4.706,15.51212967590607,315.832,600.949,1230.198,330.174,1.062,50.248,8.942,5.620,11.96,418.464,1015.252,1594.089,2083.097,2721.674,3201.921,556.691,31.436,-1.074,,1.062,22:32:34
HFC_470.wav,82.797,84.88,70.58,104.514,70.335,34.179,78.382,133.884,78.266,27.164,2.881211751825918,348.949,663.472,1464.236,290.726,2.963,47.398,9.280,5.108,11.66,406.432,1001.860,1618.331,2145.801,2750.757,3248.200,568.354,30.791,-1.161,unvoiced,2.963,22:59:10
HFC_471.wav,80.734,107.29,93.38,109.678,70.335,39.343,3.138,123.685,75.164,27.084,2.775196751600865,363.000,662.795,1462.384,418.103,2.972,44.913,8.579,5.235,15.28,398.498,1019.513,1632.728,2123.615,2699.089,3226.900,565.680,30.936,-1.227,unvoiced,2.972,22:59:14
HFC_472.wav,95.212,107.15,80.31,107.194,80.313,26.881,24.228,80.763,30.257,1.470,20.589477795409124,343.389,414.145,1431.606,335.294,1.361,60.797,8.817,6.895,15.14,325.686,1061.698,1662.779,2101.485,2794.535,3327.275,600.318,29.151,-2.119,,1.361,22:59:22
HFC_473.wav,86.985,101.53,77.10,104.879,70.944,33.936,65.375,76.860,57.214,2.994,19.10955549007553,379.241,588.057,1766.094,384.269,4.342,62.707,8.637,7.261,15.07,382.540,1078.336,1695.178,2066.895,2854.193,3218.967,567.286,30.849,-1.776,,4.342,22:59:25
HFC_474.wav,91.590,85.63,75.12,109.932,71.812,38.119,46.959,196.379,97.439,19.758,4.931727763707567,328.190,579.974,1310.959,315.623,3.113,69.288,10.762,6.438,10.57,368.062,1005.211,1592.054,2051.368,2744.740,3266.191,579.626,30.192,-1.468,unvoiced,3.113,22:59:34
HFC_475.wav,82.546,81.95,99.08,109.759,70.546,39.213,11.910,111.259,74.232,29.172,2.544629452764779,328.818,668.090,1407.456,311.311,2.142,59.737,12.602,4.740,9.35,413.912,1086.074,1628.233,2147.778,2675.244,3261.058,569.429,30.733,-1.296,unvoiced,2.142,22:59:38
HFC_476.wav,85.649,86.76,92.37,107.111,71.323,35.787,27.436,60.988,56.456,2.487,22.703948082702826,308.744,468.642,1227.421,315.709,2.011,48.631,9.201,5.286,14.43,342.758,1034.647,1599.035,2096.740,2712.277,3252.740,581.997,30.069,-1.382,,2.011,22:59:44
HFC_477.wav,81.242,86.79,82.20,102.702,71.776,30.925,14.385,55.172,46.962,3.268,14.369061665905871,320.869,550.415,1325.477,302.463,1.989,46.144,8.296,5.562,15.15,385.915,1020.033,1601.570,2107.904,2765.143,3251.458,573.109,30.535,-1.057,,1.989,22:59:49
HFC_478.wav,87.353,88.07,100.96,100.956,78.172,22.784,97.264,65.707,50.708,4.613,10.992153124437777,296.474,396.553,1110.206,349.432,1.734,63.357,7.785,8.139,11.88,322.164,948.001,1648.492,2117.216,2782.006,3238.411,583.249,30.004,-1.516,,1.734,22:59:52
HFC_479.wav,82.672,100.14,90.07,102.912,70.892,32.019,8.113,75.662,61.353,3.301,18.58555815014347,337.586,523.902,1396.631,413.929,2.423,58.067,9.284,6.254,12.24,387.058,1062.430,1609.730,2069.661,2756.910,3262.995,575.187,30.425,-1.340,,2.423,22:59:55
HFC_48.wav,81.890,92.44,95.24,104.401,70.891,33.509,28.922,88.581,81.617,3.325,24.54510819929045,355.183,677.070,1262.533,403.013,1.203,44.637,9.560,4.669,11.74,399.117,975.015,1550.644,1985.067,2652.155,3119.549,544.086,32.164,-1.166,,1.203,22:32:36
HFC_480.wav,88.477,76.71,74.41,105.863,74.414,31.449,59.744,87.385,81.837,2.522,32.45361451893737,300.280,670.062,1465.164,300.497,0.793,44.158,10.717,4.120,5.22,369.327,1093.951,1660.980,2090.013,2754.718,3235.290,573.193,30.531,-0.944,,0.793,22:59:59
HFC_49.wav,82.934,100.29,98.94,102.174,71.066,31.108,5.607,107.309,94.828,3.518,26.957041720002916,308.619,530.366,1209.772,305.846,1.137,60.242,5.716,10.539,13.75,408.595,991.796,1569.769,1967.098,2687.440,3164.572,551.195,31.749,-1.256,,1.137,22:32:38
HFC_50.wav,95.289,95.60,97.16,105.522,85.180,20.342,17.762,94.539,73.444,3.337,22.006645474737656,362.256,548.255,1453.520,382.121,1.199,65.917,6.258,10.534,12.53,356.989,1063.239,1625.316,2048.836,2671.840,3226.922,573.987,30.489,-1.574,,1.199,22:32:40
HFC_51.wav,87.525,96.86,80.60,105.918,70.409,35.510,11.941,117.883,99.440,3.609,27.552504189985243,288.702,496.872,1502.655,269.942,1.247,61.415,6.817,9.009,12.39,325.283,1076.916,1636.334,2025.825,2703.605,3193.845,573.712,30.503,-1.647,,1.247,22:32:45
HFC_52.wav,91.908,93.74,97.61,106.208,82.000,24.208,11.246,62.561,60.883,5.387,11.30276928272681,278.589,348.275,1075.882,277.466,1.300,58.894,9.234,6.378,15.06,317.682,1127.609,1739.318,2233.224,2880.505,3401.931,616.850,28.370,-1.806,,1.300,22:32:49
HFC_53.wav,95.584,101.05,86.73,107.515,80.791,26.724,35.364,51.864,44.482,2.141,20.778991359899948,343.108,374.631,478.179,348.904,1.168,82.806,5.566,14.877,16.32,348.763,844.676,1596.380,1994.286,2615.998,3203.658,570.979,30.649,-0.565,,1.168,22:32:53
HFC_54.wav,95.403,104.01,76.42,104.014,76.420,27.593,11.509,108.705,67.419,3.333,20.22623915705181,444.414,1276.070,2057.158,375.382,0.900,71.872,9.444,7.610,11.05,429.415,1201.577,1742.237,2330.621,2818.963,3428.388,599.795,29.177,-1.142,,0.900,22:32:54
HFC_55.wav,83.504,107.03,77.67,107.264,73.815,33.449,17.281,53.571,33.904,2.266,14.959438039307152,368.499,907.518,1874.278,321.661,1.765,56.597,9.066,6.243,5.27,433.068,1178.004,1737.426,2183.158,2885.593,3406.291,594.645,29.429,-0.976,,1.765,22:32:57
HFC_56.wav,97.356,86.03,106.22,108.261,76.123,32.138,13.974,186.506,83.607,15.619,5.352904261752049,400.935,650.130,1660.157,396.343,1.537,46.632,8.786,5.308,17.13,416.817,1101.105,1587.800,2019.430,2693.714,3268.948,570.426,30.679,-1.580,unvoiced,1.537,22:32:59
HFC_57.wav,82.535,100.52,91.02,103.406,72.848,30.558,9.277,60.458,40.801,2.103,19.405651060332332,317.262,513.201,1433.153,313.443,1.427,58.321,9.461,6.164,15.32,385.472,1046.282,1670.992,2105.790,2778.464,3303.463,583.598,29.986,-1.372,,1.427,22:33:04
HFC_58.wav,86.953,100.20,103.52,103.522,78.270,25.252,91.877,53.629,40.606,2.143,18.94741578476208,340.701,548.364,1394.606,322.845,1.633,61.763,13.471,4.585,10.06,389.189,1038.370,1664.164,2103.158,2745.365,3316.767,585.516,29.888,-1.559,,1.633,22:33:06
HFC_59.wav,92.531,82.64,95.44,104.271,79.791,24.480,75.851,101.618,81.999,2.649,30.959910302798026,376.016,598.533,1454.590,375.945,1.321,73.424,7.946,9.241,12.85,395.009,1016.768,1586.453,1973.697,2661.160,3141.341,549.266,31.861,-1.327,,1.321,22:33:08
HFC_60.wav,90.481,87.01,82.35,103.081,79.878,23.203,23.132,81.158,61.739,2.986,20.677683245835425,347.028,409.813,1077.285,354.854,1.172,64.829,7.678,8.444,15.24,358.283,1056.289,1560.703,2093.592,2730.860,3247.566,577.857,30.284,-1.634,,1.172,22:33:10
HFC_61.wav,85.412,98.93,78.26,105.214,73.894,31.319,13.108,64.519,42.953,3.530,12.169528484395183,318.279,548.848,1581.096,317.187,2.125,63.756,9.648,6.609,10.32,374.930,1116.663,1659.030,2155.640,2802.044,3331.830,591.380,29.592,-1.390,,2.125,22:33:12
HFC_62.wav,91.450,102.56,88.39,106.675,70.874,35.801,12.339,114.911,88.525,4.291,20.62823496272237,374.426,547.116,1562.392,384.662,1.515,78.828,11.224,7.023,8.89,392.600,1095.178,1620.724,2056.668,2654.276,3192.038,559.888,31.256,-1.488,,1.515,22:33:15
HFC_63.wav,83.305,73.02,74.85,87.853,73.024,14.828,44.264,41.224,38.373,0.694,55.257175020627415,335.504,419.841,2450.986,342.873,0.720,68.901,7.639,9.020,9.13,357.169,1159.194,1700.240,2245.708,2886.094,3342.922,597.151,29.306,-2.279,,0.720,22:33:17
HFC_64.wav,86.681,103.15,86.94,103.145,77.333,25.812,1.165,37.782,35.919,3.264,11.003602586976488,262.516,331.100,915.900,356.148,1.379,40.676,11.244,3.618,16.90,288.848,721.815,1492.620,2072.904,2796.903,3517.249,645.680,27.103,-1.826,,1.379,22:33:19
HFC_65.wav,90.451,80.35,76.96,106.514,76.711,29.804,60.648,76.524,73.972,4.298,17.212316507023186,342.290,487.909,2267.894,346.759,0.931,66.011,6.984,9.452,9.53,357.079,1060.019,1687.036,2124.934,2762.214,3241.717,576.928,30.333,-2.251,,0.931,22:33:23
HFC_66.wav,91.096,82.46,95.82,102.434,75.665,26.769,72.010,63.420,53.678,4.802,11.178781720428269,373.214,438.622,1027.631,383.987,4.061,64.416,8.988,7.167,13.98,369.221,1009.837,1583.701,2027.546,2693.864,3175.155,561.187,31.184,-1.663,,4.061,22:33:27
HFC_67.wav,89.237,100.92,81.54,105.297,72.751,32.546,24.092,57.127,35.122,1.477,23.78026512677285,316.767,453.607,1724.462,312.340,3.047,51.229,10.339,4.955,16.25,360.282,1079.583,1679.529,2131.387,2759.039,3271.223,582.188,30.059,-2.112,,3.047,22:33:32
HFC_68.wav,82.088,80.71,97.68,100.935,71.613,29.323,55.000,76.986,73.511,3.950,18.611175281935356,319.986,444.501,1448.412,312.671,3.038,51.466,10.368,4.964,13.54,357.733,1031.261,1634.461,2060.130,2718.073,3188.013,566.056,30.916,-2.073,,3.038,22:33:35
HFC_69.wav,90.730,87.98,98.52,104.803,71.675,33.128,37.778,82.295,73.677,4.745,15.5262068316669,362.448,475.021,1354.122,385.129,3.056,59.466,8.018,7.417,12.77,382.650,1000.341,1593.522,2014.010,2590.219,3125.231,548.516,31.904,-1.850,,3.056,22:33:39
HFC_70.wav,88.560,88.94,77.03,93.670,77.031,16.639,93.657,57.285,34.415,5.130,6.708501327035913,279.855,385.297,1204.074,349.766,0.975,32.670,11.286,2.895,13.47,320.020,845.863,1527.803,2040.496,2807.943,3449.629,625.922,27.959,-1.631,,0.975,22:33:43
HFC_71.wav,86.778,84.03,76.40,106.005,75.347,30.659,26.022,91.715,77.501,4.147,18.68760859206497,308.874,854.622,1697.349,330.818,1.567,47.850,10.527,4.545,5.57,354.525,1107.354,1719.485,2234.113,2826.805,3320.454,593.186,29.502,-1.391,,1.567,22:33:46
HFC_72.wav,97.669,87.98,98.33,109.732,80.859,28.873,22.408,126.826,88.019,25.308,3.477862258072277,401.402,813.764,1695.876,391.737,1.501,64.166,9.324,6.882,12.85,424.575,1087.728,1671.493,2025.863,2633.803,3138.162,542.717,32.245,-1.292,unvoiced,1.501,22:33:48
HFC_73.wav,95.503,95.14,96.27,106.687,80.157,26.530,56.646,116.972,89.015,3.223,27.61651221496862,391.029,747.557,1756.721,392.591,1.396,65.816,8.954,7.351,9.04,453.840,1084.496,1692.821,2153.975,2734.052,3211.269,551.486,31.732,-1.291,,1.396,22:33:50
HFC_74.wav,98.697,83.10,78.91,104.560,78.909,25.651,49.742,39.882,17.037,1.670,10.20232684088055,390.327,442.683,848.208,397.840,1.497,68.784,7.682,8.954,11.38,391.220,986.597,1687.472,2117.990,2756.673,3244.967,570.749,30.661,-1.653,,1.497,22:33:52
HFC_75.wav,87.992,82.33,80.72,108.287,80.092,28.194,25.837,88.183,58.590,1.964,29.838298900715813,326.285,369.834,784.979,323.248,1.019,87.669,4.418,19.843,19.70,344.149,932.435,1545.286,1970.744,2624.065,3239.075,578.985,30.225,-1.548,,1.019,22:33:54
HFC_76.wav,86.974,82.53,89.94,108.209,73.403,34.806,36.299,64.697,55.560,3.186,17.440798958485768,330.108,418.259,1296.204,333.149,1.883,66.479,8.495,7.826,14.08,368.253,1056.616,1604.919,2054.138,2761.350,3278.743,582.098,30.064,-1.675,,1.883,22:33:56
HFC_77.wav,96.575,103.61,78.07,104.705,78.071,26.634,20.378,77.253,43.108,3.451,12.490948915697281,389.796,499.217,1485.303,384.212,1.594,68.653,10.040,6.838,17.53,389.680,1012.601,1711.909,2163.404,2724.760,3175.877,557.239,31.405,-1.953,,1.594,22:33:58
HFC_78.wav,93.827,100.31,91.08,102.894,74.650,28.244,12.432,92.161,65.993,3.089,21.367258104518065,368.476,437.167,1097.374,382.364,1.295,78.251,7.335,10.668,13.12,371.415,968.117,1580.920,1973.038,2645.926,3176.716,561.060,31.191,-1.734,,1.295,22:33:59
HFC_79.wav,80.543,97.21,100.10,102.382,72.429,29.953,12.104,66.729,35.341,2.270,15.567520518850444,306.757,431.484,1383.016,308.271,1.321,71.841,9.459,7.595,13.56,337.071,1008.811,1643.754,2143.979,2739.241,3309.962,594.578,29.433,-1.768,,1.321,22:34:03
HFC_80.wav,82.201,87.77,79.62,101.217,72.663,28.554,13.050,86.445,65.929,2.453,26.877151981366648,315.612,584.736,1267.332,306.423,1.427,70.401,6.658,10.574,12.77,391.201,1016.824,1657.477,2124.395,2717.409,3237.194,569.199,30.745,-1.139,,1.427,22:34:05
HFC_81.wav,90.123,109.74,103.16,109.925,73.577,36.348,9.643,423.943,289.537,54.275,5.334607062840361,286.788,542.131,3018.805,341.197,0.562,41.896,8.008,5.232,9.07,320.521,1071.357,1623.963,2202.611,2846.688,3489.213,633.738,27.614,-2.691,unvoiced,0.562,22:34:08
HFC_82.wav,84.653,92.24,91.34,109.339,72.224,37.114,47.929,54.038,48.879,2.618,18.66960510601261,328.810,643.185,1289.799,303.564,4.202,42.608,8.449,5.043,13.65,384.276,990.726,1685.259,2138.230,2820.940,3378.791,598.903,29.220,-1.277,,4.202,22:34:08
HFC_83.wav,82.235,83.49,75.67,103.275,72.839,30.436,18.682,62.719,47.754,3.004,15.895433594454154,344.922,659.933,1179.729,301.005,1.831,41.859,7.374,5.677,15.56,417.274,971.696,1671.612,2100.772,2802.501,3357.657,588.077,29.758,-0.993,,1.831,22:34:15
HFC_84.wav,85.751,79.14,85.74,89.834,78.889,10.945,63.468,20.034,19.462,2.005,9.70646481018117,256.977,301.922,578.784,254.840,1.247,22.933,8.421,2.723,16.20,281.394,797.034,1500.205,2024.288,2702.979,3444.818,632.685,27.660,-0.456,,1.247,22:34:17
HFC_85.wav,105.196,104.35,85.38,108.179,85.376,22.803,44.228,35.177,28.617,1.734,16.49999714420888,319.798,323.682,332.172,310.893,0.865,46.696,1.734,26.924,25.41,306.825,490.137,1427.000,2101.977,2709.248,3528.912,644.417,27.156,0.027,,0.865,22:34:20
HFC_86.wav,81.393,91.30,90.11,100.607,73.501,27.105,10.754,37.595,32.009,4.058,7.888321054027062,344.096,590.928,1207.632,295.943,1.848,51.601,15.420,3.346,12.21,400.601,979.213,1602.400,2044.070,2637.569,3243.491,568.578,30.779,-0.911,,1.848,22:34:21
HFC_87.wav,88.087,81.69,79.73,105.884,79.258,26.625,47.137,65.994,33.436,2.034,16.44079561927332,338.193,527.273,1769.223,346.037,1.475,64.722,8.135,7.956,8.41,351.496,1102.008,1677.382,2103.944,2770.119,3244.325,578.566,30.247,-2.052,,1.475,22:34:23
HFC_88.wav,83.712,95.38,98.33,104.122,72.275,31.847,13.694,77.228,53.061,3.078,17.23864956039688,331.051,550.669,1296.726,289.662,2.112,61.473,10.655,5.770,10.15,389.442,995.102,1645.171,2071.641,2750.456,3259.082,573.928,30.492,-1.202,,2.112,22:34:24
HFC_89.wav,87.419,97.81,97.59,109.853,70.398,39.455,8.578,166.801,70.206,19.214,3.6539209760264404,347.172,578.124,1295.268,279.942,1.431,53.080,7.336,7.235,12.96,394.681,966.297,1591.791,2039.297,2667.640,3173.193,555.702,31.492,-1.291,unvoiced,1.431,22:34:27
HFC_90.wav,81.615,85.56,97.55,99.622,71.279,28.343,81.141,72.359,48.582,2.416,20.110349699081784,352.003,600.234,1393.988,408.503,1.449,64.072,10.353,6.189,6.34,381.787,1014.171,1609.918,2048.925,2668.016,3161.167,555.876,31.482,-1.468,,1.449,22:34:29
HFC_91.wav,81.086,102.63,97.70,102.633,71.743,30.890,5.179,80.332,65.897,2.233,29.509433163152316,328.424,577.852,1402.039,289.129,1.120,64.006,7.593,8.430,12.54,372.019,974.419,1558.878,2013.193,2687.965,3169.301,559.456,31.280,-1.278,,1.120,22:34:31
HFC_92.wav,86.479,82.25,85.51,109.765,70.335,39.430,57.562,202.280,117.453,21.791,5.390039540681592,314.690,566.141,1330.067,302.093,2.432,44.872,8.840,5.076,12.85,397.989,1052.165,1608.483,2065.257,2665.005,3157.944,551.991,31.703,-1.165,unvoiced,2.432,22:34:35
HFC_93.wav,93.154,88.90,77.85,107.471,77.850,29.622,62.727,85.072,53.586,3.366,15.919166467866148,331.866,830.109,1671.846,320.111,0.891,55.986,7.854,7.128,8.48,380.915,1093.098,1683.047,2109.236,2741.993,3216.585,567.134,30.857,-1.305,,0.891,22:34:44
HFC_94.wav,88.114,99.39,76.43,99.389,76.431,22.957,19.690,63.983,28.727,2.190,13.116884827772395,341.176,391.906,825.763,349.691,0.913,73.421,4.380,16.762,17.89,350.635,1095.605,1577.869,2108.529,2681.634,3293.250,588.523,29.735,-1.435,,0.913,22:34:46
HFC_95.wav,84.617,79.40,89.97,89.970,79.403,10.567,98.679,29.182,28.026,4.574,6.127359210196863,250.596,295.945,541.911,250.341,1.093,35.471,8.233,4.308,13.96,279.531,822.792,1490.544,2069.860,2789.475,3427.314,629.557,27.797,0.056,,1.093,22:34:46
HFC_96.wav,92.041,102.58,83.46,104.451,83.464,20.988,13.377,81.308,54.433,4.785,11.375454863527136,295.609,621.379,1539.187,264.724,1.045,66.536,7.178,9.270,11.85,349.636,1078.471,1610.602,2035.620,2723.532,3231.995,576.472,30.357,-1.377,,1.045,22:34:49
HFC_97.wav,91.772,97.75,89.10,103.058,72.269,30.788,20.304,98.826,67.880,3.551,19.115535481215623,310.156,526.183,1460.314,292.055,1.971,70.216,11.921,5.890,8.35,418.865,1051.572,1714.574,2181.337,2807.142,3308.553,577.938,30.280,-1.250,,1.971,22:34:51
HFC_98.wav,86.525,85.91,99.74,99.745,71.512,28.233,92.611,108.273,66.059,2.569,25.71488957242392,308.653,577.154,1359.380,287.424,1.752,60.852,9.419,6.460,8.81,366.725,990.638,1669.830,2091.458,2697.160,3186.602,563.975,31.030,-1.172,,1.752,22:34:53
HFC_99.wav,92.638,90.52,90.07,107.411,74.924,32.487,95.728,121.978,29.576,17.016,1.7381759664320298,381.626,596.430,1601.133,389.509,2.968,54.910,8.929,6.150,14.59,382.574,992.724,1631.721,2035.080,2745.156,3198.618,563.209,31.072,-1.874,unvoiced,2.968,22:34:55
LFC_01.wav,94.884,81.53,93.90,98.400,81.217,17.182,46.490,23.053,22.606,3.720,6.076902861372389,300.198,382.387,503.122,376.215,1.747,25.559,8.298,3.080,11.53,367.116,758.189,1553.189,2133.748,2816.560,3269.344,580.446,30.149,-0.028,,1.747,22:32:21
LFC_02.wav,85.704,82.45,83.81,90.062,79.366,10.696,7.502,21.335,20.721,6.090,3.402261073733507,240.065,844.391,5635.890,255.820,1.642,49.776,14.008,3.553,7.99,309.236,1013.277,1707.756,2244.961,2781.959,3533.801,644.913,27.135,-3.494,,1.642,22:33:24
LFC_03.wav,83.877,87.36,97.11,97.111,75.989,21.122,98.930,79.748,77.678,6.119,12.693809069074208,217.600,602.256,3858.910,174.269,1.471,43.926,15.978,2.749,6.71,314.015,975.362,1688.740,2035.975,2870.172,3572.703,651.737,26.851,-2.858,,1.471,22:41:37
LFC_04.wav,80.000,99.27,72.48,99.267,72.480,26.787,0.753,27.267,25.820,4.596,5.617467299523704,225.632,582.179,3561.649,146.718,1.958,36.005,18.385,1.958,7.87,325.975,980.415,1588.398,2008.155,2744.596,3536.900,642.185,27.251,-2.931,,1.958,22:41:49
LFC_05.wav,86.417,82.88,87.98,93.468,82.352,11.116,96.526,53.336,52.037,7.781,6.687583695775104,179.443,638.984,4383.692,155.951,1.414,52.680,14.148,3.724,8.33,293.905,1020.608,1651.723,2108.527,2836.878,3535.326,648.284,26.994,-2.850,,1.414,22:42:23
LFC_06.wav,83.827,72.32,82.79,93.300,71.813,21.487,66.988,40.348,39.689,4.680,8.479952908988247,258.367,385.518,1546.850,284.417,1.923,43.401,11.701,3.709,8.21,310.237,942.757,1586.324,2002.025,2839.912,3530.399,644.032,27.173,-1.893,,1.923,22:42:50
LFC_07.wav,85.358,94.29,90.98,105.875,78.357,27.517,5.265,74.468,71.919,5.674,12.67500103519743,250.839,328.434,493.901,243.649,1.234,15.837,13.375,1.184,14.01,314.333,649.787,1446.906,2046.469,2704.162,3513.532,639.840,27.351,0.249,,1.234,22:47:07
LFC_08.wav,79.398,101.03,86.91,109.134,71.282,37.852,8.155,53.640,52.188,5.575,9.361222430243775,177.260,325.279,813.107,341.726,1.256,28.787,12.743,2.259,9.46,317.406,928.300,1706.736,2160.921,2954.546,3535.212,643.561,27.192,-0.671,,1.256,22:53:52
LFC_09.wav,87.333,100.40,103.15,109.893,70.580,39.313,23.139,221.705,140.463,56.944,2.4666696400211294,217.814,327.256,1050.687,232.196,1.396,31.515,12.893,2.444,9.33,287.828,985.458,1560.560,2178.100,2829.279,3464.330,635.300,27.546,-1.845,unvoiced,1.396,22:56:01
