file, Mean F0 (Hz),Start F0 (Hz),End F0 (Hz),Max F0 (Hz),Min F0 (Hz),Range F0 (Hz),Time max F0 (%),F0 Abs Slope,F0 var (Hz/s),FM Rate (s-1),FM Extent (Hz),Q25% (Hz),Q50% (Hz),Q75% (Hz),Fpeak (Hz),Sound duration (s), AM var (dB/s), AM rate (s-1), AM extent (dB),Harmonicity, F1 mean (Hz),F2 mean (Hz),F3 mean (Hz),F4 mean (Hz),F5 mean (Hz),F6 mean (Hz),formant dispersal (Hz),vocal tract length (cm),mean wiener entropy,Comment,Duration(s),Start
HFC_01.wav,90.971,81.78,89.32,106.373,81.776,24.597,34.471,59.468,45.516,1.143,39.83229016007137,358.758,438.446,1574.031,350.972,1.313,63.937,8.761,7.298,16.07,362.765,1061.385,1737.924,2109.303,2849.775,3342.920,596.031,29.361,-2.267,,1.313,23:30:00
HFC_02.wav,94.384,93.73,81.87,107.253,80.039,27.214,38.456,70.876,64.180,2.244,28.59944323790117,320.822,372.936,708.096,335.424,0.891,71.067,8.415,8.445,15.44,331.098,1038.693,1646.664,2035.005,2691.066,3320.521,597.885,29.270,-1.173,,0.891,23:30:04
HFC_03.wav,84.200,80.90,79.88,104.771,70.386,34.386,74.258,227.472,158.567,34.304,4.62246429719029,319.159,537.071,1455.928,370.238,1.458,65.307,11.320,5.769,9.37,379.183,1034.179,1647.479,2065.456,2738.709,3262.085,576.580,30.351,-1.458,unvoiced,1.458,23:30:05
HFC_04.wav,82.636,102.08,97.35,102.997,71.697,31.300,39.216,63.943,61.141,2.956,20.684545273713837,339.746,617.606,1468.193,314.538,2.876,38.279,10.085,3.796,11.73,409.637,1068.364,1601.225,2066.785,2719.369,3247.666,567.606,30.831,-1.187,,2.876,23:30:07
HFC_05.wav,89.458,93.09,87.16,99.128,81.445,17.683,70.919,59.731,57.725,1.700,33.95976715924553,332.998,569.567,1667.238,354.163,0.882,54.174,9.632,5.624,7.70,368.108,1109.306,1680.855,2097.550,2835.912,3378.964,602.171,29.062,-1.480,,0.882,23:30:10
HFC_06.wav,81.011,86.57,87.61,101.374,71.633,29.741,90.823,63.983,56.270,1.981,28.409618015653464,320.960,521.995,1201.465,312.555,2.020,43.256,8.170,5.294,14.75,377.246,1037.775,1578.040,2058.889,2718.645,3250.972,574.745,30.448,-1.163,,2.020,23:30:17
HFC_07.wav,91.384,82.52,83.92,105.498,82.518,22.980,25.918,110.653,105.042,5.014,20.949808624070673,328.914,424.910,1695.976,325.492,0.698,65.951,5.014,13.154,12.13,324.349,1040.953,1632.716,2026.367,2748.976,3189.822,573.094,30.536,-2.250,,0.698,23:30:20
HFC_08.wav,91.529,77.52,83.91,96.884,77.523,19.361,68.328,46.037,43.991,3.129,14.060308878747685,190.134,287.804,623.596,168.882,0.799,36.138,9.386,3.850,12.76,286.168,1009.853,1568.100,2154.538,2853.253,3467.614,636.289,27.503,-0.063,,0.799,23:30:23
HFC_09.wav,96.414,90.37,103.67,108.316,83.070,25.245,56.605,94.642,88.097,2.761,31.90859323709921,316.196,351.544,537.871,326.858,0.724,75.053,7.592,9.885,14.19,306.093,995.723,1637.320,2149.859,2749.466,3348.201,608.422,28.763,0.005,,0.724,23:30:33
HFC_10.wav,80.250,100.95,75.08,100.945,73.011,27.934,7.762,56.137,36.343,1.685,21.571910003347416,317.522,472.545,1289.808,313.265,1.484,43.623,6.402,6.814,21.00,349.555,1038.350,1621.420,2045.118,2653.908,3210.140,572.117,30.588,-1.732,,1.484,23:30:37
HFC_100.wav,78.401,104.17,73.67,104.166,71.747,32.419,8.615,56.060,40.168,2.389,16.81197857228265,308.459,453.103,1475.243,298.630,1.256,53.414,5.177,10.318,16.16,343.758,1053.329,1563.903,2062.618,2673.038,3146.104,560.469,31.224,-1.671,,1.256,23:35:02
HFC_101.wav,84.030,107.07,99.11,107.133,72.470,34.663,4.544,64.242,60.419,4.423,13.660812107688567,307.401,453.775,1324.541,296.676,1.809,54.565,8.016,6.807,14.56,344.409,1008.036,1628.241,2081.669,2677.194,3213.137,573.746,30.501,-1.652,,1.809,23:35:04
HFC_102.wav,80.422,99.72,91.50,99.720,73.583,26.136,5.584,81.025,53.346,3.189,16.729040677766527,318.358,562.286,1529.215,293.033,1.098,77.524,7.744,10.010,11.05,360.056,956.040,1618.236,1995.830,2675.766,3197.420,567.473,30.838,-1.466,,1.098,23:35:06
HFC_103.wav,81.557,87.85,76.03,100.973,72.501,28.472,10.910,71.459,63.817,3.405,18.740598281698496,329.469,555.706,1430.354,304.318,1.321,52.064,5.675,9.174,10.81,374.582,989.278,1581.901,2052.150,2699.110,3186.210,562.326,31.121,-1.343,,1.321,23:35:09
HFC_104.wav,83.452,83.65,97.76,102.214,73.456,28.758,9.767,52.998,50.765,3.301,15.378071284087435,312.995,501.691,1435.567,307.494,1.818,56.195,8.253,6.809,13.36,359.704,1009.379,1628.925,2050.709,2685.811,3210.783,570.216,30.690,-1.347,,1.818,23:35:14
HFC_105.wav,83.043,83.16,91.93,105.602,71.477,34.125,16.672,76.843,71.269,2.614,27.266398717385833,309.121,640.683,1536.937,290.745,1.339,41.375,8.588,4.818,12.72,366.346,1050.077,1675.423,2136.716,2752.111,3217.982,570.327,30.684,-1.375,,1.339,23:35:18
HFC_106.wav,85.161,83.77,96.93,104.207,71.078,33.130,15.803,67.836,58.649,3.421,17.14570319677755,314.154,670.092,1676.789,291.066,2.485,43.951,7.042,6.241,12.40,360.687,1100.060,1717.354,2204.452,2746.126,3253.931,578.649,30.243,-1.644,,2.485,23:35:24
HFC_107.wav,82.907,86.71,107.00,107.001,72.282,34.718,88.647,81.402,62.289,2.352,26.478567206121497,268.943,341.547,687.253,293.407,0.850,68.370,7.645,8.943,14.74,316.247,882.767,1569.332,1983.108,2654.290,3192.073,575.165,30.426,-0.790,,0.850,23:35:26
HFC_108.wav,98.939,85.78,78.79,108.370,77.929,30.441,55.345,137.363,132.380,5.398,24.52606154372082,310.943,368.161,1033.068,319.269,0.926,77.879,7.557,10.306,13.06,315.899,1081.322,1627.384,2009.855,2696.365,3337.076,604.235,28.962,-2.074,,0.926,23:35:28
HFC_109.wav,100.729,79.45,99.99,108.005,79.449,28.556,42.247,62.215,57.737,1.145,50.4428940282539,306.623,393.922,1391.958,312.667,0.874,72.032,4.578,15.733,11.49,315.998,1123.431,1609.145,2081.337,2715.828,3291.493,595.099,29.407,-2.017,,0.874,23:35:29
HFC_11.wav,79.773,89.66,74.81,101.360,72.848,28.512,16.451,49.324,37.279,2.657,14.031681454300895,316.177,519.908,1469.427,306.051,2.823,51.218,10.450,4.901,15.86,339.307,990.217,1631.070,2108.477,2688.723,3239.313,580.001,30.172,-1.841,,2.823,23:30:42
HFC_110.wav,81.113,104.65,79.64,104.654,74.433,30.220,9.137,63.813,43.522,1.582,27.514331773638503,307.469,380.285,1012.660,317.467,0.948,68.405,7.909,8.649,13.36,332.045,1011.996,1581.222,1986.917,2598.504,3202.612,574.113,30.482,-1.356,,0.948,23:35:32
HFC_111.wav,89.841,82.37,74.88,106.994,70.335,36.660,64.066,182.333,138.882,37.589,3.6948013952424734,362.041,433.635,692.746,406.215,4.456,70.381,11.333,6.210,12.13,386.289,926.211,1560.978,2020.393,2619.147,3157.988,554.340,31.569,-0.879,unvoiced,4.456,23:35:33
HFC_112.wav,80.452,79.91,97.89,104.324,72.519,31.805,13.895,74.426,62.715,2.164,28.97928684896932,328.582,636.149,1447.910,289.033,1.848,38.090,11.091,3.434,15.76,382.930,966.356,1673.159,2208.766,2647.133,3208.742,565.162,30.965,-1.300,,1.848,23:35:41
HFC_113.wav,78.271,92.33,76.74,92.325,72.607,19.718,8.393,35.624,28.992,2.612,11.099144122091463,283.454,367.251,696.774,291.313,0.957,53.675,4.702,11.416,15.20,333.966,824.553,1492.130,1995.288,2641.348,3202.956,573.798,30.499,-0.605,,0.957,23:35:43
HFC_114.wav,83.589,103.89,99.79,109.683,70.335,39.349,2.255,158.669,109.600,33.814,3.241286435791887,374.420,571.200,1507.980,422.313,5.101,53.620,10.095,5.312,11.94,393.166,995.153,1565.008,2009.391,2662.519,3173.524,556.072,31.471,-1.449,unvoiced,5.102,23:35:45
HFC_115.wav,97.403,80.97,102.88,105.503,80.967,24.536,58.967,64.821,48.988,3.254,15.054764525115205,367.333,594.165,1367.864,382.101,1.690,52.559,9.170,5.731,15.53,381.113,1029.610,1588.321,2104.794,2619.997,3205.957,564.969,30.975,-1.466,,1.690,23:35:50
HFC_116.wav,93.755,83.83,88.19,109.357,77.022,32.335,17.238,152.723,76.424,12.827,5.958071522270969,309.324,453.509,1096.622,291.764,1.286,46.977,9.717,4.834,9.96,385.729,880.568,1612.264,2134.211,2658.136,3281.682,579.191,30.215,-0.982,unvoiced,1.286,23:35:54
HFC_117.wav,100.737,87.89,74.31,106.917,74.309,32.607,64.361,62.076,57.782,1.683,34.33096503049503,291.848,360.967,1142.549,310.472,0.891,50.721,6.171,8.219,11.18,318.637,1092.940,1648.666,2101.309,2724.171,3351.809,606.634,28.848,-1.824,,0.891,23:35:58
HFC_118.wav,83.276,87.44,80.60,103.128,71.583,31.545,16.379,88.753,65.952,4.392,15.015244975602267,301.506,436.795,1451.873,340.410,1.594,65.465,13.491,4.853,6.28,385.824,1109.457,1664.634,2242.214,2790.364,3295.236,581.882,30.075,-1.523,,1.594,23:35:59
HFC_119.wav,81.045,82.66,97.31,103.067,72.760,30.307,71.638,66.039,60.713,3.520,17.249367398171,334.257,680.439,1441.453,315.996,3.978,59.391,11.188,5.309,10.70,404.483,1057.440,1580.958,2098.099,2678.579,3215.887,562.281,31.123,-1.123,,3.978,23:36:01
HFC_12.wav,85.483,90.40,102.76,102.758,72.107,30.652,96.833,74.080,60.431,4.311,14.01730023560994,286.395,432.933,1261.782,290.233,1.392,47.645,7.545,6.315,12.30,342.290,988.456,1574.519,2018.499,2640.033,3122.049,555.952,31.478,-1.322,,1.392,23:30:45
HFC_120.wav,87.456,79.24,79.38,105.383,71.854,33.530,13.211,64.631,54.406,3.834,14.190915515217053,373.864,501.409,1240.029,311.083,2.217,52.772,7.442,7.091,16.97,390.320,958.132,1582.554,2101.856,2661.124,3205.019,562.940,31.087,-1.907,,2.217,23:36:06
HFC_121.wav,79.999,83.94,82.47,109.661,70.408,39.253,13.339,70.295,53.601,20.530,2.6108261700444295,405.739,596.028,1487.603,414.407,2.314,40.400,9.293,4.348,16.75,419.482,1044.689,1605.049,2188.164,2656.420,3224.185,560.941,31.198,-1.272,unvoiced,2.314,23:36:08
HFC_122.wav,91.664,89.53,76.53,104.054,76.531,27.523,16.206,85.073,71.823,4.496,15.976500508038065,296.797,560.405,1656.735,380.092,1.001,40.814,8.492,4.806,12.77,351.998,1048.862,1645.003,2178.429,2794.116,3280.087,585.618,29.883,-1.474,,1.001,23:36:14
HFC_123.wav,83.941,106.89,93.76,106.900,72.470,34.431,7.831,93.642,79.883,3.784,21.11270989580995,344.951,599.829,1365.020,395.507,2.643,59.160,12.297,4.811,6.99,383.473,1021.610,1611.016,2153.098,2676.742,3245.616,572.429,30.571,-1.356,,2.643,23:36:15
HFC_124.wav,87.181,102.79,78.45,102.808,71.327,31.481,4.765,93.709,85.658,3.212,26.66608264916241,380.247,453.040,1161.049,386.603,1.712,66.574,9.053,7.354,11.54,397.858,945.988,1526.698,2043.854,2686.347,3175.404,555.509,31.503,-1.752,,1.712,23:36:18
HFC_125.wav,91.958,100.98,79.54,106.282,72.781,33.501,11.418,123.256,99.932,4.024,24.83214960688746,362.014,535.193,1630.012,389.413,1.242,49.529,8.853,5.594,13.24,371.247,1092.878,1625.771,2123.873,2781.171,3308.298,587.410,29.792,-1.582,,1.242,23:36:21
HFC_126.wav,95.818,88.40,72.26,109.984,70.877,39.107,78.873,280.028,188.389,37.535,5.019044410367518,301.101,386.937,816.284,313.555,1.559,78.748,10.908,7.220,9.20,372.888,944.259,1500.835,2065.855,2634.199,3278.595,581.142,30.113,-0.692,unvoiced,1.559,23:36:22
HFC_127.wav,89.204,83.30,85.11,105.602,81.887,23.715,32.889,68.513,62.764,3.301,19.013281200478897,342.754,564.667,1670.042,344.503,0.909,51.105,10.453,4.889,12.07,370.588,1091.717,1635.137,2141.028,2760.124,3222.442,570.371,30.682,-1.654,,0.909,23:36:29
HFC_128.wav,93.345,81.96,89.93,101.213,81.959,19.253,72.495,42.719,37.214,1.095,33.98327906430083,333.991,498.411,1691.320,366.723,0.913,57.653,7.118,8.100,7.25,362.785,1159.100,1631.982,2154.101,2696.374,3236.818,574.807,30.445,-1.876,,0.913,23:36:35
HFC_129.wav,83.748,87.94,76.90,104.156,72.378,31.777,20.845,72.952,54.604,2.004,27.248745121028833,322.519,452.907,1378.673,319.711,1.497,67.597,9.018,7.496,11.83,353.805,1029.098,1661.487,2075.371,2718.330,3247.016,578.642,30.243,-1.527,,1.497,23:36:41
HFC_13.wav,91.956,102.93,98.60,102.929,83.881,19.048,5.037,77.371,63.237,3.486,18.138428418627907,346.042,485.063,1467.014,369.905,1.291,76.547,10.072,7.600,12.62,355.542,1049.111,1595.504,1964.492,2596.586,3215.836,572.059,30.591,-1.806,,1.291,23:30:47
HFC_130.wav,94.350,87.93,102.61,105.708,86.100,19.608,25.897,59.848,56.205,3.897,14.421620189549621,365.355,417.364,944.563,363.461,1.155,54.804,9.527,5.753,14.23,367.414,887.972,1650.819,2002.522,2654.135,3151.662,556.850,31.427,-1.533,,1.155,23:36:52
HFC_131.wav,85.306,99.47,103.17,103.171,72.188,30.983,91.075,100.282,86.204,2.805,30.73097981332696,272.758,352.843,700.179,274.205,0.891,56.469,4.488,12.582,13.66,321.083,919.323,1602.274,2011.484,2770.736,3264.092,588.602,29.731,-0.730,,0.891,23:36:54
HFC_132.wav,80.886,83.36,85.33,100.987,73.353,27.634,87.058,78.713,57.544,3.043,18.911464402028347,292.828,417.254,741.399,419.501,1.150,49.306,9.563,5.156,14.13,362.160,914.413,1514.140,1903.111,2637.105,3138.801,555.328,31.513,-0.583,,1.150,23:36:55
HFC_133.wav,92.511,87.17,81.19,107.643,81.189,26.454,36.392,152.241,143.326,6.746,21.245913784247307,379.288,676.223,1336.391,321.205,1.260,62.643,13.889,4.510,5.60,465.680,988.818,1462.922,2009.011,2595.853,3266.430,560.150,31.242,-1.107,,1.260,23:37:01
HFC_134.wav,88.866,82.35,92.73,101.630,74.811,26.819,20.290,76.125,74.503,4.025,18.509355650334488,317.957,465.164,834.549,328.980,2.112,57.951,12.075,4.799,8.85,379.060,859.775,1551.683,2054.550,2655.182,3256.518,575.492,30.409,-0.989,,2.112,23:37:03
HFC_135.wav,80.474,86.06,97.10,102.852,70.335,32.517,95.586,195.266,104.751,22.348,4.687320528896127,381.065,494.235,1262.356,408.233,1.163,64.131,8.595,7.461,15.01,388.511,970.282,1496.412,2015.476,2606.773,3127.089,547.716,31.951,-1.585,unvoiced,1.163,23:37:06
HFC_136.wav,90.344,79.79,82.56,106.057,75.187,30.870,39.150,131.454,127.641,6.169,20.690699398512283,301.170,654.538,1267.387,275.762,1.054,64.687,11.864,5.453,4.34,617.895,1082.315,1711.170,2331.415,2849.856,3468.620,570.145,30.694,-0.904,,1.054,23:37:09
HFC_137.wav,87.080,85.65,85.09,92.334,82.357,9.978,73.217,50.036,28.688,2.981,9.622493116559435,287.533,511.016,1576.158,269.736,0.839,62.221,10.733,5.797,8.80,324.902,969.913,1675.869,2065.984,2723.384,3246.450,584.310,29.950,-1.947,,0.839,23:37:10
HFC_138.wav,79.630,102.06,74.50,102.062,72.148,29.914,3.865,77.912,71.043,3.164,22.456746614843002,300.794,505.070,1483.725,289.025,0.948,42.146,8.963,4.702,14.04,329.367,980.347,1626.944,2001.254,2666.571,3209.655,576.058,30.379,-1.679,,0.948,23:37:11
HFC_139.wav,84.869,99.89,76.74,109.888,70.335,39.553,3.944,180.516,131.979,55.091,2.395661247990389,377.031,467.472,1372.553,388.122,2.024,59.821,8.400,7.122,14.25,394.974,1091.952,1582.522,2022.718,2651.650,3242.921,569.589,30.724,-1.872,unvoiced,2.024,23:37:12
HFC_14.wav,90.988,97.50,78.81,105.728,70.575,35.153,45.415,109.113,65.809,3.404,19.335514354001404,444.865,971.274,1825.475,385.312,1.910,57.115,10.734,5.321,9.15,427.286,1084.356,1694.266,2079.238,2680.351,3214.487,557.440,31.394,-1.159,,1.910,23:30:51
HFC_140.wav,94.071,83.94,109.68,109.679,73.686,35.993,99.110,224.468,145.453,29.245,4.973579319911613,233.468,329.647,461.530,336.222,1.778,51.543,12.092,4.263,8.61,367.369,863.721,1552.108,2100.373,2790.099,3473.688,621.264,28.168,0.256,unvoiced,1.778,23:37:17
HFC_141.wav,90.055,98.71,75.64,105.146,75.642,29.504,38.507,122.428,97.919,3.217,30.43614902944291,311.370,377.988,1147.665,311.477,0.777,82.773,3.217,25.728,13.56,337.913,1005.959,1528.387,1976.478,2618.463,3157.456,563.909,31.033,-1.634,,0.777,23:37:22
HFC_142.wav,86.682,99.96,78.65,109.588,70.335,39.253,3.772,142.090,77.767,36.982,2.102834564115483,326.362,488.361,1608.414,322.168,2.380,56.928,8.615,6.608,14.67,362.270,981.610,1602.610,2026.150,2640.988,3196.226,566.791,30.876,-1.982,unvoiced,2.380,23:37:22
HFC_143.wav,80.155,76.59,100.27,100.268,73.736,26.532,98.411,68.282,65.790,3.189,20.627548769961834,298.401,370.548,813.898,316.842,0.941,67.128,7.442,9.020,13.78,329.736,932.536,1510.139,1949.405,2652.766,3146.663,563.385,31.062,-1.228,,0.941,23:37:25
HFC_144.wav,96.401,97.21,100.38,103.429,78.672,24.758,67.336,94.063,90.377,3.746,24.12433186604848,372.142,609.194,1833.202,371.707,1.335,51.884,5.994,8.656,15.95,403.338,1166.138,1648.620,2185.367,2687.538,3203.785,560.089,31.245,-1.670,,1.335,23:37:26
HFC_145.wav,84.926,83.25,104.07,106.380,73.424,32.955,95.279,71.912,30.754,2.071,14.85180399942853,293.334,378.337,872.289,312.242,1.207,71.603,7.455,9.605,9.64,358.230,863.726,1596.934,1995.477,2645.790,3225.066,573.367,30.521,-0.911,,1.207,23:37:28
HFC_146.wav,85.698,89.38,91.79,105.605,74.239,31.366,35.183,60.655,49.220,3.890,12.653110299861176,315.915,504.635,1536.918,314.305,2.314,60.418,12.102,4.992,10.39,360.352,948.614,1600.479,2022.064,2612.271,3173.006,562.531,31.109,-1.772,,2.314,23:37:30
HFC_147.wav,93.804,90.46,91.61,104.709,82.031,22.677,11.714,98.100,89.533,3.601,24.861630006784758,332.651,446.740,1364.972,377.911,1.111,55.966,9.003,6.216,14.66,358.423,1025.295,1604.186,2046.820,2661.765,3167.955,561.906,31.144,-1.899,,1.111,23:37:33
HFC_148.wav,79.478,86.37,76.21,91.694,73.129,18.565,27.845,48.528,32.366,3.708,8.728963330653727,267.850,353.570,846.822,290.833,0.944,72.324,7.946,9.102,11.52,323.765,950.516,1575.187,1993.237,2698.606,3199.890,575.225,30.423,-1.067,,0.944,23:37:35
HFC_149.wav,85.068,98.37,99.05,100.625,72.105,28.520,92.182,82.634,80.552,3.927,20.511622274335224,285.396,393.463,678.911,291.136,1.273,70.937,8.247,8.602,12.72,359.163,916.230,1480.919,1901.099,2678.208,3260.116,580.191,30.162,-0.531,,1.273,23:37:36
HFC_15.wav,85.544,91.31,88.51,109.528,70.335,39.193,21.108,241.059,157.625,32.990,4.777953521110905,341.924,678.729,1588.935,347.538,1.743,55.437,7.745,7.157,6.32,416.606,1080.800,1689.106,2221.536,2845.462,3395.156,595.710,29.377,-1.140,unvoiced,1.743,23:30:53
HFC_150.wav,90.190,86.16,77.69,103.567,73.867,29.700,16.336,66.716,64.974,3.406,19.078867915638273,370.161,497.831,1659.558,392.372,3.377,52.268,9.476,5.516,9.24,375.246,959.469,1631.927,2038.183,2632.825,3123.860,549.723,31.834,-1.956,,3.377,23:37:37
HFC_151.wav,93.686,82.21,76.34,105.099,76.238,28.861,11.542,95.746,90.451,2.827,31.995119268479957,358.355,518.681,1223.499,388.430,1.238,52.360,10.904,4.802,12.28,375.281,1050.528,1555.433,2006.989,2602.262,3169.060,558.756,31.320,-1.467,,1.238,23:37:42
HFC_152.wav,81.659,90.99,82.28,100.974,72.508,28.466,11.891,57.706,45.590,3.078,14.811415042753467,309.767,509.859,1516.174,304.807,1.624,49.218,8.311,5.922,14.79,371.940,877.156,1618.939,2028.435,2628.196,3155.709,556.754,31.432,-1.700,,1.624,23:37:51
HFC_153.wav,85.508,86.18,90.84,98.452,70.601,27.851,87.516,117.791,74.237,3.497,21.231294174697307,330.298,447.447,1082.717,365.408,1.001,75.755,8.492,8.921,12.13,345.611,920.724,1581.193,2000.530,2657.193,3191.759,569.230,30.743,-1.299,,1.001,23:37:55
HFC_154.wav,99.897,95.33,106.63,106.627,84.697,21.930,93.041,93.480,79.864,3.615,22.089692756765135,310.324,363.394,761.303,322.480,0.830,80.839,7.833,10.320,12.45,323.807,941.580,1682.926,2086.841,2732.164,3326.869,600.613,29.137,-1.135,,0.830,23:37:57
HFC_155.wav,86.272,99.10,76.76,106.215,73.946,32.269,46.079,89.233,76.024,3.241,23.459074057256935,336.579,706.252,1709.779,303.095,2.160,56.838,9.028,6.296,11.13,359.592,1031.812,1691.734,2069.736,2761.196,3226.974,573.476,30.516,-1.486,,2.160,23:37:58
HFC_156.wav,93.965,88.98,91.47,106.072,83.634,22.439,23.033,54.700,52.216,2.182,23.932554646491223,361.205,412.572,808.466,366.988,1.146,72.562,9.164,7.919,15.18,361.466,955.154,1603.848,1986.492,2691.086,3150.533,557.813,31.373,-1.572,,1.146,23:38:00
HFC_157.wav,93.549,85.81,97.71,101.378,81.868,19.510,49.939,59.157,51.942,2.483,20.922729837885072,361.404,403.942,576.682,377.969,1.611,75.045,5.896,12.728,18.30,368.895,842.445,1555.090,1959.418,2635.301,3143.236,554.868,31.539,-0.870,,1.611,23:38:02
HFC_158.wav,83.600,80.63,97.20,106.279,72.197,34.082,17.297,68.358,58.528,2.379,24.603384491110766,391.939,919.225,1869.870,294.803,1.681,48.510,8.029,6.042,13.13,413.942,1043.192,1705.468,2176.062,2734.235,3242.519,565.715,30.934,-1.211,,1.681,23:38:09
HFC_159.wav,82.152,89.33,84.41,102.255,72.221,30.034,11.798,63.580,51.270,2.246,22.830628231813478,305.306,651.990,1498.727,295.019,1.559,46.727,6.416,7.283,13.89,369.558,1007.168,1657.226,2189.627,2795.995,3261.220,578.332,30.259,-1.205,,1.559,23:38:17
HFC_16.wav,93.945,80.93,88.92,105.817,80.930,24.888,36.250,68.794,54.394,3.451,15.761112205358016,377.188,496.274,1610.743,376.137,1.594,68.480,6.589,10.394,13.70,386.614,1139.055,1719.143,2195.436,2843.583,3370.047,596.687,29.329,-1.703,,1.594,23:30:56
HFC_160.wav,91.867,94.28,72.99,108.867,72.994,35.873,37.181,127.886,77.189,2.531,30.499201201982487,320.223,418.123,1801.584,334.781,0.790,69.902,9.491,7.365,12.71,329.110,952.353,1660.891,2062.589,2753.471,3275.571,589.292,29.697,-2.494,,0.790,23:38:23
HFC_161.wav,87.553,89.02,77.02,104.492,77.024,27.468,7.245,30.673,28.047,3.234,8.671241433997885,325.958,953.375,2132.951,335.627,2.937,39.057,8.342,4.682,10.24,331.851,1141.415,1712.928,2159.805,2796.515,3235.812,580.792,30.131,-1.255,,2.937,23:38:27
HFC_162.wav,102.181,88.25,81.83,109.654,81.829,27.825,59.551,79.977,76.057,1.675,45.412318218906364,314.854,349.958,539.658,321.471,0.896,55.460,7.258,7.642,16.91,320.879,967.986,1623.507,2101.153,2794.494,3298.489,595.522,29.386,-0.089,,0.896,23:38:36
HFC_163.wav,97.005,90.52,73.68,109.972,72.645,37.327,27.762,178.951,84.826,15.486,5.477537577694474,313.142,446.099,1392.526,318.286,1.550,58.671,8.066,7.274,13.88,356.866,1070.825,1578.927,2107.449,2699.971,3257.879,580.203,30.162,-1.277,unvoiced,1.550,23:38:41
HFC_164.wav,84.710,103.43,96.36,103.446,77.084,26.362,8.977,66.321,46.027,4.368,10.536608203136273,332.065,614.275,1628.875,326.875,1.602,59.105,8.424,7.016,10.62,372.452,1122.461,1654.679,2192.874,2704.611,3290.268,583.563,29.988,-1.472,,1.602,23:38:44
HFC_165.wav,95.302,97.74,96.16,101.857,76.990,24.867,47.195,118.105,82.525,2.847,28.98440125007389,383.489,573.364,1500.529,384.692,1.229,78.630,5.288,14.870,14.82,391.360,1064.168,1585.961,2035.408,2668.335,3115.548,544.838,32.120,-1.535,,1.229,23:38:46
HFC_166.wav,81.349,78.87,97.34,101.111,71.730,29.380,29.812,76.921,61.710,1.675,36.845743215020896,305.319,530.634,1234.037,285.008,1.194,49.479,6.281,7.878,15.73,367.335,973.365,1611.120,2059.618,2695.121,3188.672,564.267,31.014,-1.275,,1.194,23:38:47
HFC_167.wav,93.039,84.66,77.60,102.624,76.996,25.628,74.112,93.228,76.907,4.333,17.749566931634167,353.135,489.420,1341.929,388.182,2.193,55.369,10.034,5.518,10.44,370.632,1024.995,1594.331,2078.155,2698.438,3202.166,566.307,30.902,-1.740,,2.193,23:38:48
HFC_168.wav,83.031,93.40,93.49,104.413,71.141,33.272,11.638,86.186,74.048,4.537,16.31953421642544,322.462,544.751,1448.294,302.395,2.204,41.955,8.848,4.742,11.99,376.403,1072.468,1623.826,2112.563,2706.444,3230.406,570.801,30.659,-1.197,,2.204,23:38:51
HFC_169.wav,83.668,103.58,100.38,103.581,71.580,32.001,2.235,98.726,87.065,2.622,33.20020875325837,309.597,610.580,1323.063,292.076,1.335,48.931,9.366,5.224,10.22,386.359,1009.782,1561.414,2074.519,2700.406,3232.097,569.148,30.748,-1.259,,1.335,23:38:54
HFC_17.wav,82.057,99.29,87.57,106.413,71.557,34.856,3.451,65.898,64.273,4.733,13.579934656273167,306.853,619.661,1642.076,294.601,1.690,42.404,8.874,4.778,13.20,363.203,1118.835,1677.940,2146.287,2787.914,3276.339,582.627,30.036,-1.335,,1.690,23:30:58
HFC_170.wav,88.505,82.08,78.60,103.709,71.564,32.145,70.333,72.218,67.469,3.537,19.072567120727367,356.530,493.026,1336.548,306.902,5.088,51.626,11.988,4.306,9.91,389.356,1014.395,1571.214,2042.187,2702.189,3231.945,568.518,30.782,-1.330,,5.088,23:38:56
HFC_171.wav,94.297,86.08,95.64,99.813,74.594,25.218,44.698,32.879,30.977,4.531,6.836107358026831,388.725,485.270,1582.318,381.023,1.655,52.109,8.156,6.389,14.40,387.987,995.029,1617.443,1974.380,2794.541,3166.565,555.716,31.491,-2.306,,1.655,23:39:01
HFC_172.wav,91.801,74.31,89.64,106.790,74.306,32.483,39.254,124.140,113.022,4.218,26.795089991990608,306.877,787.279,1663.664,319.260,0.830,79.347,9.641,8.230,9.11,367.280,1155.912,1598.846,2017.612,2741.910,3282.378,583.020,30.016,-1.461,,0.830,23:39:08
HFC_173.wav,86.761,101.57,75.59,103.742,73.432,30.310,6.862,103.504,94.791,3.734,25.38570362030527,337.116,504.390,1476.273,360.111,1.875,53.876,7.468,7.214,13.71,409.646,1037.266,1660.390,2103.728,2778.687,3278.091,573.689,30.504,-1.462,,1.875,23:39:13
HFC_174.wav,89.293,82.81,83.81,104.513,71.230,33.283,45.102,86.682,74.781,3.388,22.07267651764531,323.800,635.577,1438.786,393.699,1.919,60.858,8.079,7.533,13.24,394.952,1026.155,1649.570,2099.774,2785.266,3229.182,566.846,30.873,-1.253,,1.919,23:39:15
HFC_175.wav,84.594,89.11,99.19,105.239,72.222,33.018,15.853,98.568,81.283,3.548,22.91026024436981,495.753,1170.440,2219.792,315.531,1.409,58.806,9.579,6.139,9.10,519.780,1112.507,1716.203,2207.695,2879.831,3375.589,571.162,30.639,-0.710,,1.409,23:39:19
HFC_176.wav,89.167,86.44,99.53,105.161,72.311,32.850,26.577,131.855,92.332,2.931,31.502410819270533,298.181,557.987,1686.148,292.267,1.194,59.329,7.955,7.458,9.64,379.912,1088.693,1695.671,2229.769,2915.838,3349.923,594.002,29.461,-1.291,,1.194,23:39:27
HFC_177.wav,80.845,97.35,79.52,99.071,73.599,25.472,11.210,54.346,39.682,3.151,12.593195204728147,308.950,456.477,1380.744,304.675,1.111,57.271,4.501,12.723,16.60,357.574,1043.553,1602.782,2021.452,2672.082,3193.072,567.100,30.859,-1.466,,1.111,23:39:29
HFC_178.wav,82.509,90.51,72.29,100.711,72.256,28.455,12.029,50.475,33.506,1.717,19.515705997804005,370.819,878.508,1542.869,303.797,1.747,48.869,6.295,7.763,15.45,430.035,1024.492,1675.400,2152.577,2702.741,3253.658,564.725,30.989,-1.033,,1.747,23:39:31
HFC_179.wav,80.068,85.92,87.00,95.034,71.702,23.332,93.911,33.216,16.166,1.598,10.113828677291838,578.275,1017.830,1983.186,941.175,2.502,39.372,8.192,4.806,16.98,494.101,1031.386,1683.351,2171.525,2745.690,3228.919,546.964,31.995,-0.874,,2.502,23:39:33
HFC_18.wav,87.990,87.35,86.77,103.173,78.125,25.048,10.515,67.147,58.754,2.895,20.291900665825246,311.774,461.592,1457.832,309.002,1.554,41.712,11.903,3.504,11.29,355.406,1043.506,1645.870,2150.565,2792.050,3250.680,579.055,30.222,-1.821,,1.554,23:31:01
HFC_180.wav,87.256,89.55,82.04,108.601,72.508,36.094,27.042,84.100,77.518,2.816,27.528688791779864,319.793,496.125,1518.116,311.416,1.598,57.689,8.135,7.092,12.96,343.514,1016.266,1675.192,2140.164,2788.854,3288.940,589.085,29.707,-1.854,,1.598,23:39:45
HFC_181.wav,80.255,96.10,93.54,99.295,73.359,25.936,10.727,53.547,32.292,3.604,8.959776278100213,344.245,528.690,1436.826,303.454,1.387,48.120,6.848,7.027,17.79,374.845,1002.598,1626.846,2057.651,2724.081,3287.937,582.618,30.037,-1.453,,1.387,23:39:47
HFC_182.wav,80.618,80.66,87.55,105.171,70.915,34.256,17.321,80.117,65.312,3.808,17.151994068254773,322.234,702.331,1275.726,364.940,1.444,59.867,7.962,7.519,11.92,440.339,1048.610,1694.627,2225.596,2837.600,3326.840,577.300,30.314,-1.049,,1.444,23:39:49
HFC_183.wav,86.464,83.31,87.88,102.296,72.388,29.907,14.586,79.733,72.495,3.239,22.38510938638048,324.429,572.031,1419.626,296.731,1.853,46.058,7.826,5.885,10.78,385.400,1077.210,1658.208,2130.969,2754.849,3220.811,567.082,30.860,-1.273,,1.853,23:39:54
HFC_184.wav,80.595,83.68,92.97,99.446,71.420,28.026,19.822,64.471,53.773,2.011,26.735759992009772,357.343,607.485,1341.716,424.196,1.989,55.122,10.308,5.348,9.67,445.112,972.857,1596.768,2053.059,2668.567,3189.949,548.967,31.878,-1.016,,1.989,23:39:56
HFC_185.wav,91.298,87.57,74.68,106.265,74.676,31.589,20.348,91.871,74.839,4.218,17.74233789925757,324.436,633.683,1892.183,361.200,1.185,56.833,5.484,10.364,13.04,347.864,1133.830,1707.634,2072.904,2786.983,3260.405,582.508,30.042,-1.773,,1.185,23:40:01
HFC_186.wav,93.113,106.72,85.49,106.721,82.789,23.932,22.392,90.053,40.846,2.950,13.84380547393602,346.679,479.339,1335.987,369.246,0.847,48.615,7.081,6.865,17.09,376.502,967.174,1652.129,2030.760,2729.688,3256.949,576.090,30.377,-1.597,,0.847,23:40:09
HFC_187.wav,89.631,96.18,78.05,103.672,76.977,26.694,43.126,75.632,72.227,3.855,18.737662655654848,315.498,444.448,1289.226,310.560,1.427,56.767,4.555,12.461,14.35,356.161,1032.256,1636.436,2051.902,2703.599,3234.975,575.763,30.394,-1.628,,1.427,23:40:10
HFC_188.wav,83.967,93.32,78.97,103.520,71.757,31.763,6.492,102.280,98.755,5.177,19.076796835626144,309.379,448.327,1005.497,303.322,1.062,55.311,8.000,6.914,12.22,365.692,905.589,1549.717,1962.515,2620.410,3211.246,569.111,30.750,-1.028,,1.062,23:40:21
HFC_189.wav,80.902,100.55,78.74,100.548,71.707,28.842,3.692,52.526,47.445,3.451,13.747772651189946,302.965,416.964,1146.995,298.234,1.014,60.004,9.367,6.406,12.23,336.605,970.272,1584.409,2026.607,2692.538,3197.448,572.169,30.585,-1.425,,1.014,23:40:23
HFC_19.wav,91.359,87.41,87.11,102.382,87.113,15.269,23.592,58.335,47.591,2.588,18.386802854438812,351.314,382.126,563.624,350.335,0.773,80.822,8.412,9.608,14.92,347.543,1009.519,1602.003,2095.978,2785.315,3300.592,590.610,29.630,-0.792,,0.773,23:31:03
HFC_190.wav,82.867,102.66,76.95,102.658,73.298,29.360,7.059,93.409,63.868,2.468,25.87659257697656,308.724,444.124,1216.441,303.621,1.418,70.979,10.578,6.710,10.91,367.169,974.708,1627.050,2033.593,2666.920,3227.623,572.091,30.590,-1.316,,1.418,23:40:24
HFC_191.wav,91.335,83.77,79.33,98.245,79.330,18.915,82.148,72.806,58.277,3.189,18.27513331065267,296.394,395.246,710.916,377.380,1.098,51.279,7.744,6.622,17.34,334.715,900.549,1601.176,2002.853,2604.311,3261.159,585.289,29.900,-0.757,,1.098,23:40:29
HFC_192.wav,89.118,75.28,102.23,102.233,75.285,26.949,95.848,37.031,22.718,1.207,18.81763399059086,301.576,747.978,1575.404,285.713,1.242,39.090,6.036,6.476,8.96,395.606,1106.435,1667.958,2115.716,2780.890,3244.883,569.855,30.710,-0.935,,1.242,23:40:32
HFC_193.wav,90.771,86.81,101.38,107.462,72.603,34.859,14.569,97.588,90.285,3.763,23.994029324307952,327.116,524.480,1616.050,340.826,1.993,56.922,10.285,5.534,10.37,355.259,1081.760,1662.167,2115.993,2801.736,3315.068,591.962,29.563,-1.807,,1.993,23:40:35
HFC_194.wav,81.299,97.80,88.53,98.159,72.189,25.970,6.130,53.249,38.336,2.895,13.240177135860385,346.704,665.364,1227.343,316.702,1.554,46.273,8.043,5.753,15.29,453.332,947.491,1563.595,2088.209,2660.580,3296.651,568.664,30.774,-1.025,,1.554,23:40:38
HFC_195.wav,82.029,84.83,94.93,98.801,72.641,26.160,13.385,56.713,46.885,2.785,16.837697872583263,320.025,688.893,1339.974,315.074,1.796,54.155,8.075,6.706,13.48,429.472,1037.635,1616.796,2150.010,2804.390,3325.087,579.123,30.218,-0.909,,1.796,23:40:43
HFC_196.wav,78.627,81.60,88.91,100.314,71.125,29.189,11.145,68.644,57.731,3.305,17.468946504076385,339.137,624.889,1439.905,302.479,1.967,50.327,5.847,8.607,15.16,416.647,978.678,1636.287,2115.505,2793.307,3338.936,584.458,29.942,-0.958,,1.967,23:40:45
HFC_197.wav,96.668,86.25,90.12,107.881,85.821,22.060,36.308,90.231,86.324,5.283,16.33867092574242,317.039,383.641,1213.668,326.117,0.852,72.771,8.806,8.264,13.34,327.527,1030.970,1650.666,2094.622,2694.094,3228.694,580.233,30.160,-2.021,,0.852,23:40:48
HFC_198.wav,82.549,81.91,103.58,103.801,71.690,32.112,21.715,86.246,66.004,2.927,22.54969112621016,306.819,584.458,1199.911,304.436,1.879,47.108,9.313,5.058,13.21,425.235,976.818,1627.183,2145.037,2811.581,3338.749,582.703,30.032,-0.888,,1.879,23:40:53
HFC_199.wav,77.718,95.92,71.33,99.498,71.326,28.172,7.640,36.779,34.504,2.666,12.941050068683422,295.897,729.623,2341.124,306.755,1.313,34.957,9.141,3.824,7.88,374.743,1106.282,1649.737,2181.814,2810.319,3437.620,612.575,28.568,-1.367,,1.313,23:41:03
HFC_20.wav,92.332,103.03,89.89,107.138,78.714,28.424,6.201,86.907,81.518,6.254,13.0345065188191,326.798,495.896,1567.389,366.444,1.519,48.887,10.862,4.501,10.99,348.745,1020.331,1630.023,2012.939,2715.688,3204.538,571.158,30.639,-1.918,,1.519,23:31:04
HFC_200.wav,95.827,88.83,87.38,106.156,86.338,19.818,18.127,57.114,45.194,1.220,37.037116023576864,373.643,483.979,1788.554,370.627,1.229,55.461,8.542,6.493,15.71,372.444,1007.784,1632.698,2114.137,2662.068,3223.528,570.217,30.690,-2.354,,1.229,23:41:05
HFC_201.wav,91.002,92.46,94.84,104.504,71.397,33.107,29.710,128.565,79.698,2.847,27.99196040549626,310.738,475.154,1357.350,307.600,1.054,75.494,7.118,10.606,12.10,372.742,1062.649,1636.541,2135.898,2719.062,3265.071,578.466,30.252,-1.590,,1.054,23:41:15
HFC_202.wav,84.112,84.82,97.21,101.045,71.441,29.603,6.894,71.481,66.628,3.604,18.487062777880986,341.906,764.006,1499.024,309.012,2.081,53.532,9.851,5.434,11.56,398.564,1085.916,1639.252,2096.446,2735.104,3182.352,556.758,31.432,-1.334,,2.081,23:41:17
HFC_203.wav,93.462,85.92,99.85,105.770,77.070,28.699,16.240,54.316,45.292,3.084,14.686054681828812,378.470,465.301,1653.520,373.544,2.270,51.924,5.948,8.730,18.80,379.305,1035.228,1707.426,2160.487,2747.410,3220.248,568.189,30.800,-2.505,,2.270,23:41:20
HFC_204.wav,89.439,85.67,82.89,105.416,72.100,33.315,13.278,82.389,65.449,3.143,20.821062184003797,311.575,555.664,1686.925,302.409,2.068,49.214,7.496,6.566,14.44,362.112,1092.855,1684.010,2130.106,2769.271,3224.292,572.436,30.571,-1.612,,2.068,23:41:34
HFC_205.wav,83.084,95.45,93.05,99.613,73.793,25.820,7.098,44.548,38.422,3.115,12.332817810712726,326.634,461.531,1306.148,315.424,1.444,42.825,5.192,8.248,20.43,350.122,959.035,1615.769,2097.786,2609.162,3224.371,574.850,30.443,-2.007,,1.444,23:41:36
HFC_206.wav,80.516,94.44,79.17,100.564,72.422,28.142,5.343,37.538,29.338,3.899,7.524798409349616,317.445,610.016,1683.319,308.478,2.437,30.906,8.003,3.862,22.65,340.223,1085.612,1666.096,2109.902,2683.781,3268.191,585.594,29.884,-1.906,,2.437,23:41:38
HFC_207.wav,79.793,90.54,75.54,99.454,72.703,26.751,7.330,42.287,33.190,2.822,11.763116381724323,308.291,427.387,1375.842,301.510,1.949,38.563,8.465,4.556,21.50,329.436,1099.859,1588.590,2132.113,2770.888,3296.529,593.419,29.490,-2.151,,1.949,23:41:42
HFC_208.wav,84.448,72.63,76.67,90.109,72.629,17.480,78.977,35.219,25.940,3.102,8.362430618410526,326.547,926.693,1832.375,339.951,1.128,51.237,7.090,7.226,11.06,403.547,1167.700,1701.961,2169.198,2773.466,3333.908,586.072,29.860,-1.192,,1.128,23:41:57
HFC_209.wav,90.059,73.56,100.37,100.369,73.557,26.813,93.507,48.673,29.764,2.334,12.754051139486297,308.720,582.360,1661.941,289.684,1.071,57.154,3.267,17.493,13.89,353.432,1081.991,1694.859,2018.971,2710.364,3277.632,584.840,29.923,-1.624,,1.071,23:42:09
HFC_21.wav,93.777,91.81,75.65,101.180,75.016,26.164,83.609,75.026,57.259,4.159,13.768015504966769,375.170,506.385,1460.206,391.218,1.563,53.572,9.277,5.774,15.25,376.284,989.971,1643.345,2042.768,2641.953,3171.589,559.061,31.302,-1.537,,1.563,23:31:07
HFC_210.wav,89.713,79.08,93.40,103.855,70.966,32.889,20.657,117.984,93.770,3.451,27.17073910113107,330.890,805.269,1767.555,312.214,1.449,65.184,7.938,8.212,9.87,387.984,1141.735,1707.875,2182.617,2764.036,3237.443,569.892,30.708,-1.221,,1.449,23:42:11
HFC_211.wav,88.728,89.88,98.34,102.754,70.920,31.835,40.251,119.660,97.698,3.151,31.005042623051,342.744,421.046,731.486,393.187,1.111,57.594,8.553,6.734,16.00,363.393,829.564,1577.031,2003.396,2619.488,3135.691,554.460,31.562,-0.833,,1.111,23:42:15
HFC_212.wav,90.049,74.62,81.07,98.480,74.620,23.860,57.455,40.367,33.249,1.977,16.816230997566027,354.746,810.271,1653.938,363.988,1.264,46.334,7.909,5.859,11.12,378.725,1141.740,1662.558,2072.067,2638.899,3181.870,560.629,31.215,-1.286,,1.264,23:42:18
HFC_213.wav,87.267,89.07,94.62,102.032,73.276,28.756,10.676,90.035,75.375,3.842,19.618745985868546,326.714,545.482,1656.405,352.516,1.822,67.874,8.507,7.978,11.01,389.173,1096.776,1645.359,2054.216,2719.540,3173.488,556.863,31.426,-1.503,,1.822,23:42:24
HFC_214.wav,82.477,104.54,77.24,104.544,75.211,29.333,12.077,46.858,34.086,2.010,16.959930462813787,327.373,596.618,1523.034,314.946,1.493,64.776,6.364,10.178,14.52,372.875,1028.540,1675.338,2198.060,2806.445,3357.607,596.946,29.316,-1.243,,1.493,23:42:33
HFC_215.wav,84.099,97.05,97.55,109.370,71.101,38.269,9.625,99.583,23.725,20.345,1.1661360312669062,536.792,1017.451,1924.534,308.946,2.384,38.282,9.438,4.056,16.05,396.001,1039.452,1700.243,2165.624,2705.519,3177.657,556.331,31.456,-1.117,unvoiced,2.384,23:42:35
HFC_216.wav,89.602,80.28,77.41,104.631,77.414,27.218,45.207,90.292,66.060,1.827,36.156885327624,337.273,392.054,883.757,344.739,0.821,77.570,10.353,7.492,11.59,350.668,1031.982,1649.396,2129.789,2793.394,3346.438,599.154,29.208,-1.432,,0.821,23:42:41
HFC_217.wav,81.523,89.92,77.44,99.103,70.634,28.469,27.737,56.056,52.497,3.575,14.68458658245668,340.578,589.150,1353.069,299.617,1.958,39.236,8.682,4.519,12.48,393.937,986.647,1584.877,2068.436,2699.707,3239.870,569.187,30.746,-1.251,,1.958,23:42:43
HFC_218.wav,93.881,91.81,102.00,105.780,74.306,31.474,70.650,70.099,68.494,4.090,16.74714837295534,354.665,449.173,1200.427,379.381,1.589,47.336,10.067,4.702,14.51,380.006,920.517,1611.142,1992.787,2659.693,3133.048,550.608,31.783,-1.750,,1.589,23:42:45
HFC_219.wav,81.581,83.01,87.42,96.565,71.287,25.278,63.304,110.010,103.777,3.990,26.011218910351545,301.313,570.547,1413.054,289.033,1.379,43.509,12.332,3.528,7.93,354.456,973.416,1607.690,2072.638,2760.864,3236.651,576.439,30.359,-1.341,,1.379,23:42:46
HFC_22.wav,87.019,100.28,82.02,103.656,72.493,31.163,8.812,154.190,146.823,3.674,39.96524333029206,325.365,629.726,1626.347,356.871,0.680,61.117,11.021,5.545,7.30,358.492,1098.052,1660.139,2040.896,2707.828,3184.840,565.270,30.959,-1.457,,0.680,23:31:10
HFC_220.wav,82.654,105.42,83.85,105.432,71.318,34.113,3.911,63.685,52.611,4.041,13.018649492118351,333.071,629.027,1296.203,396.058,2.722,43.279,10.838,3.993,14.20,364.663,974.656,1661.078,2090.770,2721.939,3262.473,579.562,30.195,-1.586,,2.722,23:42:49
HFC_221.wav,90.445,91.44,90.86,104.129,82.254,21.875,27.565,81.818,52.349,3.369,15.536115166190502,342.326,459.880,1501.935,356.071,1.484,77.116,9.772,7.892,11.22,352.438,1021.577,1682.718,2106.765,2749.303,3231.988,575.910,30.387,-2.020,,1.484,23:42:54
HFC_222.wav,92.424,98.50,84.81,104.825,80.648,24.177,23.534,91.413,51.570,1.930,26.71645795435244,348.660,530.957,1811.134,355.169,0.777,69.733,7.078,9.853,13.03,360.763,1102.776,1654.205,2119.980,2739.765,3251.887,578.225,30.265,-1.750,,0.777,23:43:04
HFC_223.wav,91.701,106.26,101.00,107.753,83.321,24.433,32.006,97.252,37.992,1.808,21.016611302547755,330.197,360.789,557.207,333.318,0.830,82.623,9.039,9.141,20.15,349.943,1070.477,1698.826,2142.175,2860.925,3396.389,609.289,28.722,-0.885,,0.830,23:43:13
HFC_224.wav,97.150,85.13,75.06,107.341,75.056,32.285,74.719,87.466,24.445,1.100,22.214592392702457,322.538,775.423,1811.680,312.977,0.909,60.915,6.602,9.226,10.11,359.281,1133.391,1705.481,2125.111,2831.122,3307.545,589.653,29.678,-1.424,,0.909,23:43:21
HFC_225.wav,83.531,90.57,79.92,103.137,72.700,30.436,14.493,71.979,54.729,3.340,16.386800230461045,316.561,471.296,1695.621,312.382,1.497,48.326,5.010,9.647,20.34,345.605,1083.401,1705.255,2159.594,2829.846,3330.145,596.908,29.318,-2.058,,1.497,23:43:25
HFC_226.wav,102.994,98.13,100.84,109.628,83.164,26.464,10.927,54.220,34.646,3.691,9.387154220762502,330.661,479.548,1249.139,327.094,1.897,49.429,7.118,6.944,17.90,358.284,976.953,1606.074,2057.476,2664.298,3230.886,574.520,30.460,-1.582,unvoiced,1.897,23:43:28
HFC_227.wav,80.014,91.82,76.94,109.937,70.335,39.602,7.892,63.443,46.491,16.904,2.75038595959628,362.589,583.711,1460.806,313.720,2.366,37.269,8.240,4.523,19.31,399.382,977.479,1681.950,2047.612,2700.597,3304.721,581.068,30.117,-1.443,unvoiced,2.366,23:43:31
HFC_228.wav,81.763,92.39,87.14,100.312,71.919,28.392,12.885,51.161,36.681,1.647,22.27749401575149,315.884,437.475,1263.769,309.602,1.822,59.358,7.410,8.011,17.23,345.984,1019.035,1644.850,1995.512,2627.232,3213.371,573.477,30.516,-1.952,,1.822,23:43:42
HFC_229.wav,81.638,91.79,70.46,108.424,70.461,37.963,18.019,101.698,72.784,20.865,3.4883438846437347,317.206,468.601,1275.876,301.428,1.725,57.837,6.665,8.677,15.83,355.226,1001.396,1623.785,2059.757,2727.473,3287.148,586.384,29.844,-1.483,unvoiced,1.725,23:43:52
HFC_23.wav,91.546,74.80,94.41,99.760,74.770,24.990,65.627,88.379,40.347,2.311,17.460563163543497,362.919,445.191,1266.009,382.489,1.515,55.540,9.243,6.009,9.23,362.546,991.194,1622.784,2001.685,2680.172,3192.138,565.918,30.923,-1.847,,1.515,23:31:11
HFC_230.wav,84.366,88.50,94.19,103.392,72.270,31.122,19.189,69.589,55.758,2.028,27.498360948136206,302.900,392.008,1090.364,299.815,1.480,60.132,6.421,9.365,20.06,325.880,999.678,1672.519,2064.010,2608.371,3189.307,572.685,30.558,-1.884,,1.480,23:44:00
HFC_231.wav,83.122,89.34,91.61,95.557,71.016,24.542,37.105,81.555,62.517,4.088,15.291729703899835,277.657,380.477,805.022,277.657,0.856,51.237,7.593,6.748,17.37,317.695,846.519,1609.404,1954.434,2605.641,3222.874,581.036,30.119,-1.004,,0.856,23:44:03
HFC_232.wav,97.143,99.65,74.97,106.843,74.966,31.877,61.076,91.747,62.507,2.207,28.320745670933768,383.084,709.877,1579.522,384.083,1.133,59.352,7.504,7.909,13.96,397.116,1045.843,1681.716,2097.418,2695.079,3167.376,554.052,31.585,-1.558,,1.133,23:44:10
HFC_233.wav,90.553,91.40,96.56,104.470,73.760,30.709,26.306,65.982,52.139,2.997,17.39686566236949,364.028,491.327,1166.174,367.880,1.835,66.617,9.264,7.191,13.59,369.779,1033.452,1611.814,2068.223,2769.046,3296.913,585.427,29.893,-1.435,,1.835,23:44:14
HFC_234.wav,88.138,109.34,90.67,109.660,81.658,28.002,6.512,77.279,72.298,5.266,13.727961422885095,252.986,395.411,1087.870,251.040,0.760,46.027,6.583,6.992,10.23,311.346,883.044,1621.538,2062.708,2802.441,3267.113,591.153,29.603,-0.933,,0.760,23:44:16
HFC_235.wav,89.782,78.79,79.60,102.997,74.590,28.407,61.652,70.030,41.906,2.531,16.558168135801402,371.318,452.781,1421.308,371.008,1.778,73.996,10.967,6.747,8.83,374.419,1032.183,1628.304,2064.846,2721.811,3237.665,572.649,30.560,-1.985,,1.778,23:44:17
HFC_236.wav,80.462,83.33,100.21,100.209,71.889,28.319,97.999,64.952,62.480,2.699,23.15125190783501,263.627,335.460,861.077,279.481,0.926,46.300,9.716,4.766,11.80,312.760,1100.158,1602.313,2212.076,2854.487,3466.772,630.802,27.742,-1.265,,0.926,23:44:20
HFC_237.wav,92.652,103.68,98.06,103.677,75.287,28.390,10.302,111.174,87.386,3.644,23.978317868059207,350.133,699.986,1533.272,380.030,1.646,65.374,12.148,5.381,8.08,429.306,1075.296,1645.852,2075.791,2681.074,3208.645,555.868,31.482,-1.187,,1.646,23:44:22
HFC_238.wav,81.903,85.00,93.28,97.046,72.515,24.532,23.197,61.837,39.211,2.356,16.640710328094997,301.943,362.732,969.648,293.968,1.273,61.649,3.534,17.442,22.02,327.665,993.807,1660.933,2069.492,2683.777,3312.071,596.881,29.319,-1.931,,1.273,23:44:24
HFC_239.wav,80.508,86.93,99.15,99.155,72.252,26.903,92.084,50.879,31.774,1.822,17.43682836757236,306.930,415.188,1257.946,299.835,1.646,57.774,3.037,19.023,23.56,329.446,984.051,1686.967,2126.240,2686.617,3314.742,597.059,29.310,-1.948,,1.646,23:44:35
HFC_24.wav,90.305,84.91,97.03,100.471,71.361,29.110,71.720,65.556,43.229,4.218,10.248392202536103,366.499,478.479,1688.630,380.641,1.422,47.867,5.976,8.010,6.86,374.598,1056.993,1696.806,2119.134,2782.455,3305.376,586.156,29.856,-2.213,,1.422,23:31:13
HFC_240.wav,97.757,99.72,79.25,104.457,79.252,25.205,57.605,66.418,47.940,2.920,16.41676368310345,380.257,491.094,1483.368,391.280,1.027,81.465,7.301,11.159,13.43,374.520,980.151,1651.227,2048.349,2631.616,3180.294,561.155,31.186,-1.989,,1.027,23:44:39
HFC_241.wav,100.756,91.16,105.83,105.830,83.757,22.073,53.469,110.785,28.441,7.369,3.859449959048746,391.443,421.893,492.547,397.508,1.493,68.986,9.044,7.628,21.49,392.422,928.495,1532.503,2059.128,2663.856,3263.577,574.231,30.476,-1.143,unvoiced,1.493,23:44:41
HFC_242.wav,83.349,90.42,87.82,103.638,71.962,31.676,16.613,76.046,46.813,2.778,16.852803039777932,301.116,387.206,1137.789,295.888,1.440,64.192,5.208,12.325,20.23,340.882,968.405,1655.167,2020.583,2610.455,3221.642,576.152,30.374,-1.707,,1.440,23:44:47
HFC_243.wav,100.299,84.38,104.44,107.359,84.379,22.980,58.012,40.200,23.850,1.061,22.477415113476905,318.291,477.477,1666.869,304.909,1.414,54.468,6.013,9.059,11.98,352.190,1186.709,1678.840,2122.386,2770.172,3250.460,579.654,30.190,-1.578,,1.414,23:44:52
HFC_244.wav,89.685,81.54,86.14,104.641,81.485,23.156,46.402,83.375,56.137,1.612,34.83195052800965,345.791,472.059,1567.457,348.899,0.931,67.998,8.058,8.438,9.80,350.405,1076.058,1620.472,2096.611,2700.116,3120.487,554.016,31.588,-1.716,,0.931,23:44:55
HFC_245.wav,91.702,84.21,73.44,102.140,73.443,28.698,32.692,68.791,52.286,3.547,14.742380765076588,376.620,565.668,1654.181,372.036,1.269,61.484,9.852,6.241,13.05,370.578,1100.668,1587.940,2052.817,2692.774,3196.319,565.148,30.965,-1.686,,1.269,23:44:57
HFC_246.wav,83.263,90.74,91.45,96.900,71.519,25.381,91.583,42.211,26.561,1.597,16.636351499111598,311.712,535.865,1427.938,302.925,1.879,39.357,11.708,3.362,11.31,399.391,1033.072,1647.175,2093.480,2770.330,3314.981,583.118,30.011,-1.120,,1.879,23:44:58
HFC_247.wav,80.825,105.93,70.46,109.955,70.335,39.620,10.118,146.538,102.632,32.540,3.154066991588624,343.192,442.238,759.059,409.795,1.352,40.908,8.505,4.810,18.07,385.289,940.818,1530.496,1961.482,2568.809,3141.816,551.306,31.743,-1.089,unvoiced,1.352,23:45:01
HFC_248.wav,93.318,94.21,90.33,107.285,83.806,23.480,30.925,76.657,70.344,3.559,19.765270772247895,348.172,422.078,1149.840,360.690,1.124,62.152,10.677,5.821,14.21,360.327,983.369,1558.700,2014.737,2666.171,3214.667,570.868,30.655,-1.786,,1.124,23:45:02
HFC_249.wav,90.785,102.78,74.18,102.778,72.281,30.497,10.282,68.642,44.382,2.434,18.238049002219,383.024,529.677,1528.397,382.257,2.055,48.532,9.491,5.114,7.05,397.062,1057.643,1657.881,2110.558,2814.832,3358.198,592.227,29.549,-1.486,,2.055,23:45:05
HFC_25.wav,99.208,85.19,92.64,104.508,72.971,31.537,31.899,113.153,76.860,11.651,6.5968537984071505,378.891,810.763,1628.816,424.908,1.717,46.376,9.903,4.683,10.50,417.969,1026.114,1630.009,2074.268,2700.125,3227.611,561.928,31.143,-1.224,unvoiced,1.717,23:31:15
HFC_250.wav,97.845,85.68,83.47,104.719,83.475,21.244,16.115,33.786,24.056,1.789,13.448287971543888,387.879,418.710,590.374,380.912,2.516,51.361,6.758,7.600,26.20,383.024,972.721,1657.960,2101.194,2782.545,3300.946,583.584,29.987,-1.457,,2.516,23:45:08
HFC_251.wav,91.626,83.49,84.80,103.056,80.108,22.948,73.467,84.933,29.453,1.604,18.362057569466156,365.908,504.100,1570.948,391.391,0.935,59.567,5.881,10.128,13.07,362.387,1042.637,1694.216,2091.862,2709.362,3289.229,585.368,29.896,-1.902,,0.935,23:45:11
HFC_252.wav,90.482,87.76,99.23,105.338,77.364,27.974,50.022,65.467,58.466,2.728,21.43293613446988,284.368,359.417,614.857,334.530,1.466,53.998,11.252,4.799,10.03,338.658,1024.649,1627.098,2079.373,2730.948,3395.944,611.457,28.620,-0.054,,1.466,23:45:12
HFC_253.wav,87.546,103.27,71.50,109.992,70.335,39.657,63.009,286.500,181.033,35.765,5.061730281881557,316.004,610.479,1576.466,383.987,3.034,55.399,13.020,4.255,6.62,375.832,1013.230,1646.385,2082.251,2737.333,3239.301,572.694,30.557,-1.559,unvoiced,3.034,23:45:14
HFC_254.wav,81.544,83.59,90.07,100.344,71.491,28.853,39.272,58.400,55.220,4.137,13.347923521243061,349.859,529.618,1230.961,384.258,4.109,46.566,11.072,4.206,8.76,400.671,964.071,1544.366,2046.150,2661.301,3211.438,562.153,31.130,-1.392,,4.109,23:45:18
HFC_255.wav,86.873,79.01,92.99,106.789,71.424,35.364,58.178,74.759,72.634,4.881,14.880928674952454,310.417,511.753,1148.445,306.580,2.663,48.428,11.452,4.229,11.21,386.837,934.792,1510.324,2046.731,2647.550,3184.419,559.516,31.277,-1.211,,2.663,23:45:22
HFC_256.wav,90.292,105.67,93.48,107.664,74.012,33.653,54.266,105.220,78.982,3.421,23.089650889750516,323.587,543.060,1278.906,309.811,2.485,56.272,12.677,4.439,9.39,386.306,999.002,1574.045,2097.293,2773.012,3319.059,586.551,29.835,-1.269,,2.485,23:45:24
HFC_257.wav,84.704,97.59,93.03,105.940,71.468,34.473,8.396,112.541,103.666,3.436,30.168355917026098,312.320,623.484,1303.060,284.057,1.019,51.129,7.363,6.944,11.92,366.154,1010.825,1569.995,2018.649,2706.101,3230.757,572.921,30.545,-1.155,,1.019,23:45:27
HFC_258.wav,82.818,94.59,86.18,106.602,72.096,34.506,11.551,80.807,65.481,3.350,19.54853720087272,305.995,706.273,1569.309,291.169,1.791,44.177,13.120,3.367,10.30,395.373,1118.170,1671.219,2140.681,2776.886,3248.252,570.576,30.671,-1.320,,1.791,23:45:28
HFC_259.wav,83.838,90.12,91.41,100.017,72.861,27.156,9.743,95.020,81.220,4.723,17.19515930059848,296.241,466.797,1387.315,286.324,0.953,43.919,8.397,5.230,11.79,358.400,1043.831,1593.298,2051.435,2802.084,3285.416,585.403,29.894,-1.240,,0.953,23:45:30
HFC_26.wav,83.917,95.05,92.31,100.607,71.394,29.214,9.108,78.713,70.006,4.952,14.137922841989898,294.184,590.288,1663.434,278.435,1.313,47.564,8.761,5.429,11.01,333.373,1044.960,1642.401,2086.877,2754.463,3188.465,571.018,30.647,-1.644,,1.313,23:31:17
HFC_260.wav,81.279,98.54,91.92,100.713,70.569,30.144,4.127,66.252,60.011,2.872,20.89287599862062,326.642,494.395,1576.569,306.711,3.481,46.459,11.920,3.898,13.70,358.744,1068.287,1653.643,2120.187,2761.570,3264.637,581.179,30.111,-1.750,,3.481,23:45:32
HFC_261.wav,80.397,90.56,91.06,94.190,73.306,20.884,94.270,39.771,38.643,3.648,10.59393981429797,305.701,426.679,1382.680,297.911,1.234,33.101,10.132,3.267,20.56,325.197,1007.839,1686.731,2155.143,2819.815,3348.143,604.589,28.945,-2.060,,1.234,23:45:43
HFC_262.wav,85.394,96.73,99.99,106.230,74.174,32.056,8.393,67.805,64.749,2.976,21.755724568990406,320.152,561.658,1643.044,312.697,2.520,45.307,8.135,5.569,15.79,357.272,1071.307,1664.514,2188.022,2855.085,3371.388,602.823,29.030,-1.703,,2.520,23:45:47
HFC_263.wav,82.768,87.91,92.92,107.018,72.466,34.552,18.185,51.254,44.021,2.199,20.022047087552348,400.809,1053.972,1938.592,304.844,2.274,38.962,8.135,4.790,16.82,412.507,1111.062,1714.836,2102.066,2812.853,3282.540,574.007,30.487,-1.209,,2.274,23:45:52
HFC_264.wav,81.867,82.92,77.32,99.718,71.123,28.595,8.502,48.445,46.387,4.159,11.152531573397571,306.468,583.188,1705.439,297.885,2.524,52.313,10.497,4.983,13.31,336.781,991.771,1618.148,2078.296,2715.294,3248.499,582.343,30.051,-1.780,,2.524,23:45:59
HFC_265.wav,85.360,87.64,72.67,100.193,71.508,28.685,8.125,103.018,91.942,6.551,14.034535090098636,274.423,415.879,1237.673,271.681,0.992,64.892,6.551,9.906,10.73,326.109,961.409,1594.716,1982.183,2593.875,3180.748,570.928,30.652,-1.519,,0.992,23:46:04
HFC_266.wav,88.799,102.32,75.56,105.116,75.559,29.557,67.200,86.937,78.135,5.322,14.68181842960356,341.673,482.083,1531.655,356.188,2.349,62.959,8.302,7.583,11.99,351.359,1033.254,1650.007,2049.421,2689.230,3196.460,569.020,30.755,-1.673,,2.349,23:46:05
HFC_267.wav,93.542,100.09,88.11,105.325,83.941,21.384,26.580,111.332,53.609,2.876,18.64038669127904,356.961,614.688,1639.036,363.691,0.869,82.207,9.778,8.407,9.00,363.725,1115.705,1637.868,2125.849,2692.748,3238.868,575.029,30.433,-1.476,,0.869,23:46:10
HFC_268.wav,86.431,91.60,96.16,103.524,71.815,31.709,14.382,103.178,78.424,2.023,38.7588630625586,342.005,623.063,1292.697,373.565,1.730,59.386,8.383,7.084,9.25,392.069,971.052,1596.166,2071.368,2680.045,3217.188,565.024,30.972,-1.167,,1.730,23:46:11
HFC_269.wav,94.661,83.89,93.16,105.108,81.284,23.823,69.773,102.526,67.963,2.165,31.38932056050539,372.709,620.157,1475.263,361.582,1.155,84.093,7.362,11.423,13.76,374.375,1056.710,1636.251,2082.346,2719.102,3295.868,584.299,29.950,-1.568,,1.155,23:46:13
HFC_27.wav,86.168,98.28,97.26,104.946,72.590,32.357,9.948,92.220,83.473,5.198,16.057996948881513,299.807,487.448,1472.817,292.390,1.058,63.630,7.561,8.415,10.46,331.125,1035.199,1602.634,2034.605,2683.984,3192.057,572.186,30.584,-1.714,,1.058,23:31:20
HFC_270.wav,88.459,83.31,94.20,103.767,75.971,27.796,13.038,58.243,52.826,4.387,12.040460887150644,361.282,588.945,1290.459,377.469,2.735,49.565,10.968,4.519,13.87,398.784,972.693,1645.311,2087.808,2725.883,3222.611,564.766,30.986,-1.395,,2.735,23:46:15
HFC_271.wav,81.897,76.44,87.29,102.907,71.030,31.876,8.805,106.239,97.982,3.405,28.773910970186407,357.774,800.885,1353.224,278.815,1.321,51.664,9.459,5.462,13.51,430.646,1043.021,1579.928,2048.175,2702.124,3198.299,553.531,31.615,-1.214,,1.321,23:46:18
HFC_272.wav,81.543,79.43,85.81,101.999,71.518,30.481,30.315,64.462,57.563,1.867,30.831750843988562,358.093,766.938,1510.225,298.962,1.875,44.482,8.268,5.380,13.73,442.230,982.929,1626.903,2159.819,2815.082,3230.673,557.689,31.380,-0.982,,1.875,23:46:24
HFC_273.wav,85.396,90.80,93.45,107.586,71.121,36.465,20.734,69.449,62.800,3.297,19.048884544187544,313.916,607.835,1618.810,286.998,1.668,56.984,6.893,8.267,14.87,350.361,1119.285,1645.042,2024.884,2710.837,3275.371,585.002,29.914,-1.571,,1.668,23:46:39
HFC_274.wav,84.187,108.30,98.64,108.296,71.732,36.564,6.313,65.742,56.556,2.812,20.11206512215513,346.396,842.493,1594.446,291.090,1.778,55.905,9.561,5.847,11.22,416.622,1075.050,1742.097,2077.517,2755.144,3298.983,576.472,30.357,-1.243,,1.778,23:46:45
HFC_275.wav,92.204,81.59,89.79,102.491,81.592,20.898,36.148,76.480,48.506,2.094,23.16990599268658,373.153,560.871,1547.478,364.041,1.194,79.266,10.049,7.888,10.89,373.901,1111.194,1650.237,2061.129,2674.911,3213.836,567.987,30.811,-1.365,,1.194,23:46:48
HFC_276.wav,94.217,93.16,86.69,104.329,86.588,17.741,31.769,53.979,32.627,2.364,13.798734501018032,364.266,613.316,1963.689,359.927,1.269,59.416,5.911,10.051,17.09,370.461,1102.135,1732.599,2211.928,2811.751,3292.465,584.401,29.945,-1.827,,1.269,23:47:01
HFC_277.wav,96.199,80.03,85.72,107.026,80.030,26.995,31.669,59.024,47.974,2.608,18.394157605025168,353.213,678.060,1683.689,359.869,1.725,57.478,9.563,6.010,10.94,406.141,1056.866,1683.335,2155.179,2724.371,3195.781,557.928,31.366,-1.165,,1.725,23:47:05
HFC_278.wav,101.327,97.49,81.90,105.938,81.217,24.721,60.493,54.134,22.138,0.651,34.017507673915105,308.383,336.909,493.801,313.433,0.768,59.724,5.857,10.197,15.17,326.194,979.996,1741.238,2183.598,2874.402,3392.723,613.306,28.534,0.002,,0.768,23:47:13
HFC_279.wav,95.005,87.20,88.87,105.772,84.585,21.187,36.894,78.673,60.664,2.343,25.887033145894954,399.139,1005.486,2018.758,347.372,1.067,59.522,7.968,7.471,8.23,383.883,1057.312,1691.173,2169.665,2784.682,3277.147,578.653,30.243,-0.983,,1.067,23:47:16
HFC_28.wav,82.269,97.64,83.55,101.412,70.642,30.769,6.379,91.457,76.904,4.433,17.348871205839032,301.804,517.434,1607.222,274.678,1.466,45.084,7.843,5.749,13.02,335.098,1048.806,1629.271,2094.186,2714.509,3207.867,574.554,30.458,-1.707,,1.466,23:31:22
HFC_280.wav,86.437,91.18,79.76,106.179,71.341,34.838,71.741,131.709,84.923,22.912,3.7064163866938897,349.128,825.682,1718.292,297.454,2.226,47.239,9.210,5.129,12.17,428.682,1067.833,1674.558,2133.539,2696.331,3226.921,559.648,31.270,-1.130,unvoiced,2.226,23:47:18
HFC_281.wav,83.231,87.75,70.80,109.743,70.757,38.985,12.231,182.343,100.049,23.697,4.221995025354128,321.083,514.095,1623.600,315.218,1.414,72.806,9.550,7.624,10.60,361.814,1043.655,1678.215,2114.298,2691.558,3243.308,576.299,30.366,-1.694,unvoiced,1.414,23:47:49
HFC_282.wav,86.327,84.39,78.44,101.707,72.445,29.262,84.694,48.687,42.727,4.325,9.879399149350977,342.294,765.013,1610.020,335.410,2.081,45.163,8.409,5.370,13.65,428.584,1062.576,1677.110,2138.471,2667.745,3220.366,558.356,31.342,-1.235,,2.081,23:47:55
HFC_283.wav,85.524,82.28,77.28,103.519,77.279,26.240,9.864,44.590,42.988,2.915,14.74604680069933,453.187,1085.002,1917.848,323.430,2.573,35.490,9.523,3.727,12.75,432.630,1032.275,1682.952,2126.334,2715.362,3233.393,560.153,31.241,-0.912,,2.573,23:47:58
HFC_284.wav,84.454,84.10,98.60,106.162,70.335,35.827,48.725,129.821,80.913,19.636,4.1207001828363135,437.427,905.231,1736.763,389.058,1.400,47.065,9.996,4.708,14.66,415.466,1047.775,1665.181,2059.378,2656.125,3110.809,539.069,32.463,-1.294,unvoiced,1.401,23:48:01
HFC_285.wav,91.905,104.16,83.58,105.720,78.651,27.069,3.021,80.584,76.139,5.539,13.746936174096351,279.232,376.885,706.781,323.070,1.444,63.609,15.577,4.083,9.02,349.919,875.010,1581.335,2027.710,2757.537,3231.062,576.229,30.370,-0.434,,1.444,23:48:05
HFC_286.wav,85.335,102.69,93.12,102.690,72.379,30.312,9.326,39.443,29.200,1.606,18.178341810743497,382.188,512.289,1675.354,385.871,3.113,36.104,8.192,4.407,17.19,400.391,1054.767,1613.927,2110.085,2744.149,3195.314,558.984,31.307,-1.350,,3.113,23:48:08
HFC_287.wav,95.837,93.88,99.73,106.070,81.977,24.093,23.635,48.296,44.594,2.649,16.836955966236985,388.246,442.060,1203.208,377.721,1.888,50.558,6.357,7.954,21.91,381.085,1011.298,1591.713,2047.147,2662.186,3175.812,558.946,31.309,-2.124,,1.888,23:48:11
HFC_288.wav,81.008,93.75,94.52,100.784,71.431,29.353,5.762,58.518,54.728,3.542,15.451331648531903,323.321,499.689,1564.058,308.251,1.835,63.381,10.081,6.287,9.18,346.137,1058.205,1637.468,2107.099,2686.643,3193.746,569.522,30.728,-1.710,,1.835,23:48:16
HFC_289.wav,94.305,104.01,95.45,104.009,76.815,27.194,24.347,98.185,57.927,1.890,30.64524142478762,379.616,597.010,1526.448,378.171,1.058,62.116,6.143,10.111,13.49,384.679,995.860,1583.600,2001.213,2672.783,3142.177,551.500,31.732,-1.454,,1.058,23:48:18
HFC_29.wav,96.248,83.99,77.26,108.982,72.917,36.065,13.271,91.885,89.526,2.865,31.246770089135975,292.519,528.723,726.258,611.860,1.396,52.983,11.102,4.772,8.83,405.420,931.005,1548.494,2099.243,2719.753,3410.292,600.974,29.119,-0.419,,1.396,23:31:23
HFC_290.wav,81.815,91.34,83.74,103.670,71.716,31.954,13.635,67.231,54.338,2.243,24.226822752227054,308.071,425.314,1704.979,308.199,2.006,43.391,9.221,4.706,15.34,328.306,1102.406,1677.765,2153.245,2764.013,3270.460,588.431,29.740,-2.075,,2.006,23:48:27
HFC_291.wav,92.258,100.68,103.61,108.724,73.703,35.021,64.110,109.170,98.457,4.853,20.287068280642767,352.497,633.635,1350.622,341.985,1.545,58.998,11.001,5.363,11.23,435.532,942.480,1559.383,2073.023,2735.512,3281.125,569.119,30.749,-1.390,,1.545,23:48:30
HFC_292.wav,86.877,95.82,83.44,103.979,71.034,32.946,8.499,74.073,66.743,3.879,17.20845590102172,285.333,534.490,1367.349,273.748,1.418,44.254,8.815,5.020,13.87,330.992,1025.046,1636.691,2113.051,2802.904,3271.581,588.118,29.756,-1.662,,1.418,23:48:32
HFC_293.wav,85.859,91.00,92.65,104.771,72.912,31.858,59.296,98.831,92.406,4.434,20.84207458333366,328.406,543.703,1567.791,306.416,1.804,51.471,10.253,5.020,9.87,365.978,1056.116,1664.984,2097.182,2690.063,3201.086,567.022,30.863,-1.628,,1.804,23:48:34
HFC_294.wav,85.631,87.40,99.49,99.487,71.923,27.564,98.133,60.061,46.563,3.350,13.900998238426357,347.830,811.250,1658.590,304.593,2.538,61.116,8.867,6.893,12.59,386.752,1010.968,1636.543,2099.824,2686.850,3209.312,564.512,31.000,-1.452,,2.538,23:48:36
HFC_295.wav,82.220,87.66,89.48,101.890,71.911,29.979,10.420,58.064,51.771,2.373,21.819842835214253,377.155,886.356,1677.037,293.031,1.897,37.822,10.282,3.679,11.98,500.371,1076.389,1728.348,2262.212,2811.969,3264.803,552.887,31.652,-1.073,,1.897,23:48:43
HFC_296.wav,86.905,83.75,76.68,106.460,72.142,34.319,22.391,120.628,95.199,5.280,18.031717558829754,321.988,646.447,1582.939,364.279,1.326,59.751,10.559,5.659,8.62,360.813,1052.596,1654.496,2148.532,2760.937,3321.562,592.150,29.553,-1.607,,1.326,23:48:48
HFC_297.wav,80.560,88.79,94.16,101.159,72.844,28.315,10.587,57.344,40.987,2.483,16.509929746918512,335.131,723.382,1507.332,304.378,1.611,43.221,7.758,5.571,14.56,406.438,1036.532,1629.775,2100.534,2708.995,3240.712,566.855,30.872,-1.022,,1.611,23:48:50
HFC_298.wav,91.466,78.45,76.87,107.462,76.871,30.591,73.088,127.814,64.932,2.871,22.615704796111704,320.535,549.262,1659.675,321.362,1.045,54.902,9.570,5.737,8.51,351.237,1062.132,1691.384,2111.795,2802.265,3260.046,581.762,30.081,-1.637,,1.045,23:48:55
HFC_299.wav,90.190,80.99,88.29,103.644,80.992,22.652,48.679,76.449,55.953,1.752,31.934257646400397,347.456,537.783,1525.164,347.901,0.856,84.614,7.593,11.144,8.86,356.849,1059.045,1624.419,2086.438,2721.229,3182.270,565.084,30.969,-1.527,,0.856,23:48:58
HFC_30.wav,83.623,96.49,96.99,105.233,71.150,34.083,8.684,86.401,80.262,4.765,16.843378831380722,292.390,465.191,1411.937,281.594,1.049,61.629,8.101,7.608,11.42,318.069,1001.553,1624.834,2068.035,2689.992,3162.746,568.935,30.759,-1.689,,1.049,23:31:25
HFC_300.wav,86.761,85.13,78.85,104.134,71.530,32.604,16.961,80.065,64.468,4.148,15.543313363479834,352.770,730.630,1529.390,366.898,2.893,58.372,10.888,5.361,9.74,436.899,1081.232,1710.907,2168.177,2761.331,3244.862,561.593,31.161,-1.366,,2.893,23:48:59
HFC_301.wav,89.844,95.17,79.50,104.487,74.491,29.996,19.993,115.571,79.021,2.510,31.48370639061266,408.701,1152.817,2050.347,361.576,1.594,43.481,9.098,4.779,8.93,417.581,1201.475,1698.428,2217.752,2739.969,3292.821,575.048,30.432,-1.048,,1.594,23:49:07
HFC_302.wav,96.912,92.19,75.08,103.360,75.084,28.276,20.318,78.117,46.859,1.329,35.24695361655639,382.987,589.606,1655.967,370.268,1.128,62.685,4.875,12.859,16.88,378.802,1057.454,1665.504,2048.897,2644.774,3138.797,551.999,31.703,-1.811,,1.128,23:49:13
HFC_303.wav,83.533,81.02,83.93,103.227,72.046,31.181,19.055,96.776,84.116,3.642,23.097520512254366,470.203,997.404,1885.786,297.435,1.510,33.787,9.270,3.645,9.88,426.583,1119.035,1650.946,2224.987,2730.334,3293.700,573.423,30.518,-0.889,,1.510,23:49:15
HFC_304.wav,91.521,83.59,93.31,96.908,83.589,13.319,84.854,31.745,23.291,4.608,5.054339593359535,274.669,385.733,1275.774,268.654,0.760,55.920,4.608,12.135,17.65,307.163,900.818,1635.105,2005.465,2702.998,3168.034,572.174,30.585,-1.919,,0.760,23:49:20
HFC_305.wav,87.900,90.93,91.43,103.731,71.452,32.280,19.407,99.515,69.711,3.443,20.246534356769438,365.638,559.413,1534.630,380.543,1.888,58.215,9.005,6.465,11.70,375.025,1031.741,1682.193,2045.488,2719.411,3186.489,562.293,31.123,-1.529,,1.888,23:49:21
HFC_306.wav,87.571,86.86,95.23,96.751,71.556,25.195,92.796,39.158,29.680,1.294,22.93330403594316,379.159,436.753,1263.210,371.164,1.932,57.305,5.953,9.626,15.96,406.996,1028.322,1665.766,2110.008,2762.306,3277.603,574.121,30.481,-1.798,,1.932,23:49:23
HFC_307.wav,84.682,84.76,86.59,104.402,71.573,32.829,21.451,83.781,71.668,3.559,20.137143821522503,560.212,1329.899,2134.428,322.111,1.686,41.907,10.974,3.819,7.82,465.394,1246.573,1721.774,2283.709,2801.447,3308.890,568.699,30.772,-0.906,,1.686,23:49:27
HFC_308.wav,89.203,100.91,84.14,105.049,79.920,25.129,9.798,56.655,50.555,3.451,14.648915295113078,333.751,371.016,529.306,338.056,1.159,68.343,6.471,10.562,18.92,341.831,981.181,1599.632,2002.255,2660.723,3287.540,589.142,29.704,-0.647,,1.159,23:49:30
HFC_309.wav,84.899,76.34,87.77,89.020,76.337,12.683,23.082,43.044,41.418,3.417,12.122262946049693,315.644,407.005,1635.100,345.234,0.878,48.201,8.542,5.643,10.45,333.318,1132.275,1790.875,2213.133,2950.759,3487.818,630.900,27.738,-2.399,,0.878,23:49:36
HFC_31.wav,90.338,84.47,75.51,105.075,75.513,29.562,40.980,77.914,71.667,1.794,39.95897112995203,341.813,399.194,962.126,351.748,1.115,78.439,5.829,13.457,11.08,356.076,1053.941,1575.810,2050.735,2705.528,3215.011,571.787,30.606,-1.714,,1.115,23:31:26
HFC_310.wav,89.291,90.14,92.31,105.628,70.796,34.832,31.434,117.069,87.854,2.601,33.77056307861194,338.012,879.909,1732.379,331.500,1.730,51.582,7.226,7.138,8.58,444.470,1166.782,1703.149,2188.046,2767.332,3328.653,576.836,30.338,-1.018,,1.730,23:49:40
HFC_311.wav,95.719,88.60,97.63,105.294,81.588,23.706,56.981,53.724,52.044,4.218,12.338335544977241,349.472,530.848,1679.376,373.745,1.185,74.414,8.858,8.401,7.63,379.014,1083.820,1617.763,2147.495,2725.795,3264.649,577.127,30.323,-1.501,,1.185,23:49:44
HFC_312.wav,90.271,91.44,72.69,109.472,72.690,36.783,25.788,105.859,95.265,3.833,24.855354524401054,311.211,548.356,1742.489,336.734,0.913,53.018,9.856,5.379,10.68,351.868,1046.949,1742.896,2137.446,2814.572,3348.020,599.230,29.204,-1.952,,0.913,23:49:48
HFC_313.wav,90.495,103.17,88.98,103.172,74.653,28.520,9.483,83.471,65.304,5.277,12.37594295110823,326.636,579.354,1499.641,365.370,1.137,65.214,8.355,7.806,8.06,358.975,1008.457,1653.584,2091.469,2734.442,3218.603,571.926,30.598,-1.836,,1.137,23:49:50
HFC_314.wav,93.207,98.11,97.71,103.778,76.304,27.473,4.163,76.264,72.852,4.538,16.05318146698412,362.552,483.231,1531.646,376.120,2.314,58.941,10.157,5.803,11.84,376.408,1035.322,1641.231,2051.436,2651.998,3186.876,562.094,31.134,-1.812,,2.314,23:49:52
HFC_315.wav,92.888,98.65,87.72,103.576,85.556,18.020,11.246,44.697,35.522,3.339,10.639372188500484,358.153,394.579,548.715,365.253,1.348,73.596,11.871,6.200,15.24,361.405,967.254,1573.856,2019.515,2650.292,3213.766,570.472,30.676,-0.975,,1.348,23:49:58
HFC_316.wav,93.861,88.52,75.15,105.916,75.146,30.770,62.762,66.469,43.229,2.406,17.966846711135524,374.378,431.369,606.744,401.871,1.870,46.250,8.822,5.242,14.26,380.991,1003.570,1570.116,2116.596,2690.311,3210.203,565.842,30.927,-1.110,,1.870,23:50:00
HFC_317.wav,94.498,103.27,95.57,107.191,80.730,26.462,13.645,63.396,57.462,3.442,16.695951002861083,333.508,434.817,1262.903,376.918,1.598,57.122,8.448,6.762,13.04,353.412,1019.672,1607.045,2045.257,2646.374,3183.840,566.086,30.914,-2.181,,1.598,23:50:02
HFC_318.wav,91.052,89.60,81.71,108.577,72.603,35.974,14.599,76.883,74.115,3.850,19.249205211468297,344.096,539.253,1648.444,317.867,2.467,47.653,8.511,5.599,12.24,375.128,1049.114,1699.274,2166.754,2784.009,3275.179,580.010,30.172,-1.989,,2.467,23:50:03
HFC_319.wav,91.027,95.14,90.04,105.365,82.196,23.169,27.088,96.083,66.356,2.301,28.840729815893404,288.458,400.906,1112.077,324.385,0.869,66.379,5.752,11.540,10.21,325.411,1034.196,1594.941,2088.814,2760.918,3318.634,598.645,29.233,-1.757,,0.869,23:50:09
HFC_32.wav,83.823,84.79,80.59,103.660,71.479,32.181,18.951,101.682,83.069,4.350,19.09721864794784,303.399,656.643,1717.068,297.143,1.264,60.636,9.095,6.667,10.94,376.857,1061.102,1739.252,2192.129,2883.150,3310.395,586.708,29.827,-1.534,,1.264,23:31:28
HFC_320.wav,85.379,101.19,94.40,103.498,71.025,32.473,6.146,93.884,80.269,4.496,17.855075893670207,324.900,475.955,1281.039,382.713,1.335,54.007,10.115,5.339,13.16,358.239,958.555,1602.236,2016.521,2616.865,3196.157,567.584,30.832,-1.667,,1.335,23:50:12
HFC_321.wav,89.062,84.28,93.86,93.864,82.156,11.708,94.881,32.090,29.292,2.356,12.431583606537439,327.815,672.260,2017.474,355.696,0.637,55.428,7.069,7.841,6.90,352.259,1090.261,1733.959,2184.782,2779.538,3246.273,578.803,30.235,-1.606,,0.637,23:50:18
HFC_322.wav,88.060,87.07,84.97,98.636,70.832,27.803,52.307,121.922,86.487,4.767,18.141500924259677,440.009,1004.172,1991.874,375.135,0.944,66.650,10.064,6.622,6.56,436.193,1039.299,1725.171,2126.133,2732.586,3204.518,553.665,31.608,-1.240,,0.944,23:50:20
HFC_323.wav,97.527,86.21,95.20,101.994,80.115,21.879,60.419,48.467,41.036,5.747,7.140897525943971,398.392,472.763,1296.586,387.155,1.914,51.573,7.053,7.313,21.62,398.041,911.925,1717.837,2056.467,2633.393,3056.393,531.671,32.915,-2.120,,1.914,23:50:21
HFC_324.wav,84.751,83.63,89.91,99.654,71.907,27.747,53.024,108.119,46.247,2.109,21.927808769965246,285.835,474.299,1434.176,272.871,0.948,65.473,7.382,8.870,14.32,358.819,983.667,1652.170,2065.984,2673.730,3257.033,579.643,30.191,-1.490,,0.948,23:50:31
HFC_325.wav,84.544,97.07,84.80,105.122,70.744,34.379,7.655,124.732,106.899,4.311,24.795578543659758,327.514,853.815,1759.523,266.336,1.392,38.577,7.545,5.113,14.47,347.588,1024.611,1671.870,2082.936,2689.264,3199.820,570.446,30.678,-1.310,,1.392,23:50:33
HFC_326.wav,79.455,101.21,89.49,101.208,71.659,29.548,4.157,72.336,61.642,3.428,17.981635865484442,301.531,494.907,1329.409,284.562,1.313,46.106,6.475,7.120,15.45,340.865,924.037,1604.721,2081.533,2594.565,3149.810,561.789,31.150,-1.427,,1.313,23:50:35
HFC_327.wav,87.124,88.21,99.01,109.289,70.335,38.954,11.998,184.115,78.942,20.367,3.8760449826710555,319.120,679.871,1456.445,273.890,1.203,57.539,7.066,8.143,12.57,363.107,981.456,1623.404,2124.558,2657.104,3149.346,557.248,31.404,-1.402,unvoiced,1.203,23:50:37
HFC_328.wav,91.740,106.72,81.67,106.723,81.670,25.052,5.170,68.956,56.674,3.741,15.150290351423337,338.600,846.337,1709.142,255.902,1.203,41.904,10.391,4.033,12.21,469.451,1097.513,1699.356,2234.463,2855.760,3180.899,542.289,32.271,-1.065,,1.203,23:50:42
HFC_329.wav,89.031,100.11,89.31,106.842,70.537,36.305,9.424,108.832,99.691,2.721,36.639978679532874,318.044,791.172,1497.821,266.508,1.286,44.788,8.940,5.010,12.82,433.557,1036.143,1644.484,2089.425,2767.058,3226.337,558.556,31.331,-1.152,,1.286,23:50:44
HFC_33.wav,83.972,89.39,83.87,103.619,71.588,32.031,13.175,99.777,90.985,3.509,25.9276765425911,305.174,749.009,1463.789,298.505,1.567,45.089,8.294,5.436,11.67,394.618,1039.939,1725.299,2135.669,2759.707,3267.802,574.637,30.454,-1.163,,1.567,23:31:32
HFC_330.wav,91.841,81.78,94.92,102.818,81.725,21.093,69.248,78.310,71.102,2.096,33.920457672717795,333.600,647.277,1719.704,374.581,0.716,57.531,6.987,8.234,8.79,364.376,1107.983,1721.959,2163.234,2834.970,3282.582,583.641,29.984,-1.620,,0.716,23:50:46
HFC_331.wav,85.918,103.97,96.57,103.971,70.545,33.426,8.265,104.382,83.939,4.823,17.405137784961724,354.525,828.427,1579.353,379.552,1.348,49.700,7.049,7.051,7.66,383.194,979.172,1659.259,2054.937,2713.445,3186.784,560.718,31.210,-1.317,,1.348,23:50:47
HFC_332.wav,87.415,92.19,70.33,109.629,70.335,39.294,16.909,273.673,148.364,27.990,5.300696571318886,475.404,1051.289,2000.640,374.223,1.036,36.558,9.169,3.987,12.60,446.873,1095.352,1666.968,2141.809,2781.600,3221.850,554.995,31.532,-1.144,unvoiced,1.036,23:50:55
HFC_333.wav,91.016,83.22,86.66,101.343,82.927,18.416,69.418,59.184,56.711,5.891,9.627235973046204,313.639,638.892,1685.668,362.340,0.764,34.332,5.891,5.828,12.55,361.896,1073.901,1677.890,2235.009,2756.204,3230.057,573.632,30.507,-1.252,,0.764,23:50:56
HFC_334.wav,90.834,100.18,84.87,103.347,70.770,32.576,31.098,81.926,60.358,3.813,15.828609295770068,377.819,504.934,1431.305,385.836,1.967,51.662,7.372,7.008,13.51,398.771,1014.252,1633.431,2059.414,2702.388,3161.812,552.608,31.668,-1.427,,1.967,23:50:57
HFC_335.wav,94.586,75.77,93.73,104.891,74.321,30.569,43.858,94.651,93.169,4.663,19.978424880530014,305.292,403.819,1198.038,298.114,2.037,83.933,9.572,8.768,14.16,339.094,880.814,1557.274,2111.080,2739.844,3401.476,612.476,28.573,-2.200,,2.037,23:51:06
HFC_336.wav,94.170,79.78,95.03,105.125,72.319,32.806,83.981,103.287,82.312,3.102,26.53511821733964,371.492,651.469,1532.262,393.881,1.128,46.623,9.306,5.010,10.60,389.866,979.865,1604.640,1988.378,2660.319,3180.373,558.101,31.356,-1.294,,1.128,23:51:09
HFC_337.wav,89.990,74.87,96.97,108.450,70.335,38.115,21.461,260.889,172.531,33.744,5.11288856291329,337.772,514.869,1388.336,287.581,2.134,51.577,13.826,3.730,8.34,352.156,948.468,1595.840,2067.282,2677.046,3141.695,557.908,31.367,-1.888,unvoiced,2.134,23:51:10
HFC_338.wav,100.083,88.68,96.34,106.786,86.662,20.125,51.281,37.935,35.198,2.160,16.29177930051304,393.273,477.714,1176.201,397.183,1.620,50.027,8.025,6.234,17.64,386.433,966.062,1594.172,2020.893,2613.614,3129.053,548.524,31.904,-1.764,,1.620,23:51:13
HFC_339.wav,92.983,84.36,94.73,104.849,84.361,20.488,28.315,72.520,62.514,2.701,23.14589210685533,374.180,477.311,1466.112,364.504,1.111,61.732,9.453,6.530,14.87,364.117,1007.060,1671.444,2021.306,2732.325,3183.186,563.814,31.039,-1.976,,1.111,23:51:21
HFC_34.wav,81.030,107.50,76.69,107.505,72.694,34.811,6.500,41.971,36.395,2.064,17.62952540453715,311.686,481.346,1156.725,313.208,1.453,42.140,6.537,6.446,15.03,423.833,956.332,1562.552,2037.630,2595.919,3193.461,553.926,31.593,-1.053,,1.453,23:31:37
HFC_340.wav,94.324,83.63,94.46,105.894,83.632,22.262,25.061,71.511,60.025,3.142,19.105539990892893,365.965,755.666,1563.302,360.548,1.273,69.715,6.676,10.442,12.92,408.409,1011.171,1682.210,2072.970,2778.170,3232.105,564.739,30.988,-1.580,,1.273,23:51:25
HFC_341.wav,94.870,77.14,102.40,107.296,77.137,30.158,30.905,57.027,37.891,2.042,18.55768233516171,311.610,346.650,501.867,326.482,2.204,67.627,9.755,6.932,16.24,328.821,1047.333,1492.802,2091.078,2778.410,3385.334,611.303,28.627,-0.499,,2.204,23:51:27
HFC_342.wav,89.631,78.29,86.68,99.641,78.294,21.347,58.979,50.682,36.476,1.532,23.807424940807852,350.068,524.526,1652.179,360.784,0.979,69.114,7.150,9.666,8.82,358.799,1126.891,1679.185,2092.100,2754.547,3275.661,583.372,29.998,-1.551,,0.979,23:51:30
HFC_343.wav,90.755,85.68,88.28,105.081,76.537,28.544,36.486,96.380,56.795,1.829,31.04427281711392,356.365,428.988,1274.277,352.607,1.093,88.497,8.690,10.184,13.08,360.995,1020.795,1585.908,2077.324,2701.663,3266.331,581.067,30.117,-1.631,,1.093,23:51:42
HFC_344.wav,96.298,82.04,90.68,105.200,82.038,23.162,66.352,37.861,30.603,0.794,38.559276527980245,355.609,526.692,1446.005,362.923,1.260,61.989,7.540,8.222,11.04,414.929,1073.501,1556.848,2130.273,2725.495,3216.215,560.257,31.236,-1.145,,1.260,23:51:45
HFC_345.wav,94.747,78.16,77.94,108.723,77.945,30.778,57.524,111.858,81.720,2.315,35.303772092486795,342.466,568.590,1718.689,348.281,1.080,63.048,7.870,8.011,9.01,371.749,1122.763,1643.520,2140.905,2745.242,3213.074,568.265,30.795,-1.792,,1.080,23:51:51
HFC_346.wav,80.844,84.31,82.20,92.466,72.342,20.124,85.208,47.697,32.700,1.415,23.11343668993888,324.252,383.657,934.808,315.957,1.414,59.872,7.781,7.695,15.58,359.084,883.084,1541.336,2031.156,2726.882,3201.445,568.472,30.784,-1.403,,1.414,23:52:03
HFC_347.wav,95.835,104.00,75.48,109.234,73.978,35.255,5.971,112.704,44.791,2.935,15.259765497138366,318.600,390.572,767.871,316.262,1.703,52.710,7.338,7.183,19.66,376.697,890.667,1600.912,2094.343,2754.845,3304.552,585.571,29.885,-0.851,unvoiced,1.703,23:52:06
HFC_348.wav,92.598,90.52,91.02,102.651,80.126,22.525,64.350,54.120,50.709,4.500,11.26837327292961,326.365,437.755,1095.851,382.586,1.444,55.920,7.962,7.024,11.42,344.767,948.558,1557.473,2030.840,2700.739,3304.199,591.886,29.566,-1.585,,1.444,23:52:27
HFC_349.wav,96.345,99.34,80.28,109.888,74.596,35.292,7.246,189.696,101.502,23.619,4.297485681273072,332.084,433.658,913.252,402.617,1.545,55.151,9.383,5.878,14.47,364.214,876.960,1592.267,1963.555,2601.991,3172.162,561.590,31.162,-1.065,unvoiced,1.545,23:52:30
HFC_35.wav,86.128,87.74,86.99,100.885,70.879,30.006,7.573,116.475,112.913,5.138,21.976622406634103,319.185,640.584,1672.817,376.780,1.168,56.894,10.704,5.315,10.73,361.581,1023.447,1648.100,1997.415,2684.248,3201.454,567.975,30.811,-1.479,,1.168,23:31:38
HFC_350.wav,93.562,105.68,73.82,109.615,71.289,38.326,4.445,252.861,109.024,24.020,4.538888446913221,298.580,397.248,996.349,289.705,1.207,65.294,9.525,6.855,12.63,345.787,923.804,1569.816,1934.800,2649.320,3214.136,573.670,30.505,-1.232,unvoiced,1.207,23:52:33
HFC_351.wav,90.130,98.19,74.68,102.826,74.677,28.149,82.998,80.776,69.311,4.584,15.121043091303882,301.497,450.568,1681.421,278.563,1.418,56.304,12.341,4.562,8.38,344.947,1052.339,1677.540,2122.447,2742.484,3273.659,585.742,29.877,-2.002,,1.418,23:52:36
HFC_352.wav,91.796,83.70,81.47,102.260,81.473,20.787,28.060,80.972,57.499,3.607,15.940024714827981,346.751,848.523,1746.418,364.151,0.970,69.629,9.276,7.507,9.33,375.621,1136.839,1657.464,2165.237,2696.761,3220.593,568.994,30.756,-1.551,,0.970,23:52:39
HFC_353.wav,94.430,87.49,99.72,106.121,78.416,27.705,65.040,122.216,95.854,3.773,25.402493424405705,380.690,666.398,1635.310,373.652,1.458,60.097,7.204,8.342,13.18,400.775,1073.396,1598.553,2128.335,2692.520,3192.872,558.419,31.338,-1.481,,1.458,23:52:41
HFC_354.wav,95.226,87.39,93.96,102.751,80.741,22.010,71.474,93.329,72.667,2.433,29.861614369548107,391.107,619.896,1564.414,386.272,1.027,67.226,12.167,5.525,9.89,380.882,1028.760,1652.632,2102.515,2682.741,3096.423,543.108,32.222,-1.557,,1.027,23:52:44
HFC_355.wav,95.406,96.32,78.48,107.923,78.476,29.447,65.311,65.110,61.975,2.962,20.920485370362567,307.285,347.833,607.526,307.026,1.519,40.857,11.191,3.651,15.18,325.301,1029.505,1480.423,2127.505,2837.017,3445.229,623.985,28.046,-0.650,,1.519,23:52:45
HFC_356.wav,89.203,86.96,78.47,103.527,73.596,29.931,41.835,94.221,63.767,2.494,25.569375699520617,359.136,433.496,1409.789,358.009,1.203,90.976,10.391,8.755,9.08,358.442,1071.171,1658.815,2109.698,2751.258,3305.825,589.477,29.687,-1.879,,1.203,23:52:47
HFC_357.wav,89.581,108.13,74.09,108.130,72.348,35.783,6.863,92.446,70.993,4.035,17.59636162343464,367.805,641.808,1696.620,369.398,1.983,59.072,10.086,5.857,10.32,367.492,1045.684,1573.854,2084.246,2699.833,3215.998,569.701,30.718,-1.562,,1.983,23:52:48
HFC_358.wav,97.246,88.78,94.72,102.944,86.192,16.752,29.228,47.372,29.027,1.604,18.096048786807124,395.386,463.690,1477.315,382.103,1.559,75.788,6.737,11.250,18.30,395.830,1064.962,1622.716,2126.892,2714.986,3284.457,577.725,30.291,-1.967,,1.559,23:52:51
HFC_359.wav,86.163,70.77,103.74,106.632,70.769,35.863,41.595,88.063,86.539,6.555,13.202666952001636,302.370,397.301,1520.106,318.649,1.831,73.437,11.198,6.558,9.48,325.292,998.096,1605.499,2137.546,2878.448,3370.255,608.992,28.736,-2.551,,1.831,23:52:55
HFC_36.wav,92.199,96.09,91.13,104.021,80.365,23.655,10.172,91.897,81.823,4.437,18.440501403014558,347.994,675.920,1890.046,368.375,1.014,47.979,6.902,6.951,13.62,366.285,1050.715,1671.584,2184.863,2665.400,3195.088,565.760,30.932,-1.523,,1.014,23:31:39
HFC_360.wav,89.169,87.47,84.50,105.102,75.349,29.753,19.267,98.775,78.094,2.406,32.45692020260616,309.868,688.889,2007.384,359.640,1.247,53.969,10.426,5.176,12.71,338.900,1071.290,1694.828,2129.065,2779.651,3263.875,584.995,29.915,-1.834,,1.247,23:52:58
HFC_361.wav,87.070,100.32,91.71,105.039,70.971,34.067,8.726,155.138,137.961,5.827,23.676657644457997,340.053,503.845,1420.052,395.914,0.944,58.186,6.886,8.450,12.33,366.296,1018.711,1601.553,2053.327,2659.971,3226.552,572.051,30.592,-1.599,,0.944,23:53:04
HFC_362.wav,85.002,99.28,93.51,103.178,71.263,31.915,6.569,111.834,103.417,5.716,18.091636721874888,321.004,600.475,1457.595,384.727,1.137,56.402,6.596,8.551,14.48,368.474,1074.273,1562.141,1971.354,2654.725,3209.741,568.254,30.796,-1.576,,1.137,23:53:06
HFC_363.wav,84.457,105.21,97.96,106.331,74.096,32.234,4.984,69.660,61.175,3.301,18.531737724432055,354.278,914.469,1979.739,310.620,1.212,36.124,7.427,4.864,12.97,405.936,1153.010,1698.730,2128.881,2758.520,3185.059,555.825,31.485,-1.095,,1.212,23:53:07
HFC_364.wav,81.827,84.76,95.80,99.919,71.569,28.350,28.369,91.824,85.555,3.405,25.124064977786944,308.633,522.941,1054.543,283.360,1.321,32.044,7.567,4.235,17.70,346.008,933.965,1580.601,1982.059,2680.364,3218.717,574.542,30.459,-1.264,,1.321,23:53:09
HFC_365.wav,89.652,100.39,91.69,101.523,70.674,30.849,6.407,127.215,109.081,3.889,28.049398739458088,301.484,524.386,1263.031,381.102,0.900,45.781,6.111,7.491,15.41,352.653,955.087,1619.837,2043.051,2680.633,3245.009,578.471,30.252,-1.458,,0.900,23:53:12
HFC_366.wav,93.154,92.54,95.41,105.005,80.004,25.001,9.324,72.683,66.116,6.258,10.565757911678709,307.983,485.828,1460.882,380.572,1.199,44.141,6.258,7.054,16.67,344.750,1074.313,1602.382,2001.357,2676.337,3243.641,579.778,30.184,-1.665,,1.199,23:53:14
HFC_367.wav,79.654,80.68,95.34,95.341,73.036,22.305,91.116,36.040,18.697,2.888,6.472948527883623,321.336,437.002,1098.319,319.640,1.212,65.638,5.364,12.236,16.48,375.314,980.717,1531.867,1936.615,2548.307,3158.057,556.549,31.444,-1.355,,1.212,23:53:17
HFC_368.wav,83.786,85.12,95.50,97.951,74.031,23.919,90.792,26.396,23.975,3.072,7.8051762864961365,365.277,665.929,1479.616,328.622,2.116,46.686,14.177,3.293,10.98,424.922,1037.064,1538.233,2075.461,2723.307,3214.145,557.845,31.371,-1.020,,2.116,23:53:19
HFC_369.wav,78.938,83.02,93.74,98.100,70.335,27.765,13.107,56.008,34.024,20.402,1.6676899690419722,380.551,752.946,1548.416,365.085,1.936,30.181,6.714,4.495,18.05,455.244,1062.242,1568.420,2042.687,2712.643,3252.767,559.505,31.278,-0.935,unvoiced,1.936,23:53:22
HFC_37.wav,93.386,80.71,101.10,107.576,77.010,30.566,33.702,65.220,49.438,2.554,19.353222783777138,363.762,454.931,1463.588,364.670,2.349,57.046,8.302,6.871,16.51,369.339,1044.653,1664.814,2062.002,2737.240,3196.621,565.456,30.948,-2.196,,2.349,23:31:41
HFC_370.wav,78.722,80.65,90.87,103.999,70.461,33.537,20.741,81.698,14.672,26.055,0.5631061876753991,373.623,717.849,1507.184,365.586,1.861,39.885,8.327,4.790,16.67,409.879,1066.580,1653.062,2051.104,2725.302,3198.216,557.667,31.381,-1.106,unvoiced,1.861,23:53:30
HFC_371.wav,90.451,94.76,78.68,104.914,77.508,27.405,29.097,105.221,101.824,3.378,30.14278543149899,307.104,393.949,1621.962,319.741,1.036,72.332,9.169,7.889,8.39,357.290,1096.101,1548.293,2159.853,2829.843,3364.852,601.512,29.093,-1.752,,1.036,23:53:32
HFC_372.wav,91.881,77.04,82.46,106.698,77.039,29.659,28.125,75.632,65.637,2.763,23.757596302582446,337.203,608.118,1765.424,343.123,1.629,47.856,6.446,7.424,13.43,369.925,1184.798,1665.863,2092.881,2627.346,3178.472,561.709,31.155,-1.617,,1.629,23:53:38
HFC_373.wav,95.166,93.81,83.95,108.842,83.710,25.132,48.213,103.954,98.450,4.126,23.85919396588438,341.359,597.216,1737.104,340.860,0.606,52.149,7.427,7.021,8.14,365.872,1141.830,1650.678,2149.931,2661.388,3127.546,552.335,31.684,-1.455,,0.606,23:53:39
HFC_374.wav,84.948,81.81,80.19,91.894,72.633,19.261,58.703,48.501,46.900,5.679,8.257790775887074,314.409,687.404,1607.610,353.593,1.673,32.582,11.658,2.795,12.96,342.737,1107.548,1579.480,2154.477,2791.017,3292.228,589.898,29.666,-2.031,,1.673,23:53:44
HFC_375.wav,91.716,80.12,87.41,106.777,80.121,26.656,20.185,60.951,57.430,3.231,17.775578795910203,338.943,675.468,1680.530,353.836,1.857,34.638,9.423,3.676,11.48,362.765,1120.325,1676.685,2089.050,2729.389,3230.376,573.522,30.513,-1.442,,1.857,23:53:46
HFC_376.wav,84.993,92.32,71.03,104.050,70.891,33.159,37.694,84.396,75.982,3.662,20.74882088683242,362.466,857.803,1578.853,387.513,2.731,35.346,9.521,3.712,14.36,414.688,1072.866,1625.616,2083.114,2704.220,3163.459,549.754,31.832,-1.087,,2.731,23:53:48
HFC_377.wav,96.928,84.06,96.96,104.702,84.061,20.641,64.503,58.932,56.279,3.469,16.22514813250805,373.964,552.460,1578.066,372.723,0.865,65.817,8.093,8.132,14.94,403.894,1001.099,1631.830,1969.284,2698.112,3153.293,549.880,31.825,-1.617,,0.865,23:53:50
HFC_378.wav,90.387,101.44,92.31,107.516,71.477,36.039,5.229,93.364,89.790,3.986,22.52612779129598,363.546,761.706,1380.872,383.786,1.756,47.236,10.535,4.484,5.03,441.175,1062.181,1632.731,2095.234,2756.401,3238.741,559.513,31.277,-1.156,,1.756,23:53:52
HFC_379.wav,103.902,102.92,91.45,109.964,75.283,34.681,94.751,97.845,44.725,4.349,10.284313293931989,331.614,521.438,1415.834,324.175,1.840,36.562,7.882,4.638,15.19,364.084,998.450,1634.933,2059.593,2608.292,3212.427,569.669,30.720,-1.721,unvoiced,1.840,23:53:56
HFC_38.wav,82.729,91.99,89.96,104.428,71.369,33.059,11.863,67.499,55.945,3.048,18.354339422285893,327.146,676.513,1244.662,303.030,1.804,43.913,8.036,5.465,14.68,404.406,1004.620,1581.381,2122.690,2720.119,3226.333,564.385,31.007,-0.806,,1.804,23:31:43
HFC_380.wav,103.191,99.66,72.45,109.301,71.224,38.077,7.979,77.298,34.002,4.777,7.118265567374266,323.371,542.519,1361.430,315.769,1.989,45.223,9.302,4.862,24.42,343.897,999.636,1674.847,2147.731,2713.913,3328.684,596.957,29.315,-2.056,unvoiced,1.989,23:54:00
HFC_381.wav,95.597,102.07,103.30,109.155,71.798,37.357,13.210,226.547,124.058,10.301,12.042902556478623,320.397,629.086,1191.407,299.000,0.874,68.322,8.584,7.959,10.36,379.649,1010.605,1591.087,2003.717,2684.336,3223.846,568.840,30.764,-1.184,unvoiced,0.874,23:54:03
HFC_382.wav,81.444,100.69,107.16,109.607,70.391,39.216,3.461,134.078,99.458,39.807,2.49851877822095,327.590,507.374,1331.874,307.563,2.801,36.241,7.319,4.952,16.07,370.372,960.939,1610.590,2014.942,2662.145,3242.397,574.405,30.466,-1.502,unvoiced,2.801,23:54:05
HFC_383.wav,87.080,97.89,77.79,105.888,73.400,32.488,7.666,122.065,114.561,4.008,28.58446241553904,363.759,720.209,1589.933,355.462,1.497,47.471,12.023,3.948,9.42,395.396,1074.857,1642.251,2024.307,2741.611,3247.650,570.451,30.677,-1.334,,1.497,23:54:08
HFC_384.wav,80.557,87.56,96.57,109.785,70.359,39.425,8.122,144.592,74.243,25.281,2.9366744503600786,373.708,623.783,1297.709,436.206,2.077,37.730,8.427,4.477,17.88,421.807,1035.337,1609.623,2043.170,2718.286,3253.804,566.399,30.897,-1.131,unvoiced,2.077,23:54:10
HFC_385.wav,82.857,79.13,99.50,109.978,70.335,39.643,17.803,95.784,57.746,21.910,2.6355584578247497,382.088,785.395,1549.064,337.759,2.191,44.479,9.358,4.753,13.69,434.608,1084.056,1651.364,2130.498,2777.196,3280.129,569.104,30.750,-1.089,unvoiced,2.191,23:54:15
HFC_386.wav,83.181,100.64,92.87,109.667,70.335,39.332,14.986,106.058,64.208,23.189,2.768950364664946,351.021,596.630,1435.116,359.482,1.703,50.477,7.338,6.879,18.19,379.834,1003.239,1679.183,2151.440,2663.454,3290.473,582.128,30.062,-1.523,unvoiced,1.703,23:54:21
HFC_387.wav,92.083,78.48,85.05,108.712,78.480,30.232,42.685,107.716,85.767,2.071,41.41971598704969,331.053,398.991,1050.787,346.866,0.724,55.452,11.044,5.021,11.13,360.936,1000.953,1653.486,2146.998,2817.164,3404.929,608.799,28.745,-1.798,,0.724,23:54:25
HFC_388.wav,83.229,75.01,77.73,102.613,72.221,30.392,23.042,90.845,82.922,2.690,30.823005221537503,373.824,646.586,1392.104,363.447,1.673,51.596,11.060,4.665,11.28,411.231,1110.509,1625.772,2117.374,2787.697,3285.091,574.772,30.447,-1.218,,1.673,23:54:32
HFC_389.wav,90.785,88.20,74.61,106.501,70.949,35.552,25.956,132.942,81.061,2.812,28.82605687621931,302.675,546.305,1316.019,385.461,1.067,48.632,6.093,7.982,10.44,378.532,1008.921,1637.699,2152.951,2765.714,3326.336,589.561,29.683,-1.035,,1.067,23:54:40
HFC_39.wav,101.709,106.90,83.28,109.452,83.283,26.169,64.190,62.858,53.669,2.962,18.116596124120626,467.063,674.141,1351.572,617.915,1.519,69.213,12.179,5.683,10.93,475.993,1083.191,1658.908,2106.811,2774.235,3430.688,590.939,29.614,-1.611,,1.519,23:31:47
HFC_390.wav,83.891,82.46,80.14,102.225,72.100,30.125,20.629,91.931,71.943,1.970,36.51254531410143,317.518,666.030,1490.404,307.949,1.269,72.533,7.487,9.687,9.76,403.633,1042.208,1688.323,2169.516,2827.176,3310.710,581.415,30.099,-1.173,,1.269,23:54:42
HFC_391.wav,83.168,84.98,82.08,102.842,72.797,30.045,37.342,108.151,87.065,3.029,28.744490011146134,323.979,608.926,1245.147,311.542,1.651,50.001,9.995,5.002,12.24,406.915,1037.180,1652.758,2084.390,2706.070,3240.994,566.816,30.874,-1.101,,1.651,23:54:44
HFC_392.wav,87.070,97.03,95.09,105.888,72.098,33.790,13.960,116.042,84.859,2.297,36.93622726998523,311.361,464.143,1307.326,300.653,1.523,51.721,9.846,5.253,11.43,347.630,981.749,1635.978,2073.316,2742.459,3292.790,589.032,29.710,-1.553,,1.523,23:54:48
HFC_393.wav,86.969,102.28,77.02,104.735,72.292,32.443,26.403,57.940,46.122,2.988,15.436857304285995,346.104,504.098,1281.678,398.461,2.845,43.694,10.369,4.214,17.67,365.280,996.604,1625.254,2083.252,2753.583,3337.912,594.526,29.435,-1.631,,2.845,23:54:50
HFC_394.wav,87.712,70.60,102.71,102.708,70.509,32.199,98.614,47.963,31.182,1.361,22.90764420967155,304.615,757.097,1626.800,290.190,1.102,32.755,12.251,2.674,9.03,349.452,1122.803,1635.980,2142.125,2748.812,3330.309,596.171,29.354,-1.167,,1.102,23:55:03
HFC_395.wav,90.027,72.40,105.04,105.040,72.404,32.636,94.373,61.947,57.302,2.180,26.28872236477997,340.053,868.095,1981.601,356.499,0.918,49.510,10.899,4.543,6.61,369.601,1189.124,1691.415,2238.602,2793.143,3315.238,589.127,29.705,-1.309,,0.918,23:55:08
HFC_396.wav,89.086,100.73,97.54,106.521,75.716,30.805,39.524,107.361,102.938,5.663,18.177327094076475,335.836,509.804,1811.880,342.012,1.589,79.506,11.011,7.220,8.07,356.694,997.478,1718.008,2149.654,2754.588,3274.503,583.562,29.988,-2.222,,1.589,23:55:27
HFC_397.wav,101.803,90.06,97.33,107.319,90.058,17.261,77.360,57.128,55.353,5.250,10.542992982233592,310.153,343.975,505.790,315.868,1.238,58.909,10.904,5.402,11.43,335.992,800.471,1436.793,2037.021,2662.094,3285.721,589.946,29.664,-0.377,,1.238,23:55:30
HFC_398.wav,84.492,94.45,79.80,105.209,72.191,33.018,62.676,85.978,60.814,2.892,21.025432948398667,317.856,452.013,1528.853,316.079,1.383,59.600,8.316,7.167,9.82,371.096,1059.901,1716.946,2083.361,2760.878,3211.982,568.177,30.800,-1.438,,1.383,23:55:36
HFC_399.wav,81.451,106.27,85.42,106.273,72.608,33.665,9.326,51.994,40.789,4.047,10.079349118433383,340.442,486.955,1638.699,336.238,1.730,62.369,15.609,3.996,8.01,362.447,1062.928,1652.783,2117.181,2754.843,3243.243,576.159,30.374,-1.748,,1.730,23:55:41
HFC_40.wav,93.955,101.05,102.04,109.134,72.052,37.082,38.389,54.251,49.235,3.179,15.486055717636793,390.399,629.899,1078.162,624.075,4.403,51.651,10.560,4.891,12.51,440.082,986.258,1600.418,2123.582,2707.705,3294.264,570.837,30.657,-1.295,,4.403,23:31:49
HFC_400.wav,78.580,104.74,91.40,104.740,71.414,33.326,3.462,41.563,38.133,1.663,22.93595405492617,317.614,523.738,1506.527,295.356,2.406,39.555,8.521,4.642,13.54,378.687,981.875,1622.258,2099.543,2725.345,3243.251,572.913,30.546,-1.306,,2.406,23:55:47
HFC_401.wav,98.291,104.24,84.10,108.668,74.855,33.813,44.855,111.857,87.279,1.499,58.24242295918296,321.012,362.417,723.310,323.406,1.001,79.229,6.993,11.329,13.89,340.745,1042.339,1593.916,2069.199,2735.213,3273.671,586.585,29.834,-1.096,,1.001,23:55:49
HFC_402.wav,94.377,93.92,73.27,102.762,73.271,29.491,79.128,84.801,80.502,3.782,21.284235622750924,295.833,329.496,450.890,315.067,1.190,42.400,10.926,3.881,14.63,324.825,837.052,1458.097,2045.419,2648.441,3309.600,596.955,29.315,-0.429,,1.190,23:55:54
HFC_403.wav,92.944,90.75,90.50,105.275,84.124,21.151,17.054,50.558,41.304,1.986,20.79326079728446,360.220,377.554,424.654,363.640,1.510,63.741,6.290,10.133,16.50,371.331,892.108,1493.173,2033.276,2697.724,3226.268,570.987,30.649,-0.776,,1.510,23:55:55
HFC_404.wav,100.170,101.03,103.72,108.638,80.886,27.751,86.942,62.136,53.595,1.682,31.865843515333214,304.926,339.055,495.266,308.760,2.081,35.336,9.851,3.587,16.61,312.462,829.544,1409.989,2057.793,2634.930,3232.152,583.938,29.969,-0.589,,2.081,23:55:57
HFC_405.wav,93.926,105.37,82.07,107.974,82.066,25.907,56.905,84.457,67.141,3.476,19.314251739518177,309.202,391.802,810.452,318.644,3.021,55.089,10.760,5.120,11.09,336.881,931.280,1506.878,2065.679,2697.545,3239.600,580.544,30.144,-1.273,,3.021,23:56:00
HFC_406.wav,84.541,103.74,79.12,107.502,72.659,34.843,62.683,78.966,56.421,2.753,20.49725723451699,315.805,387.241,762.719,321.361,2.906,60.231,7.570,7.957,11.57,342.946,920.251,1524.006,2039.799,2728.126,3240.591,579.529,30.197,-1.321,,2.906,23:56:03
HFC_407.wav,85.709,105.13,87.04,105.132,70.428,34.704,2.335,67.375,59.156,4.983,11.872612477577272,293.523,472.447,1316.144,270.347,1.405,45.704,8.542,5.351,13.85,330.056,931.084,1638.348,2070.322,2739.658,3191.311,572.251,30.581,-1.586,,1.405,23:56:10
HFC_408.wav,87.575,105.33,103.40,105.330,75.153,30.176,11.643,115.190,84.681,3.964,21.35999123144072,355.431,462.729,1520.807,359.991,1.387,75.210,9.010,8.347,9.77,353.695,994.521,1664.676,2037.123,2685.259,3218.752,573.011,30.540,-1.980,,1.387,23:56:14
HFC_409.wav,91.321,86.25,74.65,103.792,74.588,29.205,36.843,94.882,60.476,2.141,28.249999642948552,359.770,671.601,1476.318,359.265,1.168,64.684,12.844,5.036,9.82,389.397,1069.556,1663.184,2138.336,2715.676,3217.635,565.648,30.938,-1.365,,1.168,23:56:16
HFC_41.wav,94.517,100.67,102.44,104.568,76.180,28.388,47.625,66.671,56.885,4.881,11.654544234561163,500.908,666.861,1302.875,614.635,1.844,59.701,12.473,4.786,11.02,480.479,1054.001,1608.942,2172.632,2796.540,3273.801,558.664,31.325,-1.595,,1.844,23:31:54
HFC_410.wav,94.909,88.38,94.58,100.541,86.656,13.885,35.265,54.165,35.907,2.953,12.16086889451373,384.677,482.492,1563.807,375.512,1.185,76.303,6.749,11.306,15.89,375.573,1004.807,1661.002,2043.105,2712.764,3237.661,572.418,30.572,-2.120,,1.185,23:56:18
HFC_411.wav,93.863,102.95,80.36,102.949,80.359,22.590,4.975,113.148,102.196,3.654,27.966871213074793,377.626,669.663,1283.479,383.251,0.821,39.403,9.135,4.313,11.62,419.170,1075.142,1492.144,2052.582,2628.508,3202.330,556.632,31.439,-1.175,,0.821,23:56:22
HFC_412.wav,84.055,91.76,85.33,105.087,70.884,34.203,9.162,104.687,99.274,4.291,23.1331028995294,330.349,731.557,1494.678,378.671,1.515,34.717,8.253,4.207,14.16,404.746,1104.492,1604.707,2065.909,2650.453,3170.405,553.132,31.638,-1.262,,1.515,23:56:25
HFC_413.wav,81.041,103.31,73.66,103.309,71.784,31.525,4.027,56.651,52.413,3.609,14.522471295338486,321.281,526.430,1399.568,372.116,1.247,49.858,9.624,5.180,14.56,353.017,1003.081,1597.450,2035.992,2670.957,3184.891,566.375,30.898,-1.618,,1.247,23:56:27
HFC_414.wav,90.569,92.99,87.17,105.111,76.820,28.291,25.531,89.005,60.385,1.770,34.11039835660667,342.593,386.449,676.729,348.992,0.847,87.821,11.212,7.833,12.58,350.635,946.000,1633.539,2116.608,2627.233,3239.813,577.836,30.285,-1.117,,0.847,23:56:48
HFC_415.wav,96.850,71.51,103.22,108.682,71.506,37.176,76.665,69.963,61.802,4.051,15.254664711575796,297.135,404.913,1005.592,317.026,1.111,67.675,12.604,5.369,7.68,358.157,926.275,1487.779,2069.577,2760.276,3386.850,605.739,28.890,-1.216,,1.111,23:56:51
HFC_416.wav,88.444,96.18,83.37,104.450,74.217,30.233,4.310,116.899,114.789,4.711,24.367728067530933,269.452,362.026,734.403,292.709,1.804,63.029,12.470,5.055,5.11,371.182,985.683,1553.370,2125.334,2849.167,3413.388,608.441,28.762,-0.280,,1.804,23:56:53
HFC_417.wav,84.394,84.60,75.03,104.502,74.071,30.431,34.034,79.036,69.478,3.175,21.885445347584387,313.910,391.410,1267.644,311.548,1.260,45.921,6.746,6.807,16.63,344.653,960.363,1594.294,1984.228,2626.691,3136.277,558.325,31.344,-1.942,,1.260,23:56:56
HFC_418.wav,97.287,84.26,97.84,104.202,84.257,19.946,66.064,48.412,25.443,0.506,50.26630702346185,391.402,501.153,1691.919,387.757,0.988,76.827,7.592,10.119,15.15,384.583,1062.749,1616.113,2082.629,2577.053,3279.107,578.905,30.229,-2.162,,0.988,23:56:58
HFC_419.wav,80.782,77.04,73.17,86.080,73.166,12.915,39.808,74.435,71.482,6.327,11.297690249827166,189.536,403.206,1474.241,354.088,0.790,36.558,8.225,4.445,2.02,353.340,1124.669,1694.459,2227.818,2764.180,3297.227,588.777,29.723,-1.834,,0.790,23:57:18
HFC_42.wav,87.051,85.30,88.20,107.343,73.361,33.982,25.011,71.365,68.328,2.052,33.297308524775985,316.231,523.699,1232.864,310.580,1.949,38.501,9.491,4.057,14.96,338.663,996.455,1604.122,2112.841,2723.541,3300.187,592.305,29.546,-1.596,,1.949,23:31:58
HFC_420.wav,83.957,73.41,80.42,102.114,72.576,29.539,90.844,42.123,41.027,3.716,11.041457676418897,334.549,414.837,775.556,378.358,2.691,49.350,10.961,4.502,8.44,359.101,892.112,1634.968,2087.890,2727.271,3250.413,578.262,30.263,-1.298,,2.691,23:57:19
HFC_421.wav,83.727,79.27,74.76,98.490,73.880,24.609,58.695,124.464,80.739,2.149,37.574268233228686,329.215,551.585,1642.807,366.399,0.698,51.783,9.311,5.561,4.48,384.145,1092.513,1620.832,2134.911,2725.550,3244.168,572.005,30.594,-1.594,,0.698,23:57:32
HFC_422.wav,80.311,84.10,77.06,100.935,71.678,29.257,77.029,46.282,43.888,2.080,21.09838408993537,325.784,482.635,1623.531,389.060,1.923,46.502,11.961,3.888,3.63,388.983,1080.435,1648.369,2123.195,2744.801,3263.813,574.966,30.437,-1.463,,1.923,23:57:33
HFC_423.wav,80.437,74.71,74.54,84.178,74.535,9.642,24.077,25.677,25.064,3.762,6.662233147061479,310.781,477.595,1519.616,370.626,1.462,44.072,12.654,3.483,3.00,373.855,1035.743,1602.816,2046.354,2700.749,3202.082,565.645,30.938,-1.459,,1.462,23:57:36
HFC_424.wav,91.978,73.62,76.82,104.112,73.615,30.497,81.841,47.974,27.428,2.666,10.287052177738811,368.006,426.264,667.448,395.185,1.313,44.901,7.618,5.894,11.42,403.185,1001.623,1681.936,2191.554,2937.877,3359.907,591.344,29.594,-1.322,,1.313,23:57:39
HFC_425.wav,76.075,77.73,83.67,83.674,71.221,12.454,96.421,49.015,21.846,1.857,11.764913798712655,224.955,448.658,1232.444,400.868,0.808,24.114,11.141,2.164,3.97,408.434,978.390,1636.446,2050.995,2784.169,3218.680,562.049,31.136,-1.296,,0.808,23:59:11
HFC_426.wav,75.521,74.72,80.99,84.341,70.805,13.536,93.513,55.860,46.799,3.223,14.519279175208595,215.100,687.894,1865.316,341.832,0.931,30.704,10.207,3.008,1.72,365.549,1079.122,1681.674,2107.293,2746.249,3117.974,550.485,31.790,-1.545,,0.931,23:59:12
HFC_427.wav,81.278,76.56,79.28,97.318,71.111,26.206,92.386,72.603,71.224,3.936,18.09434486151781,297.534,477.002,1515.568,342.402,1.905,54.122,12.858,4.209,3.85,377.580,1011.040,1598.710,2018.969,2729.625,3192.093,562.903,31.089,-1.537,,1.905,23:59:16
HFC_428.wav,85.882,92.12,98.32,106.612,70.335,36.277,86.388,272.253,231.290,49.962,4.629333158848022,325.738,499.840,1565.106,398.619,2.292,62.646,12.654,4.951,5.32,369.423,1060.313,1571.614,2041.884,2730.599,3154.844,557.084,31.414,-1.435,unvoiced,2.292,23:59:19
HFC_429.wav,81.901,78.71,79.46,98.151,73.850,24.300,56.210,85.665,83.330,4.484,18.584601345151015,360.588,438.289,1256.678,372.966,1.115,75.098,8.071,9.305,6.67,370.927,1063.092,1619.733,2059.481,2811.254,3246.710,575.157,30.426,-1.817,,1.115,23:59:22
HFC_43.wav,80.806,78.89,80.62,96.106,71.598,24.508,35.791,81.547,42.635,2.101,20.290281924850404,284.972,421.582,1042.990,274.368,1.190,53.314,10.086,5.286,14.37,325.817,983.206,1597.063,2026.712,2699.325,3204.519,575.740,30.396,-1.199,,1.190,23:32:00
HFC_430.wav,82.647,83.09,93.20,96.192,72.463,23.729,35.026,78.290,75.721,5.942,12.743458750884052,288.868,350.057,783.001,293.491,1.010,35.802,11.389,3.144,10.76,324.049,958.006,1577.779,2034.073,2661.174,3192.222,573.635,30.507,-1.453,,1.010,23:59:35
HFC_431.wav,89.821,105.26,85.63,105.257,81.268,23.989,1.165,71.552,63.629,4.791,13.279946187081002,316.457,454.216,1319.309,384.452,1.357,47.862,8.477,5.646,8.81,355.935,998.856,1598.141,2018.596,2640.854,3146.890,558.191,31.351,-1.443,,1.357,23:59:39
HFC_432.wav,93.274,92.13,98.45,104.952,79.568,25.383,13.500,77.284,70.371,2.862,24.592305160262576,330.420,437.348,1236.084,372.314,1.747,57.274,10.301,5.560,10.65,362.010,1037.093,1621.672,2042.099,2629.850,3119.608,551.520,31.731,-1.761,,1.747,23:59:49
HFC_433.wav,83.255,88.26,104.71,105.134,72.013,33.121,17.067,96.478,83.473,3.120,26.75204060895542,303.521,701.720,1791.536,297.047,1.282,62.487,8.971,6.966,7.69,391.372,1045.711,1611.724,2131.706,2720.945,3211.845,564.095,31.023,-1.183,,1.282,23:59:53
HFC_44.wav,83.179,104.95,100.22,105.328,71.415,33.913,5.537,100.818,86.957,3.208,27.105547474212514,300.033,419.747,882.939,287.052,1.247,66.722,6.817,9.787,13.34,362.051,955.654,1589.077,1976.030,2600.543,3181.821,563.954,31.031,-1.127,,1.247,23:32:03
HFC_45.wav,97.543,88.24,78.75,109.123,78.753,30.370,75.364,111.542,108.008,1.597,67.65090145310181,300.177,427.812,1620.744,318.172,0.940,62.883,7.451,8.440,11.18,314.841,1031.186,1633.515,2102.417,2648.244,3225.107,582.053,30.066,-2.047,,0.940,23:32:07
HFC_46.wav,87.490,79.38,78.68,105.820,78.681,27.139,10.583,75.924,74.092,4.371,16.9490495628269,325.952,411.187,1193.973,354.072,2.173,67.041,10.353,6.475,11.20,342.628,928.292,1636.251,2123.685,2746.100,3312.338,593.942,29.464,-2.216,,2.173,23:32:17
HFC_47.wav,82.460,85.27,79.96,100.749,72.094,28.655,9.724,69.208,65.011,2.662,24.419268432632883,318.710,519.446,1536.453,311.318,1.690,55.940,9.170,6.100,13.20,345.893,1047.090,1679.465,2115.753,2687.928,3226.665,576.154,30.374,-1.536,,1.690,23:32:21
HFC_48.wav,97.847,89.86,79.61,106.907,79.614,27.293,64.817,90.375,39.481,1.145,34.49362733633336,338.073,903.310,1977.814,313.978,0.874,53.683,5.151,10.422,8.04,357.444,1040.230,1731.312,2135.759,2760.290,3248.299,578.171,30.268,-1.388,,0.874,23:32:24
HFC_49.wav,100.498,77.35,107.90,109.008,77.350,31.658,57.883,123.095,113.300,4.582,24.729310636178145,311.824,387.092,1467.871,326.595,0.764,86.409,8.509,10.155,10.76,304.038,1086.256,1672.906,2109.501,2714.255,3327.056,604.604,28.945,-2.280,,0.764,23:32:28
HFC_50.wav,91.720,82.49,91.20,106.388,72.439,33.948,75.540,75.114,64.747,3.568,18.148766438791228,292.610,476.812,1024.014,298.509,1.822,51.939,10.154,5.115,9.85,416.059,986.501,1571.429,2047.027,2711.816,3253.412,567.471,30.839,-1.118,,1.822,23:32:30
HFC_51.wav,87.146,79.19,97.15,109.747,70.335,39.412,3.115,155.618,128.524,40.476,3.175290559343367,363.572,486.499,1460.256,390.039,3.249,61.526,11.235,5.476,12.75,384.493,1047.854,1606.703,2042.033,2686.505,3212.673,565.636,30.939,-1.701,unvoiced,3.249,23:32:32
HFC_52.wav,89.607,80.42,84.48,108.986,72.110,36.876,47.236,87.449,78.821,2.264,34.81720104456725,337.901,520.767,1054.961,312.412,2.871,51.841,12.016,4.314,9.07,421.127,1053.523,1674.452,2131.095,2752.567,3270.544,569.883,30.708,-1.242,,2.871,23:32:35
HFC_53.wav,93.604,100.14,79.98,106.235,79.977,26.258,21.669,71.145,66.374,2.624,25.293752462143182,336.300,444.818,1440.077,354.874,0.953,73.877,6.823,10.828,12.37,340.471,1105.793,1580.691,2076.647,2681.769,3254.283,582.763,30.029,-1.659,,0.953,23:32:38
HFC_54.wav,92.045,100.90,105.09,105.360,75.802,29.558,79.723,93.204,73.434,3.052,24.058702563075347,353.595,468.028,1340.006,301.453,2.621,54.129,12.972,4.173,8.22,371.058,1019.124,1609.430,2075.216,2690.724,3211.470,568.082,30.805,-1.705,,2.621,23:32:39
HFC_55.wav,96.639,87.69,88.78,103.122,80.426,22.696,42.764,136.136,113.440,28.996,3.9123097249998686,352.112,435.761,982.226,393.880,1.431,56.494,10.830,5.217,12.08,375.436,978.506,1545.778,1946.350,2590.342,3111.455,547.204,31.981,-1.339,unvoiced,1.431,23:32:42
HFC_56.wav,83.821,85.97,89.00,109.734,70.881,38.854,10.199,190.664,126.010,30.794,4.0920679079836555,292.901,485.059,1349.874,300.655,2.046,51.673,10.020,5.157,11.76,370.903,1014.243,1630.917,2153.808,2700.978,3238.138,573.447,30.517,-1.290,unvoiced,2.046,23:32:44
HFC_57.wav,93.044,105.91,87.61,108.884,76.954,31.930,87.496,81.969,72.320,4.263,16.963834354400255,319.976,498.121,1558.779,384.623,1.642,42.900,11.876,3.612,9.51,339.914,1050.484,1634.363,2059.957,2654.696,3119.728,555.963,31.477,-1.693,,1.642,23:32:47
HFC_58.wav,92.708,81.59,76.62,109.860,76.623,33.236,26.209,182.378,86.684,10.386,8.346150149943558,384.344,471.672,1265.382,394.290,1.396,66.940,7.521,8.901,16.24,379.794,1014.374,1565.829,2002.707,2603.627,3097.005,543.442,32.202,-1.727,unvoiced,1.396,23:32:50
HFC_59.wav,98.911,107.29,82.97,107.286,80.336,26.950,6.611,48.104,38.403,2.986,12.859489356457676,389.052,444.114,761.914,390.865,3.683,55.243,8.145,6.783,18.39,388.287,882.395,1478.185,2009.906,2610.558,3188.716,560.086,31.245,-1.416,,3.683,23:32:52
HFC_60.wav,93.102,89.39,85.87,107.228,79.226,28.002,58.174,65.052,56.449,3.814,14.80214288617387,332.131,417.328,827.090,322.970,2.884,65.826,11.961,5.503,9.13,383.782,860.002,1477.336,1996.573,2575.059,3175.749,558.393,31.340,-1.217,,2.884,23:32:58
HFC_61.wav,93.738,96.37,101.65,107.960,75.710,32.250,82.844,58.158,51.718,3.588,14.412743745951323,357.254,427.974,711.783,319.128,5.852,59.100,9.056,6.526,12.10,384.955,899.269,1540.303,2032.092,2606.087,3222.150,567.439,30.840,-1.307,,5.852,23:33:01
HFC_62.wav,83.542,84.61,87.40,96.193,72.812,23.381,92.364,54.699,49.188,3.615,13.604798755016256,328.853,492.897,1548.058,315.933,2.213,57.008,9.717,5.867,13.09,348.405,1055.962,1668.336,2097.180,2680.069,3208.881,572.095,30.589,-1.761,,2.213,23:33:07
HFC_63.wav,89.786,97.54,75.83,109.440,70.335,39.105,55.360,272.566,246.623,44.548,5.536084783592995,320.946,450.222,945.108,308.709,5.298,66.174,12.930,5.118,8.73,393.502,969.870,1565.555,2063.779,2676.441,3230.399,567.379,30.844,-1.279,unvoiced,5.298,23:33:10
HFC_64.wav,87.462,83.15,88.54,94.948,76.453,18.495,22.157,49.657,30.536,1.015,30.088713196649838,304.959,358.560,529.591,318.425,1.478,49.423,6.766,7.305,21.97,356.314,869.487,1470.043,2147.191,2591.904,3155.169,559.771,31.263,-0.499,,1.478,23:33:15
HFC_65.wav,85.855,102.84,76.68,109.777,70.335,39.442,6.755,208.475,180.523,42.638,4.233813380234482,346.296,431.468,986.810,387.381,2.709,66.205,9.783,6.767,10.66,375.926,971.465,1626.153,2059.885,2646.148,3219.985,568.812,30.766,-1.651,unvoiced,2.709,23:33:17
HFC_66.wav,95.452,79.06,101.03,107.942,78.124,29.819,87.961,52.253,47.940,2.479,19.342326205098736,385.406,510.805,898.374,382.352,4.035,54.309,8.303,6.541,17.82,415.694,918.239,1577.144,2055.824,2650.990,3237.532,564.368,31.008,-1.862,,4.035,23:33:20
HFC_67.wav,90.072,80.42,83.45,104.344,74.270,30.074,34.911,89.687,77.984,3.545,21.999846072716615,325.918,449.918,930.180,314.123,2.821,46.373,12.938,3.584,8.74,384.487,950.845,1551.251,2059.502,2665.989,3276.151,578.333,30.259,-1.323,,2.821,23:33:24
HFC_68.wav,85.944,80.45,75.14,104.099,71.144,32.955,9.670,75.992,71.986,4.130,17.431895450249762,341.774,553.199,1475.672,342.470,2.300,77.970,12.389,6.294,7.51,360.116,1051.508,1647.653,2073.953,2702.384,3174.762,562.929,31.087,-1.536,,2.301,23:33:26
HFC_69.wav,91.790,83.03,70.46,102.563,70.463,32.100,80.448,120.832,28.949,29.598,0.9780952250028574,391.808,426.016,615.446,397.342,1.554,54.291,10.617,5.114,16.33,382.904,944.112,1493.982,1979.831,2569.418,3117.848,546.989,31.993,-1.083,unvoiced,1.554,23:33:29
HFC_70.wav,83.699,104.42,93.22,104.588,72.596,31.993,4.378,62.062,54.789,3.143,17.432073948378317,298.769,395.728,943.566,308.816,2.704,64.272,10.538,6.099,14.31,358.501,928.605,1557.645,2052.041,2652.693,3212.791,570.858,30.656,-1.321,,2.704,23:33:31
HFC_71.wav,80.175,82.54,77.45,100.684,70.335,30.350,29.663,170.450,81.963,28.472,2.8787131692638708,356.914,474.107,1374.980,397.290,1.387,82.050,10.091,8.131,11.77,375.591,1004.523,1610.197,1986.597,2611.900,3133.470,551.576,31.727,-1.608,unvoiced,1.387,23:33:35
HFC_72.wav,90.732,104.11,91.09,104.109,71.637,32.471,1.876,106.235,98.489,5.074,19.409690353645267,364.043,570.680,1524.712,391.117,1.774,68.116,10.430,6.531,9.80,387.253,1053.569,1590.869,2015.093,2655.512,3129.634,548.476,31.907,-1.462,,1.774,23:33:37
HFC_73.wav,96.205,85.58,104.19,109.759,76.701,33.058,23.573,151.008,74.909,21.011,3.56518444457612,388.074,484.724,1363.074,397.939,1.642,74.173,7.308,10.149,16.20,384.597,1021.679,1532.297,2043.846,2508.514,3117.301,546.541,32.020,-1.627,unvoiced,1.642,23:33:40
HFC_74.wav,100.599,86.31,100.08,105.895,86.313,19.583,59.506,28.414,21.244,1.068,19.89729537965407,406.419,424.988,494.697,400.698,1.405,71.687,6.762,10.601,23.24,394.857,858.012,1482.937,1976.967,2494.983,3086.107,538.250,32.513,-1.464,,1.405,23:33:43
HFC_75.wav,96.225,84.23,92.21,104.180,83.711,20.469,77.984,46.267,32.676,3.643,8.969837586660091,298.189,381.649,567.987,391.925,2.608,59.503,11.504,5.172,15.65,339.973,834.964,1527.559,2065.603,2586.663,3120.626,556.131,31.467,-0.928,,2.608,23:33:45
HFC_76.wav,82.858,79.51,97.07,98.317,71.712,26.605,85.972,90.080,71.615,3.285,21.799138700069438,302.284,331.987,418.631,309.862,0.913,58.822,6.023,9.766,21.79,336.709,995.496,1593.568,2143.269,2768.379,3355.937,603.846,28.981,-0.638,,0.913,23:33:48
HFC_77.wav,94.431,81.97,94.62,101.920,79.399,22.521,52.298,77.920,48.248,2.507,19.24560790508208,383.134,414.166,594.030,383.775,1.396,72.877,10.028,7.268,19.91,376.554,937.724,1471.882,2020.277,2504.619,3136.978,552.085,31.698,-0.994,,1.396,23:33:49
HFC_78.wav,94.153,102.54,97.01,109.893,70.990,38.902,32.795,205.270,152.332,62.049,2.455053607145228,343.064,463.537,1273.579,351.764,1.910,53.558,9.687,5.529,10.76,353.800,985.113,1535.622,2022.511,2504.245,3137.547,556.749,31.432,-1.693,unvoiced,1.910,23:33:52
HFC_79.wav,85.758,103.81,104.38,106.903,70.442,36.461,5.040,70.607,69.208,3.769,18.36061954057015,276.594,375.476,943.977,273.956,1.857,68.249,8.616,7.922,15.61,322.781,801.164,1461.342,2056.985,2650.363,3186.527,572.749,30.554,-0.723,,1.857,23:33:54
HFC_80.wav,81.185,90.11,74.83,102.272,72.828,29.443,16.348,40.931,32.877,2.109,15.588826081526115,323.841,529.723,1528.005,310.767,1.897,51.882,10.281,5.046,11.09,378.711,1036.061,1650.094,2160.811,2741.929,3267.716,577.801,30.287,-1.223,,1.897,23:33:55
HFC_81.wav,87.401,98.62,79.10,107.222,72.302,34.920,11.862,100.189,92.064,5.185,17.754424744904075,333.500,541.922,1562.214,332.365,2.603,54.672,12.099,4.519,5.31,387.968,1070.486,1622.529,2129.017,2794.061,3298.662,582.139,30.062,-1.625,,2.603,23:33:59
HFC_82.wav,84.106,102.16,101.31,103.450,72.172,31.278,4.628,84.549,70.978,3.894,18.229443507580292,293.958,362.272,717.944,292.277,1.027,84.028,9.247,9.087,12.70,348.491,957.325,1569.076,1992.830,2730.365,3230.506,576.403,30.361,-0.845,,1.027,23:34:05
HFC_83.wav,94.770,102.77,100.42,109.966,77.360,32.606,4.835,168.536,110.216,17.749,6.2097761299851975,366.013,485.184,1352.523,404.120,1.352,74.546,10.354,7.200,13.03,373.758,954.086,1592.922,2000.040,2689.559,3193.233,563.895,31.034,-1.757,unvoiced,1.352,23:34:07
HFC_84.wav,93.207,87.05,79.18,106.336,78.231,28.105,19.997,84.011,82.565,4.434,18.622650507200802,326.549,524.847,1607.476,362.701,1.804,64.493,9.975,6.465,10.10,367.922,1032.575,1709.479,2200.296,2790.256,3297.713,585.958,29.866,-1.455,,1.804,23:34:09
HFC_85.wav,98.100,92.29,97.80,101.336,85.631,15.705,62.173,33.778,32.951,4.919,6.699155193975755,360.924,412.501,592.836,385.883,1.321,43.589,12.486,3.491,14.51,392.783,858.664,1594.730,2214.057,2888.876,3454.761,612.396,28.576,-0.199,,1.321,23:34:14
HFC_86.wav,88.572,77.93,88.42,97.924,76.424,21.500,80.190,68.253,64.413,6.180,10.422898807643195,337.809,500.404,1629.777,369.208,1.133,52.072,9.711,5.362,11.11,359.820,971.580,1652.865,2005.839,2664.135,3166.101,561.256,31.180,-1.982,,1.133,23:34:16
HFC_87.wav,85.537,109.81,90.81,110.000,70.335,39.665,10.675,277.223,165.997,32.115,5.168776140279136,353.241,595.860,1639.202,316.776,1.853,55.957,12.684,4.412,4.94,389.244,1027.132,1693.079,2097.706,2732.388,3218.593,565.870,30.926,-1.513,unvoiced,1.853,23:34:17
HFC_88.wav,93.019,108.60,87.96,109.860,70.335,39.525,2.332,292.278,244.113,44.756,5.454284054610945,343.456,501.952,1343.232,317.159,2.502,52.450,15.785,3.323,5.83,380.313,1063.907,1614.653,2071.580,2672.207,3212.770,566.491,30.892,-1.505,unvoiced,2.502,23:34:20
HFC_89.wav,82.215,85.56,90.11,103.690,73.094,30.596,10.161,78.238,73.582,3.504,20.998060694137713,325.521,721.371,1642.373,294.611,1.427,52.582,8.060,6.524,11.96,415.812,1066.831,1672.566,2149.149,2759.911,3236.079,564.053,31.025,-1.138,,1.427,23:34:25
HFC_90.wav,93.467,81.94,98.87,109.947,79.240,30.708,7.100,171.860,63.430,9.455,6.708731758705754,386.140,996.909,1952.091,301.428,2.327,38.629,8.380,4.609,11.73,395.660,1069.898,1671.054,2098.934,2731.068,3212.530,563.374,31.063,-1.099,unvoiced,2.327,23:34:27
HFC_91.wav,81.880,82.58,97.91,103.717,71.489,32.228,10.272,89.232,79.336,3.654,21.71123522795126,356.731,890.566,2004.588,290.945,1.642,46.903,10.049,4.667,8.01,394.367,1101.301,1675.235,2148.130,2809.387,3235.769,568.280,30.795,-1.123,,1.642,23:34:30
HFC_92.wav,81.366,93.50,97.79,100.195,72.070,28.125,6.071,63.018,55.687,2.224,25.03503662814401,351.895,671.362,1457.218,299.458,2.248,41.801,10.899,3.835,12.60,370.897,1003.776,1572.971,2010.968,2688.680,3189.181,563.657,31.047,-1.282,,2.248,23:34:32
HFC_93.wav,78.306,91.27,75.47,98.365,71.955,26.409,7.356,61.077,46.040,2.725,16.898192090489818,365.173,569.387,1510.311,365.800,1.835,34.423,11.171,3.082,8.68,380.923,1057.158,1606.537,2106.566,2746.153,3218.336,567.482,30.838,-1.421,,1.835,23:34:35
HFC_94.wav,80.745,105.45,78.77,105.452,72.091,33.361,2.499,62.932,54.134,2.415,22.419745101038213,345.762,573.644,1494.678,299.116,2.485,37.382,10.664,3.505,15.81,381.144,989.701,1552.385,2006.725,2684.042,3190.018,561.775,31.151,-1.672,,2.485,23:34:39
HFC_95.wav,85.090,83.28,90.88,103.278,71.060,32.218,91.411,58.645,55.446,3.427,16.180648810565366,347.443,614.865,1463.615,386.129,2.481,42.862,12.296,3.486,11.13,368.278,1035.142,1638.369,2107.088,2707.393,3194.017,565.148,30.965,-1.435,,2.481,23:34:42
HFC_96.wav,82.796,84.24,97.95,104.277,71.165,33.112,34.641,82.517,78.139,5.216,14.979938254456192,331.157,465.887,1269.062,381.799,2.300,47.723,9.128,5.228,11.39,367.902,1007.900,1592.526,2065.001,2695.496,3236.459,573.711,30.503,-1.545,,2.301,23:34:44
HFC_97.wav,96.079,92.87,96.47,104.028,85.436,18.591,77.756,68.619,46.077,2.086,22.090390061268543,383.621,543.767,1566.171,382.270,1.199,73.699,5.423,13.589,17.50,387.408,1052.548,1612.475,2052.442,2742.197,3203.406,563.199,31.072,-1.737,,1.199,23:34:47
HFC_98.wav,80.242,97.28,77.57,106.293,71.277,35.017,9.831,68.216,61.167,3.237,18.898545512203032,324.025,547.486,1426.270,293.615,2.472,46.814,10.317,4.538,14.87,365.598,1029.909,1635.477,2104.389,2735.879,3267.937,580.468,30.148,-1.442,,2.472,23:34:49
HFC_99.wav,82.979,97.84,99.16,104.175,71.149,33.026,27.550,82.864,75.154,3.068,24.498354169396897,298.688,421.874,1025.635,335.708,1.304,55.209,6.519,8.469,13.41,353.081,977.584,1554.472,1955.262,2595.363,3173.905,564.165,31.019,-1.283,,1.304,23:34:52
LFC_01.wav,85.545,99.29,77.27,99.290,76.292,22.998,1.341,48.037,46.502,3.796,12.249322587293266,328.844,525.874,1761.370,358.705,1.185,47.315,11.811,4.006,2.80,375.349,1112.344,1685.420,2144.539,2825.925,3333.931,591.716,29.575,-1.287,,1.185,23:31:19
LFC_02.wav,86.319,89.77,104.16,104.156,78.320,25.836,98.997,47.565,45.869,4.267,10.750364343869617,324.404,450.014,1510.960,361.924,1.523,45.317,12.800,3.540,6.48,385.885,1065.784,1599.293,2161.955,2853.427,3443.607,611.544,28.616,-1.439,,1.523,23:34:37
LFC_03.wav,88.622,79.82,103.31,109.376,70.461,38.916,94.950,115.388,95.473,32.539,2.934065392655557,325.500,381.767,647.057,350.183,1.629,70.782,9.823,7.206,12.36,351.064,704.118,1430.067,2004.760,2806.536,3522.842,634.356,27.587,-0.055,unvoiced,1.629,23:35:20
LFC_04.wav,82.383,83.45,83.69,109.356,73.606,35.750,4.256,156.861,126.526,67.165,1.8838163944296489,240.879,332.501,1026.488,248.811,1.280,38.935,7.029,5.539,9.67,296.238,944.151,1516.674,2033.689,2768.410,3430.080,626.768,27.921,-1.329,unvoiced,1.280,23:52:42
