file, Mean F0 (Hz),Start F0 (Hz),End F0 (Hz),Max F0 (Hz),Min F0 (Hz),Range F0 (Hz),Time max F0 (%),F0 Abs Slope,F0 var (Hz/s),FM Rate (s-1),FM Extent (Hz),Q25% (Hz),Q50% (Hz),Q75% (Hz),Fpeak (Hz),Sound duration (s), AM var (dB/s), AM rate (s-1), AM extent (dB),Harmonicity, F1 mean (Hz),F2 mean (Hz),F3 mean (Hz),F4 mean (Hz),F5 mean (Hz),F6 mean (Hz),formant dispersal (Hz),vocal tract length (cm),mean wiener entropy,Comment,Duration(s),Start
HFC_01.wav,99.406,87.28,101.66,104.321,87.277,17.045,59.542,38.724,36.442,2.090,17.439508004042963,263.394,584.457,3887.503,299.480,0.957,47.397,8.881,5.337,8.69,332.286,1005.515,1547.753,2199.019,3026.397,3537.366,641.016,27.300,-2.924,,0.957,21:02:04
HFC_02.wav,102.498,97.69,76.23,106.741,76.229,30.512,62.324,57.866,12.437,1.659,7.498585726116308,315.367,373.285,1125.901,315.605,0.904,63.714,6.081,10.477,17.95,330.038,1090.632,1688.339,2154.925,2936.175,3467.360,627.464,27.890,-2.203,,0.904,21:02:11
HFC_03.wav,86.023,78.17,103.04,104.209,76.024,28.184,90.808,59.580,42.796,0.754,56.74115026297221,324.102,475.369,4039.790,318.631,0.663,58.156,6.034,9.638,10.62,329.446,1123.765,1719.534,2292.502,3017.962,3577.955,649.702,26.935,-3.483,,0.663,21:02:30
HFC_04.wav,86.224,85.45,89.17,105.272,78.259,27.013,17.938,84.726,51.366,3.741,13.731077515634802,286.912,547.090,1532.939,340.558,1.203,54.475,6.650,8.191,15.28,335.735,1025.197,1703.679,2150.588,2835.036,3291.247,591.102,29.606,-1.594,,1.203,21:02:32
HFC_05.wav,86.060,80.45,81.01,94.483,80.446,14.037,82.757,52.766,13.291,2.712,4.901320583130442,338.145,437.016,2052.008,333.607,0.738,67.347,4.068,16.557,14.38,340.574,1184.152,1729.104,2267.225,2875.954,3465.177,624.921,28.004,-2.695,,0.738,21:02:34
HFC_06.wav,88.784,103.65,87.87,107.530,79.687,27.843,18.961,52.293,37.630,3.213,11.711606539155904,323.195,481.000,1673.924,338.434,1.401,74.921,6.426,11.659,19.10,343.853,1085.291,1688.756,2048.694,2764.886,3261.903,583.610,29.986,-2.263,,1.401,21:02:36
HFC_07.wav,95.054,83.07,85.29,107.818,83.072,24.746,74.766,60.395,22.033,0.000,--undefined--,324.162,534.694,2239.995,318.003,1.115,73.904,4.932,14.984,12.52,341.060,1186.501,1729.873,2172.271,2788.719,3275.153,586.819,29.822,-1.895,,1.115,21:02:38
HFC_08.wav,91.613,101.03,86.18,106.449,78.180,28.269,8.065,69.638,59.576,4.309,13.82523426443756,337.276,540.953,1800.914,353.600,1.624,49.096,4.001,12.270,20.26,355.113,1133.151,1710.254,2148.292,2864.207,3278.390,584.655,29.932,-2.037,,1.624,21:02:40
HFC_09.wav,91.351,105.08,86.46,107.221,77.207,30.014,10.149,58.302,47.735,2.770,17.231397358691613,357.495,484.358,1682.336,354.632,1.624,63.382,5.541,11.440,19.31,354.222,1080.947,1650.604,2016.526,2648.900,3209.275,571.011,30.647,-2.207,,1.624,21:02:43
HFC_10.wav,89.022,105.89,87.73,105.894,82.550,23.344,12.008,54.243,36.684,2.503,14.655888008195172,348.251,425.515,1486.621,346.507,1.199,66.695,7.509,8.882,15.86,348.975,1072.079,1674.965,2096.551,2781.702,3293.161,588.837,29.720,-2.446,,1.199,21:02:46
HFC_100.wav,83.187,88.10,76.15,102.661,71.450,31.211,35.268,86.179,34.340,1.930,17.78977585417422,366.236,421.635,1084.151,361.377,2.072,56.044,7.962,7.038,11.34,407.672,1033.392,1722.613,2171.938,2855.570,3317.972,582.060,30.066,-1.511,,2.072,21:10:38
HFC_101.wav,88.711,91.04,94.03,103.070,70.662,32.408,49.675,97.695,68.469,3.481,19.66783217166275,330.821,525.319,1376.698,268.970,1.005,53.702,4.973,10.798,17.21,373.889,1031.307,1590.951,2073.512,2652.977,3226.245,570.471,30.676,-1.206,,1.005,21:10:42
HFC_102.wav,96.120,96.53,95.87,106.369,78.779,27.590,48.033,134.053,114.489,4.049,28.273839440829608,341.872,812.237,1399.775,376.867,0.988,48.230,10.629,4.537,10.33,452.192,1065.449,1610.523,2143.509,2752.344,3240.776,557.717,31.378,-0.927,,0.988,21:10:43
HFC_103.wav,92.664,85.78,83.99,107.482,83.628,23.854,29.197,50.003,37.364,4.477,8.345534671199568,346.387,522.791,1448.060,366.781,1.787,42.871,10.353,4.141,9.46,362.368,1028.851,1694.990,2020.226,2726.886,3161.375,559.801,31.261,-1.620,,1.787,21:10:44
HFC_104.wav,87.436,87.34,77.17,103.160,71.956,31.204,39.140,81.209,79.112,4.537,17.435608904490856,342.545,747.704,1553.442,362.582,2.204,41.464,8.394,4.940,11.60,407.127,1071.192,1646.067,2058.709,2753.964,3282.945,575.164,30.426,-1.205,,2.204,21:10:46
HFC_105.wav,89.157,80.59,90.93,106.436,78.182,28.254,30.539,69.363,55.100,2.077,26.528933519559555,355.221,441.505,1467.350,351.130,1.444,73.783,8.654,8.526,15.16,355.781,1027.265,1696.769,2111.989,2757.135,3269.309,582.706,30.032,-2.188,,1.444,21:10:51
HFC_106.wav,89.810,78.66,79.99,100.582,78.656,21.926,71.381,100.450,66.536,3.708,17.944333768581682,320.134,694.264,1402.454,366.717,0.944,66.220,7.416,8.930,12.79,417.320,1076.000,1638.667,2124.801,2769.281,3264.371,569.410,30.734,-0.940,,0.944,21:10:55
HFC_107.wav,92.710,96.78,94.79,105.050,73.212,31.838,56.422,126.348,110.200,4.988,22.093728461965455,339.522,657.221,1511.429,366.514,1.203,72.144,7.066,10.210,10.98,465.626,1103.077,1672.612,2072.920,2787.879,3242.363,555.347,31.512,-1.176,,1.203,21:10:57
HFC_108.wav,88.335,98.62,91.62,106.676,71.948,34.728,11.094,157.550,131.706,4.218,31.224166877047765,298.172,541.494,1310.273,285.117,1.185,59.476,8.014,7.421,12.21,357.928,1003.829,1589.499,1981.605,2646.887,3219.876,572.390,30.574,-1.250,,1.185,21:10:59
HFC_109.wav,87.249,89.26,91.39,106.409,70.556,35.853,10.690,107.131,89.229,4.710,18.946065893536744,339.732,604.595,1453.125,365.173,1.168,54.404,6.422,8.471,11.54,404.136,1047.305,1603.438,1990.315,2736.994,3197.415,558.656,31.325,-1.335,,1.168,21:11:01
HFC_11.wav,90.975,78.75,83.56,107.699,78.748,28.952,53.078,53.614,42.548,1.120,37.98266018058829,338.157,415.977,1709.592,335.443,1.339,68.766,4.107,16.742,17.09,343.155,1122.994,1713.490,2214.584,2754.726,3280.379,587.445,29.790,-2.533,,1.339,21:02:48
HFC_110.wav,86.753,95.91,75.55,104.739,71.000,33.739,30.841,84.462,64.903,3.593,18.062981044139075,339.533,599.604,1638.126,353.744,3.201,54.135,9.530,5.681,12.24,375.428,1119.935,1689.828,2062.473,2829.944,3317.763,588.467,29.738,-1.404,,3.201,21:11:03
HFC_111.wav,94.938,83.90,86.16,105.807,81.136,24.671,61.569,105.951,94.807,5.618,16.87644602270647,391.789,909.138,1987.763,368.948,0.979,63.432,10.725,5.915,8.26,432.700,1091.177,1673.721,2173.600,2795.481,3280.709,569.602,30.723,-1.147,,0.979,21:11:06
HFC_112.wav,90.653,83.49,76.32,106.565,72.442,34.124,33.256,142.620,89.473,2.795,32.01459114162204,345.545,566.530,1438.219,352.502,1.431,78.411,10.131,7.740,9.08,367.891,1067.379,1559.521,1989.563,2688.417,3204.086,567.239,30.851,-1.679,,1.431,21:11:07
HFC_113.wav,94.191,104.68,84.44,104.683,81.196,23.488,8.182,82.182,54.531,2.847,19.15274790788186,347.881,439.178,1190.705,363.562,1.405,69.005,7.474,9.233,18.12,375.697,995.016,1542.678,1938.510,2678.242,3179.320,560.725,31.210,-1.649,,1.405,21:11:09
HFC_114.wav,89.092,87.49,91.41,108.338,83.313,25.026,10.968,33.113,30.907,3.906,7.912898926070754,338.390,399.643,1300.118,337.904,2.432,43.295,7.195,6.017,23.49,350.414,1124.631,1626.214,2051.361,2677.588,3246.657,579.249,30.212,-2.380,,2.432,21:11:11
HFC_115.wav,93.002,97.57,88.84,104.492,76.567,27.926,14.374,98.442,75.920,3.635,20.887256170741782,335.395,499.570,1269.333,348.920,1.238,73.588,6.866,10.718,16.43,348.697,1019.693,1603.691,1993.132,2742.395,3282.658,586.792,29.823,-1.885,,1.238,21:11:15
HFC_116.wav,90.883,102.17,96.38,102.616,73.482,29.134,51.897,113.405,99.426,5.220,19.04764717871893,331.107,566.007,1403.094,354.808,1.054,55.403,7.118,7.784,15.10,384.272,1065.043,1559.621,1947.742,2656.362,3192.916,561.729,31.154,-1.312,,1.054,21:11:17
HFC_117.wav,94.899,100.55,89.03,105.289,85.625,19.664,11.600,52.780,39.160,1.924,20.355820665839282,369.202,405.605,623.176,365.034,1.300,65.518,8.849,7.404,18.81,370.562,976.339,1507.537,1995.375,2726.468,3219.045,569.697,30.718,-1.344,,1.300,21:11:18
HFC_118.wav,83.358,84.83,77.20,101.767,70.906,30.861,86.365,100.642,56.058,3.520,15.924871214245206,353.123,616.835,1509.087,366.415,2.415,46.330,11.182,4.143,12.08,396.659,1109.394,1626.498,2034.882,2754.563,3250.553,570.779,30.660,-1.152,,2.415,21:11:25
HFC_119.wav,88.452,86.77,89.54,104.214,73.972,30.242,39.614,136.411,70.804,2.373,29.842189712872056,356.323,727.454,1437.247,352.301,0.843,72.193,6.525,11.064,6.86,400.943,1071.183,1676.987,2195.061,2804.670,3304.627,580.737,30.134,-1.191,,0.843,21:11:30
HFC_12.wav,86.775,90.45,82.22,95.841,76.790,19.051,24.151,71.878,23.258,2.891,8.045993684114354,344.211,452.137,1911.255,338.438,0.865,88.622,7.516,11.792,16.52,351.350,1096.160,1686.506,2147.915,2799.246,3313.366,592.403,29.541,-2.270,,0.865,21:02:52
HFC_120.wav,88.428,90.47,73.41,101.112,73.406,27.706,62.963,131.005,66.487,2.791,23.819095378968875,428.191,870.086,1841.414,372.156,0.896,79.763,8.374,9.525,8.07,438.427,1024.735,1681.207,2158.096,2729.441,3273.515,567.018,30.863,-1.158,,0.896,21:11:32
HFC_121.wav,96.328,78.91,96.48,103.531,78.905,24.625,50.283,56.427,35.750,1.150,31.07702259171877,388.026,671.736,1602.712,380.600,1.304,60.700,5.752,10.553,15.64,404.655,1005.329,1651.822,2107.562,2655.964,3211.542,561.377,31.173,-1.540,,1.304,21:11:33
HFC_122.wav,89.582,77.28,78.68,98.856,73.852,25.003,59.511,72.188,37.027,1.402,26.416084091375403,385.797,469.962,1359.393,372.741,1.427,75.279,7.709,9.765,18.78,382.721,984.461,1632.011,2095.983,2697.720,3223.154,568.087,30.805,-1.878,,1.427,21:11:35
HFC_123.wav,90.693,80.18,78.44,106.885,78.437,28.448,32.998,66.137,37.061,2.272,16.311285670899892,360.645,667.341,1745.453,356.227,1.760,48.285,8.236,5.863,15.18,400.466,1054.931,1719.866,2230.662,2807.655,3233.830,566.673,30.882,-1.505,,1.761,21:11:37
HFC_124.wav,88.787,86.49,77.21,104.075,77.214,26.861,90.456,61.075,25.517,4.613,5.531396927841735,331.380,492.653,1525.412,358.555,1.734,69.263,10.091,6.864,14.29,357.333,1079.347,1647.752,2140.808,2752.493,3266.725,581.878,30.075,-1.825,,1.734,21:11:43
HFC_125.wav,95.806,100.67,80.00,103.510,73.920,29.589,60.094,73.762,63.468,2.888,21.973125849667834,372.096,680.649,1658.919,381.862,1.212,48.983,8.665,5.653,13.88,392.767,1116.667,1644.269,2139.166,2696.121,3201.204,561.687,31.156,-1.393,,1.212,21:11:45
HFC_126.wav,92.512,88.03,84.97,108.850,81.482,27.368,55.205,97.457,77.297,3.701,20.883208940764806,325.462,442.350,1588.085,326.438,1.756,57.372,6.549,8.761,15.82,336.681,1128.684,1655.872,2051.389,2626.844,3194.134,571.491,30.622,-1.826,,1.756,21:11:47
HFC_127.wav,90.152,83.07,88.79,104.560,76.747,27.813,28.733,100.764,85.801,3.294,26.045509575055462,353.133,489.707,1438.932,350.557,1.062,83.143,9.883,8.413,11.93,366.294,1062.460,1641.123,2143.865,2712.946,3267.810,580.303,30.157,-1.687,,1.062,21:11:55
HFC_128.wav,90.618,79.62,85.62,105.903,79.623,26.281,28.054,43.639,37.539,3.212,11.688598903623397,359.499,462.500,1414.051,354.496,2.024,64.171,8.646,7.422,16.57,363.693,1041.581,1631.429,2049.493,2684.645,3191.726,565.606,30.940,-1.940,,2.024,21:11:58
HFC_129.wav,86.440,87.92,78.65,106.412,71.907,34.504,50.116,64.212,48.755,3.400,14.341400196440304,311.888,419.228,1307.997,321.334,2.647,51.509,8.499,6.061,15.57,371.319,1021.664,1645.956,2094.487,2717.494,3276.430,581.022,30.119,-1.405,,2.647,21:12:01
HFC_13.wav,90.605,98.21,78.98,103.977,78.984,24.993,10.678,95.782,74.554,3.969,18.782762262453875,329.797,595.433,1649.744,349.521,1.638,65.421,8.855,7.388,9.62,389.026,1069.100,1663.608,2113.206,2691.271,3216.946,565.584,30.941,-1.647,,1.638,21:02:54
HFC_130.wav,81.201,84.01,85.38,100.225,72.028,28.197,92.534,60.493,44.496,4.176,10.655552835897852,312.749,451.180,1514.641,316.351,2.634,51.322,11.199,4.583,14.57,345.889,1080.025,1672.689,2071.728,2708.562,3269.068,584.636,29.933,-1.917,,2.634,21:12:06
HFC_131.wav,90.015,79.06,88.01,106.591,79.061,27.530,47.374,62.673,48.671,2.394,20.329874558398405,354.177,521.425,1730.714,348.124,1.462,70.918,9.918,7.150,10.90,355.707,1100.412,1733.317,2157.104,2769.264,3301.318,589.122,29.705,-1.882,,1.462,21:12:11
HFC_132.wav,90.752,91.04,93.87,107.475,77.835,29.640,56.454,52.464,33.215,2.680,12.394952187767796,352.078,535.065,1780.025,354.176,2.985,41.479,9.212,4.503,15.08,372.207,1111.006,1768.934,2176.040,2836.747,3392.175,603.993,28.974,-1.601,,2.985,21:12:13
HFC_133.wav,93.375,106.30,74.02,106.302,74.020,32.282,14.512,78.544,40.984,1.911,21.447930509291304,310.589,664.768,1691.316,357.478,1.308,48.636,3.440,14.140,11.41,419.815,1077.388,1691.890,2175.850,2820.676,3267.948,569.627,30.722,-1.253,,1.308,21:12:29
HFC_134.wav,93.658,76.43,78.52,108.573,76.427,32.146,24.833,80.233,64.621,2.793,23.137364520715632,320.165,629.128,1600.538,376.871,1.611,39.790,7.758,5.129,12.04,355.245,1053.809,1662.578,2084.195,2812.001,3320.301,593.011,29.510,-1.242,,1.611,21:12:33
HFC_135.wav,90.186,77.62,78.64,107.642,74.104,33.538,32.227,67.146,65.174,2.456,26.53238433863693,319.284,597.854,1705.401,330.224,2.239,49.859,8.709,5.725,11.73,351.414,1155.168,1657.714,2061.961,2778.826,3263.425,582.402,30.048,-1.445,,2.239,21:12:37
HFC_136.wav,88.324,101.61,87.14,106.364,77.337,29.026,18.792,57.950,36.929,3.024,12.21365201970171,330.458,546.985,1676.831,347.086,1.488,61.217,10.751,5.694,13.24,345.045,1027.314,1668.493,2045.589,2692.190,3226.767,576.344,30.364,-1.740,,1.488,21:12:41
HFC_137.wav,95.397,83.33,96.44,103.594,83.329,20.265,74.429,56.591,40.164,2.605,15.416254900866091,376.380,538.059,1628.433,373.325,1.343,72.208,7.816,9.239,17.90,387.172,1122.902,1597.152,2111.110,2723.147,3298.386,582.243,30.056,-1.754,,1.343,21:12:43
HFC_138.wav,85.754,106.81,84.42,106.807,76.416,30.391,4.784,68.948,57.655,5.781,9.973073945397664,321.403,576.868,1809.164,314.303,1.730,48.931,10.695,4.575,9.81,351.863,1075.382,1640.859,2080.102,2698.628,3201.111,569.849,30.710,-1.597,,1.730,21:12:45
HFC_139.wav,88.676,93.79,80.45,104.302,80.445,23.856,8.616,68.211,59.974,4.923,12.18218795808742,309.636,636.482,1603.386,258.231,1.523,52.102,6.892,7.559,15.83,354.961,1040.234,1630.894,1997.193,2671.830,3161.094,561.227,31.182,-1.573,,1.523,21:12:48
HFC_14.wav,93.377,86.08,83.16,106.552,77.106,29.446,84.973,92.932,83.559,4.828,17.30654500854033,327.791,497.325,1663.580,345.277,1.760,65.253,10.508,6.210,11.88,348.201,1079.153,1649.773,2059.257,2743.528,3192.258,568.811,30.766,-1.876,,1.761,21:02:56
HFC_140.wav,90.617,104.70,77.06,104.705,77.057,27.647,7.579,60.559,44.959,3.493,12.869547536733574,291.170,667.723,1543.182,265.724,1.431,57.258,4.541,12.608,15.30,329.359,1001.513,1642.364,2044.398,2667.746,3184.110,570.950,30.651,-1.581,,1.431,21:12:51
HFC_141.wav,82.917,97.35,83.45,100.341,72.190,28.151,3.565,55.972,48.476,3.761,12.887729575370003,338.376,504.399,1645.319,309.229,2.393,54.427,8.150,6.678,13.84,347.116,1071.781,1689.578,2059.705,2692.231,3244.302,579.437,30.202,-1.998,,2.393,21:12:54
HFC_142.wav,89.301,81.91,78.80,104.430,76.740,27.690,13.165,120.864,109.965,3.796,28.966574467505513,356.360,641.130,1644.055,372.703,2.239,58.831,7.816,7.527,13.41,380.906,1071.199,1680.129,2133.884,2680.799,3189.770,561.773,31.151,-1.573,,2.239,21:12:56
HFC_143.wav,90.607,81.25,88.17,105.351,72.342,33.009,33.751,102.196,69.736,1.917,36.371493333690324,346.693,723.471,1634.262,356.801,1.304,68.351,8.820,7.750,10.95,384.900,1015.571,1719.901,2220.572,2690.533,3213.914,565.803,30.930,-1.602,,1.304,21:13:04
HFC_144.wav,84.119,88.19,96.40,105.032,72.395,32.637,19.244,53.663,35.550,2.806,12.669766020545874,311.871,503.387,1505.053,302.867,3.029,51.476,10.729,4.798,13.88,346.286,1099.351,1674.554,1990.132,2675.736,3186.443,568.031,30.808,-1.757,,3.029,21:13:06
HFC_145.wav,89.756,83.48,82.95,105.894,80.313,25.581,33.314,78.002,51.091,2.415,21.159761029536142,346.832,690.314,1673.802,350.724,1.242,53.617,7.646,7.012,11.10,377.644,1027.789,1741.375,2244.899,2709.417,3201.868,564.845,30.982,-1.533,,1.242,21:13:22
HFC_146.wav,93.424,82.93,99.46,107.689,82.925,24.764,27.079,68.561,66.787,3.268,20.437085248992524,338.348,596.413,1750.311,343.260,3.060,56.823,9.150,6.210,11.72,366.635,1063.891,1702.386,2114.451,2820.480,3238.189,574.311,30.471,-1.517,,3.060,21:13:26
HFC_147.wav,85.836,91.09,85.03,105.636,71.305,34.331,22.552,71.690,63.081,3.432,18.37921474734458,307.075,554.367,1571.622,305.200,1.602,66.976,7.176,9.333,12.48,346.020,1024.075,1740.628,2230.243,2832.108,3337.998,598.396,29.245,-1.604,,1.602,21:13:31
HFC_148.wav,84.961,105.26,83.82,106.296,75.005,31.291,85.526,91.692,28.244,1.154,24.46889291171546,324.303,441.245,1703.016,325.243,1.300,59.609,7.310,8.154,8.43,347.805,1044.211,1683.974,2236.669,2760.002,3237.935,578.026,30.275,-2.110,,1.300,21:13:34
HFC_149.wav,90.315,93.23,81.51,97.040,81.445,15.595,47.860,42.897,16.543,1.808,9.151286869486094,339.239,706.012,1587.881,360.476,0.830,61.696,4.218,14.626,13.28,383.184,1035.391,1616.292,2117.700,2695.819,3161.276,555.618,31.496,-1.255,,0.830,21:13:36
HFC_15.wav,91.292,82.00,97.57,108.132,82.002,26.130,40.199,52.078,36.696,2.489,14.741291697613221,339.806,403.909,1549.932,337.091,1.607,60.199,5.290,11.380,18.55,344.140,1144.009,1725.900,2165.664,2738.896,3227.874,576.747,30.343,-2.826,,1.607,21:03:00
HFC_150.wav,91.467,97.72,94.87,104.340,70.594,33.746,18.426,105.456,63.390,2.159,29.36054065531276,384.348,493.363,1410.067,388.113,1.853,49.631,11.605,4.277,12.83,390.862,1025.783,1652.307,2094.665,2688.870,3156.803,553.188,31.635,-1.840,,1.853,21:13:37
HFC_151.wav,93.227,72.11,74.71,104.035,72.114,31.922,46.581,64.294,53.908,4.174,12.915483993350538,331.048,441.749,1262.095,378.899,2.516,61.991,7.553,8.208,20.14,359.634,1032.828,1603.385,2032.118,2774.172,3243.348,576.743,30.343,-2.106,,2.516,21:13:39
HFC_152.wav,84.371,100.69,82.35,107.075,70.545,36.530,10.504,95.926,84.151,3.017,27.89286243145982,313.443,690.713,1465.992,391.850,1.326,43.441,6.411,6.776,16.85,383.683,1032.586,1612.590,2009.130,2656.474,3194.127,562.089,31.134,-1.103,,1.326,21:13:45
HFC_153.wav,85.653,97.74,101.40,105.756,73.398,32.357,14.756,82.146,58.402,3.325,17.56357568958785,316.993,521.524,1617.288,313.609,1.804,65.656,8.590,7.643,7.33,364.438,1070.010,1718.426,2179.531,2790.172,3289.743,585.061,29.911,-1.534,,1.804,21:13:47
HFC_154.wav,86.809,104.36,75.20,104.358,75.197,29.160,4.684,58.813,43.766,4.642,9.428006538703677,339.592,822.755,1526.465,281.470,1.616,56.879,13.927,4.084,6.27,466.282,1055.405,1644.575,2093.506,2705.729,3245.185,555.781,31.487,-0.931,,1.616,21:13:50
HFC_155.wav,95.969,98.26,94.19,107.315,71.609,35.706,10.996,152.043,36.368,15.363,2.3672593796814287,337.361,745.070,1423.512,373.012,1.497,54.864,8.349,6.571,11.33,420.160,1042.715,1593.718,2056.631,2746.601,3271.167,570.201,30.691,-0.958,unvoiced,1.497,21:13:52
HFC_156.wav,93.763,101.48,92.02,102.686,78.472,24.214,32.111,74.014,63.834,3.110,20.528283879527542,326.236,559.707,1295.570,371.326,1.286,44.364,6.608,6.714,15.81,383.291,987.358,1559.798,1946.888,2672.654,3249.926,573.327,30.524,-1.157,,1.286,21:13:54
HFC_157.wav,90.142,97.95,96.28,109.705,70.335,39.370,5.048,150.451,82.751,22.055,3.75205257141026,305.480,455.010,1290.804,304.014,2.630,36.808,11.788,3.122,13.02,368.276,988.986,1650.623,2120.558,2777.385,3275.756,581.496,30.095,-1.493,unvoiced,2.630,21:13:55
HFC_158.wav,85.298,97.97,89.88,105.977,70.880,35.097,8.384,74.550,65.945,5.407,12.196145874632391,307.031,572.869,1403.099,351.356,1.480,52.715,9.124,5.777,14.92,388.507,1025.141,1595.285,1983.612,2704.523,3251.694,572.637,30.560,-1.262,,1.480,21:13:59
HFC_159.wav,94.411,97.03,77.28,103.722,75.721,28.001,9.367,77.828,66.574,3.914,17.01056799768178,337.259,686.074,1247.914,341.617,1.278,51.601,8.219,6.279,12.53,428.518,979.080,1592.338,2000.089,2664.052,3263.078,566.912,30.869,-0.957,,1.278,21:14:01
HFC_16.wav,92.301,92.49,106.51,108.765,81.248,27.516,20.755,89.739,71.896,3.743,19.209360346932822,332.537,422.569,1534.675,338.091,1.870,48.326,9.892,4.886,12.38,349.579,1113.506,1625.562,2073.816,2776.222,3241.825,578.449,30.253,-1.528,,1.870,21:03:05
HFC_160.wav,84.087,102.09,88.93,104.082,71.421,32.660,8.593,73.499,60.055,2.920,20.565374383356623,301.007,555.709,1349.859,288.958,1.541,43.810,8.761,5.001,14.38,372.921,1016.975,1598.013,2034.694,2636.618,3182.541,561.924,31.143,-0.883,,1.541,21:14:18
HFC_161.wav,84.040,87.93,102.03,102.027,73.483,28.544,93.774,73.220,19.189,1.446,13.268764837662673,309.279,506.945,1432.908,305.923,1.383,49.142,6.146,7.995,16.03,369.289,1108.660,1637.518,2088.178,2756.189,3268.000,579.742,30.186,-1.234,,1.383,21:14:26
HFC_162.wav,86.327,77.25,71.13,98.009,71.131,26.878,44.570,42.157,34.038,1.078,31.58056182036982,286.750,570.577,1985.955,291.353,1.392,43.467,7.545,5.761,9.11,347.270,1125.776,1679.539,2205.941,2932.261,3392.085,608.963,28.737,-1.312,,1.392,21:14:32
HFC_163.wav,90.613,73.63,96.63,97.875,73.629,24.246,49.516,42.422,39.658,1.681,23.59185316399808,289.661,861.047,1754.734,284.358,1.190,42.987,7.144,6.017,9.05,350.246,1171.496,1688.844,2136.891,2718.258,3325.903,595.131,29.405,-1.019,,1.190,21:14:33
HFC_164.wav,81.539,94.99,75.89,100.958,75.894,25.064,36.209,51.659,38.406,4.840,7.9346133071800224,318.169,557.762,1335.606,321.193,1.756,58.091,9.965,5.829,7.91,359.260,986.865,1661.699,2123.938,2676.749,3185.847,565.317,30.956,-1.216,,1.756,21:14:41
HFC_165.wav,95.400,84.70,76.55,106.413,72.726,33.687,49.500,127.323,99.180,2.819,35.18266640276612,420.460,946.420,1771.777,384.051,1.774,56.510,9.303,6.075,13.54,420.428,1112.655,1645.235,2102.889,2677.587,3179.184,551.751,31.717,-1.286,,1.774,21:14:44
HFC_166.wav,92.259,106.17,102.12,107.863,86.371,21.492,17.149,57.326,30.448,2.859,10.649471482104317,330.803,533.318,1725.868,343.882,1.049,61.278,4.765,12.859,15.14,353.386,1126.339,1661.755,2095.285,2790.736,3237.933,576.910,30.334,-1.491,,1.049,21:14:46
HFC_167.wav,83.314,85.11,75.67,105.193,71.343,33.850,76.960,66.895,46.519,3.211,14.488525810313753,329.771,577.218,1316.123,344.940,2.647,56.905,7.932,7.174,12.94,359.051,995.753,1695.531,2111.760,2676.231,3208.016,569.793,30.713,-1.204,,2.647,21:14:48
HFC_168.wav,95.283,90.80,79.29,109.006,79.289,29.717,59.984,114.948,107.288,2.797,38.35475401309642,324.863,362.434,700.692,322.675,1.251,58.133,5.195,11.190,18.30,317.303,1022.364,1610.378,2015.008,2657.198,3249.859,586.511,29.837,-1.316,,1.251,21:14:52
HFC_169.wav,95.591,93.48,76.08,103.201,76.078,27.123,67.218,108.150,60.399,3.164,19.09243556075025,372.785,711.611,1502.401,361.692,1.264,66.154,7.513,8.805,14.88,411.492,1042.200,1698.553,2099.870,2691.724,3198.755,557.453,31.393,-1.429,,1.264,21:14:54
HFC_17.wav,91.640,95.52,86.90,105.005,85.243,19.761,8.634,44.838,37.404,3.219,11.618238186757232,276.827,351.352,811.199,278.192,1.242,55.974,8.049,6.954,14.75,312.221,923.782,1513.043,1911.522,2565.028,3225.177,582.591,30.038,-1.393,,1.242,21:03:07
HFC_170.wav,95.883,90.84,92.35,103.690,86.800,16.891,12.057,34.633,26.732,3.451,7.74582097961602,386.040,443.693,1269.786,372.620,1.883,49.233,5.044,9.761,24.40,379.404,950.927,1692.760,2080.571,2751.523,3187.024,561.524,31.165,-2.270,,1.883,21:14:56
HFC_171.wav,95.949,81.64,92.03,103.832,81.644,22.188,67.260,79.674,62.849,3.421,18.368829504792814,377.331,832.499,1508.239,377.533,1.023,70.412,10.264,6.860,12.49,403.101,1033.171,1668.437,2070.603,2720.901,3221.463,563.672,31.046,-1.471,,1.023,21:15:03
HFC_172.wav,97.925,97.57,98.23,102.655,85.768,16.887,57.946,44.023,31.902,2.614,12.205241139456003,385.422,495.577,1441.615,379.695,1.339,72.605,6.348,11.438,20.71,384.771,990.724,1659.944,2085.839,2724.608,3196.306,562.307,31.122,-1.897,,1.339,21:15:05
HFC_173.wav,89.022,96.67,96.22,103.217,76.344,26.874,51.801,61.537,34.376,1.784,19.267263429151896,370.760,483.937,1529.529,383.094,1.681,61.405,10.110,6.074,10.28,360.152,1017.974,1680.531,2089.214,2779.197,3266.740,581.318,30.104,-1.971,,1.681,21:15:07
HFC_174.wav,91.799,85.47,94.34,105.387,85.466,19.921,33.370,56.134,32.435,0.710,45.710103460094075,369.346,440.312,1318.090,365.492,1.409,68.865,6.386,10.783,19.73,368.205,1026.225,1716.271,2105.772,2785.273,3202.819,566.923,30.868,-1.940,,1.409,21:15:09
HFC_175.wav,91.310,83.82,71.67,107.144,71.667,35.477,43.531,55.989,38.162,1.032,36.970934171752326,359.380,475.707,1672.232,351.166,1.453,60.057,7.225,8.312,15.83,366.746,1059.595,1738.321,2145.875,2816.098,3303.544,587.360,29.794,-2.038,,1.453,21:15:19
HFC_176.wav,93.331,84.20,95.08,103.978,84.198,19.780,26.911,44.720,32.060,0.890,36.03304915013937,376.993,416.330,838.912,365.828,1.686,57.395,7.415,7.741,23.99,370.547,995.670,1691.222,2135.693,2778.464,3220.223,569.935,30.705,-2.317,,1.686,21:15:22
HFC_177.wav,91.616,83.74,94.64,107.016,83.741,23.276,50.361,69.921,38.195,1.139,33.53765697442475,347.581,663.522,1746.601,347.091,1.317,64.276,7.972,8.063,10.85,382.111,1061.655,1731.983,2161.456,2758.489,3187.765,561.131,31.187,-1.526,,1.317,21:15:26
HFC_178.wav,91.433,81.62,87.59,103.028,81.617,21.411,43.984,56.433,36.635,1.796,20.394534864236164,377.025,907.334,2067.439,364.643,1.392,60.250,8.982,6.708,9.97,379.870,1145.716,1724.895,2213.397,2877.692,3300.487,584.123,29.959,-1.381,,1.392,21:15:29
HFC_179.wav,94.869,93.86,91.63,108.324,84.923,23.401,37.788,68.440,58.418,3.037,19.23503993317766,324.853,411.388,1342.864,342.076,0.988,65.580,9.111,7.198,13.16,333.116,1083.023,1600.632,2091.298,2750.846,3331.768,599.730,29.180,-1.821,,0.988,21:15:31
HFC_18.wav,92.034,86.67,89.63,105.452,85.247,20.206,33.028,55.147,43.175,1.261,34.24558936130134,352.653,524.656,1850.058,347.235,1.190,56.654,7.144,7.930,16.02,352.930,1064.226,1730.991,2103.197,2703.945,3149.272,559.268,31.291,-2.202,,1.190,21:03:09
HFC_180.wav,89.378,85.06,82.33,102.801,81.766,21.035,75.518,74.336,68.408,3.784,18.079943970943052,286.997,409.168,1099.101,372.822,1.321,53.655,7.946,6.753,13.67,331.555,951.496,1634.781,1966.045,2677.568,3216.527,576.994,30.330,-1.556,,1.321,21:15:40
HFC_181.wav,92.263,91.60,90.82,105.948,85.114,20.834,24.952,65.922,47.717,2.958,16.13106171932729,351.782,478.217,1579.121,345.173,1.014,86.472,6.409,13.492,14.77,357.872,1090.645,1504.266,1947.634,2670.576,3147.636,557.953,31.365,-1.892,,1.014,21:15:41
HFC_182.wav,94.465,83.33,95.34,100.858,83.326,17.533,26.689,44.823,30.486,2.208,13.80512270605796,385.860,419.781,689.902,373.915,1.585,62.189,7.887,7.885,20.35,373.332,997.447,1616.019,2013.807,2683.262,3184.760,562.286,31.123,-1.384,,1.585,21:15:43
HFC_183.wav,81.005,95.59,90.04,106.681,71.576,35.105,12.730,58.718,50.717,2.891,17.54570468231884,327.236,796.942,2075.700,284.313,1.730,40.250,8.383,4.802,12.50,361.749,1061.416,1671.609,2047.378,2812.398,3206.655,568.981,30.757,-1.213,,1.730,21:15:52
HFC_184.wav,82.450,100.51,85.11,107.082,71.551,35.531,16.107,65.640,40.672,2.362,17.22135181374023,308.320,704.229,1900.493,290.021,1.905,44.984,9.184,4.898,11.69,351.345,1025.146,1670.153,2148.639,2793.526,3274.648,584.661,29.932,-1.316,,1.905,21:16:01
HFC_185.wav,92.261,88.74,80.83,106.675,80.833,25.842,42.347,97.700,48.661,1.683,28.912662757435232,345.465,741.750,1822.189,334.661,0.891,71.949,6.171,11.659,9.86,357.926,1091.677,1685.422,2159.441,2775.375,3214.462,571.307,30.632,-1.559,,0.891,21:16:13
HFC_186.wav,96.549,98.49,96.57,103.151,81.265,21.887,61.153,67.984,41.619,2.649,15.713860437752597,392.235,635.942,1805.953,392.921,1.321,70.407,8.702,8.090,12.21,396.287,1095.431,1638.966,2150.529,2673.830,3209.070,562.557,31.108,-1.642,,1.321,21:16:15
HFC_187.wav,84.259,108.48,88.70,108.485,72.100,36.384,20.702,91.655,46.132,1.745,26.43035612641362,304.209,661.810,1534.420,290.493,1.146,55.146,6.545,8.425,10.45,356.934,1079.546,1661.495,2143.737,2728.281,3275.329,583.679,29.982,-1.159,,1.146,21:16:22
HFC_188.wav,93.163,98.36,75.24,108.257,75.242,33.014,12.333,81.312,77.861,2.444,31.85834110365126,346.815,451.459,1433.445,356.490,1.023,54.362,8.310,6.542,15.27,357.062,1041.552,1633.280,2056.082,2752.089,3301.592,588.906,29.716,-1.873,,1.023,21:16:24
HFC_189.wav,80.938,108.70,75.84,108.701,71.264,37.437,7.482,82.500,58.054,2.126,27.308108345425403,301.525,355.369,976.632,304.045,1.646,52.212,6.985,7.475,17.46,335.939,1100.808,1629.151,2241.459,2786.161,3389.376,610.687,28.656,-1.513,,1.646,21:16:34
HFC_19.wav,92.045,102.83,86.06,107.006,85.083,21.924,5.049,38.660,37.330,6.062,6.157543128117516,274.503,342.660,816.046,337.285,1.155,45.704,9.960,4.589,13.51,306.788,943.699,1538.402,1880.238,2580.989,3156.918,570.026,30.700,-1.787,,1.155,21:03:10
HFC_190.wav,83.316,97.29,72.15,107.021,71.385,35.636,16.055,79.024,63.036,2.718,23.191318464935055,301.723,505.775,1458.393,297.267,1.840,47.012,9.513,4.942,14.32,358.136,1101.729,1665.396,2275.271,2811.412,3342.792,596.931,29.317,-1.451,,1.840,21:16:42
HFC_191.wav,99.615,88.05,104.94,104.945,83.519,21.425,40.596,157.112,45.801,19.091,2.3991241679626505,317.457,760.511,1463.142,403.863,0.760,61.573,5.925,10.392,13.28,424.816,1104.737,1634.001,2159.067,2759.794,3277.522,570.541,30.673,-1.402,unvoiced,0.760,21:16:51
HFC_192.wav,87.785,91.75,78.70,100.708,71.610,29.098,40.329,78.920,30.523,2.416,12.634667370036945,315.817,717.928,1298.311,387.729,1.449,51.619,6.557,7.872,15.79,404.781,1085.678,1607.910,2036.636,2733.103,3204.426,559.929,31.254,-1.194,,1.449,21:16:52
HFC_193.wav,87.246,98.42,82.73,102.646,71.111,31.536,9.450,128.588,99.326,4.541,21.870679600502008,335.196,761.156,1382.319,369.403,1.431,58.769,8.734,6.729,10.43,419.239,1082.510,1615.399,2068.819,2766.921,3232.246,562.601,31.106,-1.231,,1.431,21:16:54
HFC_194.wav,83.260,99.76,94.05,100.958,70.578,30.380,5.862,113.111,92.152,3.874,23.78906068617686,314.519,609.819,1225.363,364.640,1.291,45.996,7.360,6.249,14.34,390.420,996.499,1573.303,1995.799,2719.195,3205.053,562.927,31.088,-1.325,,1.291,21:16:56
HFC_195.wav,88.949,93.22,92.68,101.506,71.978,29.528,77.518,51.070,39.030,2.454,15.907313100164508,356.581,445.126,1349.889,369.103,2.445,55.370,9.201,6.018,13.19,375.407,1072.717,1628.746,2116.782,2761.719,3247.221,574.363,30.469,-1.624,,2.445,21:16:58
HFC_196.wav,94.342,101.10,100.35,102.068,84.125,17.944,82.510,83.646,63.699,4.104,15.521080912586587,337.599,592.663,1375.208,356.917,0.975,96.332,7.182,13.413,10.20,362.632,1017.766,1605.759,2057.393,2866.555,3331.133,593.700,29.476,-1.545,,0.975,21:17:01
HFC_197.wav,92.194,85.35,89.08,101.158,81.681,19.476,81.801,74.098,49.032,2.672,18.351125490521454,316.114,485.536,1265.167,393.531,1.497,49.196,6.346,7.753,15.11,365.328,966.621,1608.717,2009.663,2682.182,3217.067,570.348,30.683,-1.204,,1.497,21:17:04
HFC_198.wav,94.597,93.06,86.92,103.887,82.584,21.303,18.491,75.051,45.229,3.361,13.458293627958025,348.348,731.984,1408.107,344.833,1.339,66.470,7.842,8.477,12.32,406.523,1024.026,1686.883,2114.484,2853.330,3361.932,591.082,29.607,-1.404,,1.339,21:17:06
HFC_199.wav,85.899,101.62,81.48,106.417,72.061,34.356,15.399,63.735,36.120,4.344,8.3140013001674,311.178,552.749,1530.434,312.233,1.611,59.386,9.620,6.173,10.09,382.720,1041.622,1671.322,2146.743,2754.050,3194.032,562.262,31.124,-1.340,,1.611,21:17:10
HFC_20.wav,91.658,80.28,75.87,103.499,75.868,27.631,23.986,49.648,42.738,2.190,19.51349819541512,362.033,406.200,793.655,350.295,1.598,56.345,5.006,11.255,20.65,361.081,1171.955,1728.450,2259.523,2871.312,3364.778,600.739,29.131,-2.391,,1.598,21:03:11
HFC_200.wav,91.139,95.98,84.23,106.977,80.732,26.245,16.649,77.037,63.820,3.120,20.453640923017566,342.575,607.128,1853.904,347.397,1.282,70.509,8.971,7.860,14.41,367.621,1200.118,1709.303,2144.323,2922.389,3362.290,598.934,29.219,-1.525,,1.282,21:17:11
HFC_201.wav,92.712,103.82,94.50,108.424,71.988,36.436,83.803,92.346,73.747,4.980,14.808946937729129,313.348,637.822,1576.811,339.420,2.309,54.647,9.527,5.736,7.76,400.749,1110.250,1670.407,2139.683,2816.913,3263.861,572.622,30.561,-1.157,,2.309,21:17:13
HFC_202.wav,91.283,91.23,86.76,105.319,82.560,22.759,31.042,84.913,54.792,2.509,21.842253350110887,355.852,482.271,1562.835,346.231,0.997,82.516,8.027,10.279,12.49,359.843,1097.486,1621.506,2183.117,2706.875,3241.089,576.249,30.369,-1.822,,0.997,21:17:37
HFC_203.wav,91.460,81.40,75.16,105.318,75.160,30.158,26.713,53.775,34.808,2.819,12.347601230265024,363.031,445.391,1527.345,355.423,1.774,51.743,7.048,7.342,19.42,361.202,1053.717,1566.923,2077.742,2625.611,3067.648,541.289,32.330,-2.214,,1.774,21:17:40
HFC_204.wav,80.029,103.48,83.81,103.483,72.325,31.158,9.326,63.974,38.594,4.034,9.566750659650749,303.955,745.934,1571.569,304.406,1.611,48.868,10.551,4.632,9.93,390.584,1091.933,1675.687,2128.447,2816.200,3326.843,587.252,29.800,-1.023,,1.611,21:17:44
HFC_205.wav,90.008,82.18,89.84,103.811,70.747,33.064,79.354,119.116,111.583,4.504,24.77417722657137,343.184,515.285,1205.254,401.045,1.554,56.098,8.686,6.458,13.01,412.675,837.014,1666.621,2099.669,2748.632,3186.700,554.805,31.543,-1.035,,1.554,21:18:05
HFC_206.wav,82.542,84.40,79.14,94.819,71.733,23.087,26.214,79.763,41.766,4.311,9.687591446736917,310.053,526.693,1400.437,308.720,1.392,50.430,10.419,4.840,13.30,361.629,1107.695,1640.642,2123.726,2661.392,3235.113,574.697,30.451,-1.283,,1.392,21:18:09
HFC_207.wav,85.920,79.51,85.38,92.024,79.514,12.510,75.663,57.362,23.533,3.366,6.991141406418696,284.823,505.998,1699.311,249.756,0.891,60.178,5.610,10.726,15.39,330.272,1043.176,1657.501,2150.848,2741.883,3270.526,588.051,29.759,-1.612,,0.891,21:18:13
HFC_208.wav,86.055,97.30,103.17,104.820,72.552,32.267,90.555,78.445,57.134,2.004,28.511813736834743,316.580,502.306,1362.346,310.394,1.497,67.395,10.019,6.726,6.92,339.171,1100.678,1655.078,2131.842,2761.718,3226.998,577.565,30.300,-1.544,,1.497,21:18:14
HFC_209.wav,88.597,103.75,73.39,103.757,71.307,32.450,6.373,99.196,77.464,4.135,18.735648733525064,379.286,642.665,1405.451,393.348,1.330,62.165,13.907,4.470,6.62,428.507,1035.998,1595.976,2079.995,2724.650,3211.422,556.583,31.442,-1.195,,1.330,21:18:16
HFC_21.wav,88.317,95.23,79.95,107.005,73.960,33.045,16.086,106.407,92.184,4.729,19.493885093132718,339.280,480.204,1503.508,343.619,1.269,75.352,6.699,11.248,15.03,348.531,1061.366,1603.395,2022.402,2680.757,3213.926,573.079,30.537,-1.802,,1.269,21:03:16
HFC_210.wav,87.935,92.50,95.54,97.971,72.014,25.957,84.743,40.001,30.413,2.952,10.303324853498921,368.511,437.152,1159.163,377.255,2.033,40.806,9.347,4.366,16.00,387.094,989.280,1662.869,2086.087,2775.537,3255.720,573.725,30.502,-1.877,,2.033,21:18:18
HFC_211.wav,88.893,96.10,92.64,103.558,81.467,22.090,11.892,82.769,68.067,5.273,12.909604781565367,303.728,720.945,1243.086,273.699,0.948,40.486,10.018,4.041,8.77,442.604,1021.064,1627.200,2116.855,2801.665,3236.490,558.777,31.318,-1.033,,0.948,21:18:22
HFC_212.wav,93.284,96.26,92.66,103.990,71.367,32.623,74.299,112.234,107.763,4.770,22.59106302159042,303.282,354.672,1006.498,305.408,0.839,42.912,5.366,7.996,17.07,361.778,1049.074,1681.194,2138.372,2733.863,3332.278,594.100,29.456,-1.854,,0.839,21:18:23
HFC_213.wav,88.261,100.57,85.54,105.412,72.474,32.938,2.067,72.278,71.126,3.899,18.242873793477692,319.645,535.171,1327.615,300.805,4.873,44.872,8.516,5.269,14.45,382.564,1002.601,1621.116,2079.728,2732.887,3222.953,568.078,30.806,-1.414,,4.873,21:18:24
HFC_214.wav,90.213,81.53,82.66,105.720,73.717,32.003,27.358,110.313,76.049,3.196,23.796348174541933,437.928,897.647,1895.974,365.256,1.721,59.602,9.587,6.217,6.99,438.503,1092.752,1687.324,2154.641,2736.192,3224.271,557.154,31.410,-1.203,,1.721,21:18:31
HFC_215.wav,80.254,93.50,92.95,104.011,71.182,32.828,6.714,44.959,40.007,3.724,10.742037177899252,298.448,399.489,1250.855,289.351,2.551,40.868,6.469,6.318,18.32,310.561,1027.690,1688.754,2180.852,2917.385,3432.305,624.349,28.029,-1.851,,2.551,21:18:33
HFC_216.wav,95.428,76.86,92.41,109.983,71.100,38.883,16.252,144.038,70.623,34.958,2.0202160249257144,440.927,1014.179,2301.380,370.816,1.831,37.883,9.013,4.203,11.15,456.045,1059.990,1719.621,2295.107,2945.303,3359.810,580.753,30.133,-1.125,unvoiced,1.831,21:18:43
HFC_217.wav,85.267,85.14,97.31,103.011,71.059,31.952,28.577,81.492,59.867,3.190,18.766283897995496,293.492,522.902,1630.296,287.611,1.567,47.331,7.018,6.744,11.66,342.090,1143.354,1688.338,2129.785,2808.634,3299.784,591.539,29.584,-1.388,,1.567,21:18:49
HFC_218.wav,98.269,90.56,84.76,107.993,84.156,23.837,53.589,84.184,43.919,1.284,34.193302029239476,313.911,732.116,1895.521,313.274,1.168,62.750,7.707,8.142,6.88,354.017,1124.460,1756.312,2204.072,2849.243,3272.943,583.785,29.977,-1.531,,1.168,21:19:01
HFC_219.wav,92.614,83.34,89.02,104.839,83.342,21.497,39.540,71.304,45.624,1.233,36.98959903644076,356.478,619.780,1909.491,358.150,1.216,78.520,8.634,9.094,11.26,362.522,1165.110,1718.386,2151.051,2731.669,3201.735,567.843,30.818,-1.752,,1.216,21:19:05
HFC_22.wav,90.846,93.01,92.76,102.832,80.074,22.758,35.600,87.200,52.085,2.997,17.37875255274067,336.267,431.403,1336.460,361.503,1.835,63.874,8.991,7.104,11.61,356.342,1062.300,1602.277,2044.713,2684.915,3241.310,576.994,30.330,-1.563,,1.835,21:03:18
HFC_220.wav,91.375,103.53,88.14,106.705,79.130,27.575,8.883,95.734,89.542,4.339,20.638827326199575,350.145,798.373,1847.756,370.077,0.922,39.332,7.050,5.579,10.32,384.700,1048.561,1662.411,2047.097,2755.742,3201.727,563.405,31.061,-1.120,,0.922,21:19:07
HFC_221.wav,97.848,83.76,98.64,103.925,83.755,20.170,13.504,40.454,35.968,4.832,7.444231439578844,393.685,436.816,850.848,379.716,2.173,53.912,7.593,7.101,21.13,390.096,968.954,1624.882,2089.155,2676.283,3183.175,558.616,31.327,-2.493,,2.173,21:19:09
HFC_222.wav,94.522,85.03,95.41,98.733,85.034,13.699,60.147,31.941,23.709,1.020,23.246306654671674,387.038,406.681,498.591,377.217,1.471,64.386,8.499,7.576,23.65,380.224,1054.824,1573.601,2082.113,2683.814,3255.057,574.967,30.437,-1.312,,1.471,21:19:11
HFC_223.wav,91.084,100.19,86.35,105.905,80.663,25.242,7.554,82.326,72.403,4.466,16.211289313152367,330.433,633.852,1677.210,369.065,1.343,46.760,7.444,6.282,14.94,354.497,1055.448,1641.580,2130.835,2749.592,3237.303,576.561,30.352,-1.544,,1.343,21:19:13
HFC_224.wav,91.954,83.60,95.59,103.623,83.597,20.025,36.330,47.464,29.392,1.535,19.14915129761112,368.929,410.208,821.864,362.972,1.629,63.534,5.219,12.175,17.73,360.504,1175.951,1687.444,2165.138,2773.594,3299.001,587.699,29.777,-1.713,,1.629,21:19:19
HFC_225.wav,92.277,103.55,98.43,103.545,82.974,20.572,12.523,82.955,57.145,1.492,38.3017085335966,271.306,375.847,641.474,263.804,1.005,56.510,5.471,10.330,15.39,323.992,984.695,1577.035,2018.922,2736.754,3281.351,591.472,29.587,-0.311,,1.005,21:19:28
HFC_226.wav,88.730,93.87,86.27,106.464,73.692,32.771,13.244,79.212,65.513,4.107,15.949978433105834,326.973,367.614,537.660,338.737,1.339,75.208,6.348,11.848,19.10,337.557,1037.873,1572.502,2066.766,2709.381,3297.938,592.076,29.557,-0.486,,1.339,21:19:30
HFC_227.wav,80.783,94.20,76.47,94.204,71.583,22.622,26.029,85.862,28.029,1.732,16.18168304156614,290.549,431.037,1418.484,292.085,1.155,73.347,4.763,15.398,16.89,340.407,1059.700,1661.900,2081.123,2739.281,3280.093,587.937,29.765,-1.386,,1.155,21:19:36
HFC_228.wav,93.443,89.76,88.34,105.509,85.549,19.959,25.841,70.906,58.369,2.542,22.96050639171408,337.596,467.372,1648.675,340.732,0.983,64.604,6.101,10.589,12.74,344.894,1111.690,1647.677,2124.722,2810.677,3282.806,587.582,29.783,-1.773,,0.983,21:19:37
HFC_229.wav,95.006,94.44,93.20,102.745,72.809,29.935,55.583,66.262,36.005,1.774,20.296153213809497,303.509,331.446,541.455,298.064,1.409,51.830,6.031,8.593,22.38,323.960,975.045,1686.222,2005.300,2676.428,3258.505,586.909,29.817,-1.040,,1.409,21:19:57
HFC_23.wav,95.033,86.66,104.10,104.335,83.545,20.790,25.051,79.862,58.831,3.358,17.520432219685123,360.858,442.710,1358.849,369.439,1.787,70.366,8.115,8.671,12.90,361.181,985.624,1611.646,2033.962,2614.523,3168.849,561.534,31.165,-1.890,,1.787,21:03:20
HFC_230.wav,101.743,90.76,80.95,109.594,80.947,28.647,72.160,69.978,20.333,0.537,37.85002429235834,321.547,470.087,1446.612,322.133,0.931,65.001,6.446,10.083,13.59,336.497,1110.192,1611.853,2089.474,2684.204,3201.885,573.078,30.537,-1.632,,0.931,21:20:04
HFC_231.wav,81.743,101.40,77.97,103.359,72.337,31.022,12.677,55.547,32.847,2.595,12.658278807991103,306.999,367.649,1118.589,299.634,1.734,44.813,7.208,6.217,19.98,322.171,1014.727,1656.290,2096.452,2706.316,3283.595,592.285,29.547,-1.894,,1.734,21:20:08
HFC_232.wav,90.114,78.76,85.62,105.758,78.759,26.999,41.271,61.633,54.698,3.043,17.976101122430542,353.043,474.791,1706.397,351.207,1.150,68.393,9.128,7.492,13.97,358.844,1069.201,1707.022,2185.018,2728.938,3238.279,575.887,30.388,-2.251,,1.150,21:20:12
HFC_233.wav,96.707,85.41,93.62,102.507,85.413,17.094,50.585,43.142,21.511,2.547,8.445755701596982,381.924,479.208,1787.525,377.053,1.374,57.678,4.730,12.194,19.92,385.905,1152.545,1670.708,2174.553,2722.355,3244.727,571.765,30.607,-1.764,,1.374,21:20:15
HFC_234.wav,92.245,98.66,75.10,106.616,75.095,31.521,10.069,75.840,69.581,2.891,24.071541004817117,350.616,468.689,1498.722,352.568,0.865,60.533,5.203,11.634,12.83,365.654,1012.089,1596.240,2019.111,2688.585,3263.775,579.624,30.192,-1.729,,0.865,21:20:18
HFC_235.wav,86.709,103.96,104.11,104.108,77.170,26.938,87.707,91.456,54.309,3.910,13.888460381690237,316.662,697.177,1614.643,360.085,1.023,54.530,5.377,10.142,13.63,381.539,1065.431,1670.806,2157.021,2819.246,3278.948,579.482,30.199,-1.293,,1.023,21:20:32
HFC_236.wav,96.876,98.42,82.43,104.685,82.429,22.256,10.657,68.952,51.251,3.584,14.300490305354531,421.024,956.022,1792.245,365.933,1.256,58.405,7.566,7.719,14.43,408.498,1046.212,1640.792,2058.497,2710.792,3208.922,560.085,31.245,-1.196,,1.256,21:20:34
HFC_237.wav,93.983,105.02,85.91,109.848,75.528,34.321,12.258,156.478,53.605,32.131,1.6682987997534613,347.614,806.469,1379.955,260.691,1.400,39.682,7.497,5.293,14.44,420.211,1023.458,1643.572,2084.851,2775.949,3225.962,561.150,31.186,-1.252,unvoiced,1.401,21:20:36
HFC_238.wav,95.807,100.20,75.86,104.933,75.860,29.072,11.026,63.825,43.512,2.338,18.611706793355715,361.579,523.622,1300.210,371.610,1.497,58.347,5.678,10.277,18.98,392.595,1001.682,1605.687,2034.867,2725.314,3223.499,566.181,30.909,-1.377,,1.497,21:20:39
HFC_239.wav,93.580,98.70,78.28,106.553,78.275,28.278,14.649,62.325,49.896,2.768,18.02541429283453,346.501,619.773,1213.640,358.484,1.264,48.412,8.304,5.830,14.33,371.857,972.813,1639.358,2064.787,2771.577,3275.483,580.725,30.135,-1.150,,1.264,21:20:43
HFC_24.wav,93.325,80.98,85.39,109.386,80.976,28.411,60.640,55.386,42.333,1.598,26.484428520855616,335.477,411.247,1624.921,330.068,1.251,72.916,6.394,11.404,12.88,331.522,1120.372,1657.592,2123.651,2688.319,3192.343,572.164,30.586,-2.268,,1.251,21:03:22
HFC_240.wav,91.693,81.88,92.35,107.922,81.879,26.043,53.092,80.966,70.011,2.207,31.72058062011619,339.347,541.684,1589.001,346.947,1.133,62.594,6.621,9.453,12.11,399.238,1070.515,1742.951,2181.143,2853.899,3306.911,581.535,30.093,-1.515,,1.133,21:20:44
HFC_241.wav,97.025,98.86,95.18,103.420,75.031,28.389,54.691,61.635,55.473,4.023,13.790332890976908,373.089,506.091,1435.563,383.446,1.492,56.640,5.699,9.939,15.87,390.544,1025.085,1616.053,2036.237,2758.734,3234.741,568.839,30.764,-1.493,,1.492,21:20:46
HFC_242.wav,94.679,104.49,83.51,107.105,81.182,25.923,7.804,76.166,57.640,4.194,13.74288802094601,369.153,516.439,1334.960,370.852,1.550,77.178,10.001,7.717,9.22,381.099,948.530,1649.022,2063.300,2764.152,3242.570,572.294,30.579,-1.576,,1.550,21:20:49
HFC_243.wav,94.057,97.05,81.05,104.037,75.371,28.666,8.331,80.435,71.754,4.458,16.09466567973888,332.327,592.241,1392.794,350.002,1.234,54.104,9.322,5.804,12.92,394.344,961.633,1620.928,1996.501,2711.170,3243.543,569.840,30.710,-1.217,,1.234,21:20:51
HFC_244.wav,91.672,101.57,81.99,106.578,76.476,30.102,13.376,99.431,73.832,4.380,16.855473225300727,317.342,532.616,1261.980,358.326,1.256,56.394,9.159,6.157,12.96,349.449,949.234,1614.324,2021.026,2725.311,3252.791,580.668,30.138,-1.297,,1.256,21:20:56
HFC_245.wav,81.086,98.53,70.35,109.633,70.335,39.298,12.522,177.795,97.866,24.404,4.0102195553819335,323.732,531.125,1080.238,335.468,1.229,73.244,9.355,7.829,14.93,368.846,906.640,1546.325,1981.995,2613.461,3210.354,568.302,30.794,-0.876,unvoiced,1.229,21:20:58
HFC_246.wav,81.429,93.15,74.42,102.022,72.242,29.780,15.581,60.578,48.845,3.066,15.930197364178708,307.802,425.686,1008.356,301.297,1.141,55.021,4.818,11.419,16.16,333.142,740.400,1640.687,1971.635,2630.045,3247.584,582.888,30.023,-1.783,,1.141,21:21:01
HFC_247.wav,93.904,103.00,73.44,108.018,73.436,34.582,87.721,80.894,71.129,4.997,14.23327527813537,313.381,546.066,1505.504,357.259,1.901,49.253,8.417,5.852,10.15,374.918,1050.805,1600.733,2040.418,2718.953,3194.225,563.861,31.036,-1.335,,1.901,21:21:03
HFC_248.wav,96.743,99.00,83.44,103.997,83.439,20.558,10.726,51.896,43.974,3.383,12.99919389390163,338.993,442.458,1113.006,356.457,1.330,66.776,7.893,8.460,13.54,375.853,950.086,1574.183,1958.281,2671.322,3245.790,573.987,30.488,-1.190,,1.330,21:21:06
HFC_249.wav,87.935,92.91,86.04,103.153,71.193,31.960,85.347,90.903,81.962,3.097,26.46173229895034,310.457,536.984,1564.621,300.835,2.099,51.279,9.292,5.519,12.90,341.191,1039.323,1678.978,2051.437,2677.796,3250.805,581.923,30.073,-1.860,,2.099,21:21:08
HFC_25.wav,89.153,80.57,84.67,97.508,80.567,16.941,18.764,102.645,78.172,3.624,21.572232842275394,338.617,403.828,825.724,355.996,0.966,84.159,7.765,10.838,14.35,328.760,904.653,1565.589,1998.587,2647.218,3289.686,592.185,29.552,-1.384,,0.966,21:03:28
HFC_250.wav,95.353,87.23,98.62,107.027,83.721,23.305,31.619,105.403,76.010,3.010,25.25055493495974,339.345,663.619,1726.265,332.509,0.997,71.436,9.532,7.494,10.54,381.528,1119.648,1710.705,2133.031,2860.205,3295.845,582.863,30.024,-1.480,,0.997,21:21:12
HFC_251.wav,91.698,91.69,88.07,105.418,81.737,23.680,31.284,72.768,45.708,2.702,16.913579419377417,359.468,477.829,1323.226,355.826,1.295,77.090,7.721,9.984,13.94,361.424,1056.408,1531.238,1985.325,2711.896,3231.931,574.101,30.482,-1.527,,1.295,21:21:19
HFC_252.wav,90.548,105.45,94.83,106.975,74.450,32.525,11.726,91.248,64.719,2.997,21.594163800160953,349.215,488.509,1385.952,367.103,1.335,61.975,7.118,8.707,13.42,379.269,1062.326,1594.333,2114.221,2754.551,3272.890,578.724,30.239,-1.465,,1.335,21:21:24
HFC_253.wav,86.830,78.62,85.45,106.140,71.864,34.276,21.820,100.882,82.812,2.227,37.18777594082251,334.205,588.473,1348.208,329.945,1.572,61.613,5.408,11.393,13.52,368.031,1058.679,1722.508,2170.263,2812.861,3315.088,589.411,29.691,-1.283,,1.572,21:21:33
HFC_254.wav,86.284,72.96,88.35,105.768,72.427,33.341,38.645,84.093,48.062,2.977,16.142330116047717,313.504,357.863,652.262,318.860,1.343,51.096,8.188,6.240,13.11,321.048,945.482,1604.829,2046.919,2711.367,3281.835,592.157,29.553,-1.631,,1.343,21:21:41
HFC_255.wav,96.957,93.81,77.41,107.375,71.979,35.396,72.771,84.382,42.594,0.985,43.25929530799372,313.739,327.104,378.328,307.511,1.523,64.080,6.892,9.297,21.70,333.097,1085.797,1689.312,2185.690,2859.630,3322.240,597.829,29.273,-1.142,,1.523,21:21:54
HFC_256.wav,90.679,97.99,79.85,104.884,77.644,27.240,28.735,113.650,89.102,3.954,22.53215630874028,311.273,402.346,1071.895,350.963,0.632,57.451,8.700,6.604,12.02,353.932,1077.440,1566.036,2055.302,2759.259,3284.231,586.060,29.860,-1.282,,0.632,21:22:02
HFC_257.wav,94.397,93.57,89.74,108.372,71.515,36.857,60.405,88.725,49.807,1.047,47.56037980391528,317.985,331.628,379.806,314.451,1.910,56.301,7.593,7.415,20.55,343.140,1012.469,1611.401,2103.524,2756.066,3236.035,578.579,30.247,-1.079,,1.910,21:22:03
HFC_258.wav,94.779,76.56,84.08,104.652,76.557,28.095,77.701,54.076,24.632,0.436,56.450221435168004,333.455,487.828,1834.307,381.883,1.146,56.761,7.418,7.652,10.81,349.233,1003.530,1670.743,2142.627,2724.261,3312.396,592.633,29.529,-2.008,,1.146,21:22:17
HFC_259.wav,85.955,100.52,92.09,104.663,72.884,31.778,8.949,50.476,39.865,4.119,9.677661838372366,309.725,490.772,1506.890,310.794,2.063,65.808,8.481,7.760,11.31,370.548,1041.261,1666.624,2105.124,2785.323,3278.089,581.508,30.094,-1.553,,2.063,21:22:18
HFC_26.wav,91.813,102.18,80.87,103.594,80.868,22.726,16.402,91.364,53.009,4.051,13.084350137642966,314.482,413.634,931.242,366.497,1.111,73.358,9.453,7.760,11.28,339.335,991.542,1525.295,1938.317,2587.251,3260.018,584.137,29.959,-1.357,,1.111,21:03:30
HFC_260.wav,95.273,104.47,96.09,104.680,78.105,26.575,4.288,71.724,66.229,5.049,13.116812208007984,373.230,497.765,1489.826,378.196,2.674,58.468,7.854,7.444,15.93,376.445,945.478,1635.238,2039.509,2674.912,3159.193,556.550,31.444,-1.816,,2.674,21:22:21
HFC_261.wav,93.052,90.73,75.31,107.783,75.315,32.469,68.296,81.892,72.231,2.555,28.268610078150285,332.577,378.602,795.218,328.752,1.370,77.782,8.761,8.879,13.61,334.005,1027.200,1629.106,2015.522,2715.757,3236.682,580.535,30.145,-1.438,,1.370,21:22:25
HFC_262.wav,88.796,83.45,79.98,104.302,79.984,24.317,30.331,85.509,61.646,4.035,15.276196595510982,331.734,587.470,1847.312,344.434,1.115,83.438,8.071,10.338,9.81,346.435,1103.379,1664.077,2148.454,2809.951,3204.135,571.540,30.619,-1.646,,1.115,21:22:36
HFC_263.wav,89.264,81.62,74.42,106.447,74.419,32.028,31.210,81.463,54.772,2.028,27.012364256306995,342.758,400.885,1179.595,345.171,1.480,80.502,7.773,10.357,14.45,348.085,1053.711,1652.542,2082.741,2713.565,3184.888,567.361,30.845,-2.044,,1.480,21:22:39
HFC_264.wav,94.443,79.04,77.75,108.524,77.736,30.789,40.101,91.906,68.391,3.275,20.884788389556046,319.800,410.497,1600.714,326.808,1.374,68.139,7.641,8.918,14.42,308.279,1069.000,1699.482,2088.994,2693.655,3252.603,588.865,29.718,-2.258,,1.374,21:22:42
HFC_265.wav,88.985,87.50,84.26,106.278,75.775,30.504,15.857,102.391,86.573,3.301,26.225619398963833,295.328,387.855,752.349,358.831,1.212,55.671,9.491,5.866,13.76,335.025,1007.524,1610.241,2026.873,2747.834,3243.919,581.779,30.080,-1.437,,1.212,21:22:45
HFC_266.wav,91.619,99.84,94.74,103.715,80.159,23.556,12.483,78.951,61.891,4.199,14.740803130789295,320.695,699.646,1642.052,377.850,0.953,58.670,5.773,10.163,11.29,363.146,1067.971,1682.677,2055.431,2710.882,3215.972,570.565,30.671,-1.526,,0.953,21:22:52
HFC_267.wav,89.728,80.41,85.14,106.038,80.409,25.630,46.290,109.392,105.663,5.909,17.881058309483162,332.082,380.597,889.985,332.393,0.931,72.836,8.058,9.039,12.21,345.885,985.218,1596.850,2048.317,2629.191,3290.773,588.978,29.713,-1.544,,0.931,21:22:53
HFC_268.wav,89.026,101.69,93.03,101.694,79.940,21.754,3.050,69.535,60.499,3.579,16.902222868511767,317.149,722.186,1573.036,384.630,1.537,46.282,5.532,8.367,14.58,356.238,1016.875,1623.239,2059.661,2743.927,3176.115,563.975,31.030,-1.510,,1.537,21:22:54
HFC_269.wav,83.017,71.73,88.14,95.584,71.728,23.857,70.485,43.184,27.258,1.906,14.30039523151503,288.548,588.898,1406.209,272.563,2.099,39.916,6.671,5.983,13.59,354.337,1034.290,1649.794,2048.256,2770.913,3239.423,577.017,30.328,-1.313,,2.099,21:22:56
HFC_27.wav,90.597,80.67,98.32,107.022,80.666,26.356,40.072,80.094,61.713,1.906,32.37765374259649,331.943,359.993,522.640,330.783,1.049,86.129,6.671,12.911,15.76,338.447,1032.737,1583.580,2066.500,2692.762,3213.977,575.106,30.429,-0.344,,1.049,21:03:33
HFC_270.wav,89.784,83.92,85.00,95.299,83.043,12.255,25.637,25.984,20.423,3.694,5.529280619210077,295.981,559.295,1592.187,347.419,1.624,52.748,9.234,5.712,15.67,339.937,1035.314,1628.312,2066.294,2686.240,3170.403,566.093,30.914,-2.087,,1.624,21:22:59
HFC_271.wav,91.836,92.60,84.86,103.173,74.857,28.316,65.012,82.659,72.759,6.518,11.16356698058759,336.415,672.228,1593.092,353.431,1.458,54.734,5.488,9.973,12.36,362.988,1059.733,1618.766,1984.585,2717.407,3179.299,563.262,31.069,-1.542,,1.458,21:23:01
HFC_272.wav,93.622,80.64,105.32,107.392,80.639,26.753,23.162,84.454,81.437,5.019,16.22662160198911,281.410,789.760,1692.990,1678.656,1.295,32.349,8.493,3.809,10.91,378.690,1077.302,1669.304,2164.715,2841.987,3320.580,588.378,29.743,-0.917,,1.295,21:23:06
HFC_273.wav,86.984,79.94,85.62,96.168,79.936,16.232,50.808,43.034,29.102,0.918,31.68581686805682,339.058,389.705,1044.602,338.451,1.089,81.921,9.185,8.919,12.08,349.337,1113.759,1675.254,2198.191,2777.906,3295.137,589.160,29.703,-1.660,,1.089,21:23:10
HFC_274.wav,92.756,82.41,77.21,104.348,77.212,27.137,28.685,72.904,53.245,3.095,17.20477400610061,370.851,493.999,1717.066,368.456,2.423,58.839,11.760,5.003,12.94,367.986,1113.980,1724.055,2164.675,2757.752,3199.775,566.358,30.899,-1.945,,2.423,21:23:14
HFC_275.wav,88.748,82.69,86.57,99.848,78.011,21.837,31.885,100.163,64.893,2.383,27.236961507301864,352.722,481.574,1646.117,354.051,1.049,88.615,9.054,9.788,11.61,372.414,1130.897,1630.254,2213.232,2723.266,3283.542,582.225,30.057,-1.851,,1.049,21:23:17
HFC_276.wav,83.603,93.61,81.84,109.324,71.301,38.023,20.032,86.989,63.669,1.696,37.54911221077361,295.901,552.690,1504.147,288.005,1.769,51.231,9.326,5.493,13.30,397.948,1060.001,1697.186,2177.847,2800.090,3310.192,582.449,30.046,-1.066,,1.769,21:23:19
HFC_277.wav,91.735,83.13,89.94,105.447,83.134,22.313,33.302,56.854,41.783,1.048,39.866784880172055,358.564,435.605,1491.830,355.132,1.431,76.885,5.240,14.672,17.15,370.450,1055.347,1721.050,2221.751,2752.846,3295.115,584.933,29.918,-2.212,,1.431,21:23:25
HFC_278.wav,89.110,90.34,83.58,107.585,78.492,29.093,24.527,69.726,61.193,3.350,18.268610087282415,328.509,386.891,961.125,338.008,1.194,72.681,5.862,12.399,16.80,326.508,1025.200,1658.017,2045.977,2679.865,3226.070,579.912,30.177,-1.803,,1.194,21:23:28
HFC_279.wav,93.086,83.67,90.52,104.512,83.670,20.842,35.130,70.647,42.942,1.229,34.940061311161536,366.199,419.778,1058.562,362.842,1.220,73.889,6.964,10.610,15.34,356.696,1088.484,1573.358,2106.801,2722.773,3266.068,581.874,30.075,-2.115,,1.221,21:23:31
HFC_28.wav,92.384,84.26,87.14,106.086,84.260,21.826,31.941,63.496,42.554,2.749,15.479587741019591,350.452,401.276,887.987,353.695,1.273,87.642,11.389,7.695,15.35,354.027,1006.718,1656.381,2108.645,2703.050,3248.364,578.867,30.231,-1.832,,1.273,21:03:35
HFC_280.wav,91.083,91.06,86.59,106.692,81.330,25.362,21.822,98.591,80.603,4.710,17.114579314689628,315.237,498.470,1459.330,336.714,1.168,88.187,9.847,8.955,10.05,344.830,968.093,1682.910,2032.021,2725.854,3270.324,585.099,29.909,-1.577,,1.168,21:23:36
HFC_281.wav,94.118,81.50,92.74,102.312,81.498,20.814,21.070,65.906,48.662,1.593,30.550643952708555,369.714,559.287,1717.184,361.905,1.256,73.728,5.973,12.343,15.53,371.997,1039.797,1670.273,2163.476,2654.694,3210.658,567.732,30.824,-1.966,,1.256,21:23:38
HFC_282.wav,95.335,98.71,92.31,106.622,79.452,27.170,15.281,95.648,70.680,4.898,14.42921390632155,387.787,924.752,1995.473,389.295,1.225,68.632,8.572,8.006,8.88,400.317,1114.316,1673.725,2059.557,2728.856,3230.499,566.037,30.917,-1.238,,1.225,21:23:40
HFC_283.wav,79.059,72.29,93.91,93.908,72.294,21.614,91.999,29.069,6.370,1.113,5.723853467899005,314.539,471.906,1277.853,309.061,1.348,62.497,6.306,9.910,18.25,371.248,999.082,1622.449,2029.038,2660.537,3268.626,579.475,30.200,-1.078,,1.348,21:23:52
HFC_284.wav,89.839,81.30,86.93,105.555,81.296,24.259,40.264,54.280,45.307,1.314,34.47792768422696,345.252,370.079,532.607,342.623,1.141,72.937,4.818,15.137,19.72,342.885,1094.369,1608.594,2153.725,2773.263,3313.664,594.156,29.454,-1.021,,1.141,21:23:55
HFC_285.wav,92.454,102.68,82.45,102.676,82.453,20.223,17.756,95.531,57.671,2.360,24.432860071432472,329.148,768.565,1594.218,364.200,0.847,39.243,8.851,4.433,11.45,378.450,1064.229,1642.762,2085.693,2742.071,3210.874,566.485,30.892,-1.202,,0.847,21:23:56
HFC_286.wav,87.442,92.81,76.19,109.037,70.390,38.647,69.165,93.309,27.059,13.826,1.9571309506422843,312.882,581.790,1286.391,303.157,2.134,32.262,12.185,2.648,13.63,358.419,1037.771,1634.710,2100.879,2759.169,3300.160,588.348,29.744,-1.309,unvoiced,2.134,21:23:57
HFC_287.wav,93.449,93.49,97.18,106.101,75.740,30.361,12.401,58.760,55.238,3.690,14.97090979841302,358.402,451.153,1307.957,371.092,2.033,43.554,11.315,3.849,19.19,367.682,972.397,1561.425,2025.991,2742.761,3180.187,562.501,31.111,-2.302,,2.033,21:23:59
HFC_288.wav,82.381,97.76,98.16,104.096,70.753,33.343,84.673,88.796,81.245,5.604,14.498236662522032,308.429,508.406,1281.214,299.720,3.034,41.902,9.230,4.540,13.80,363.843,1008.780,1595.686,2001.329,2662.353,3177.854,562.802,31.094,-1.168,,3.034,21:24:01
HFC_289.wav,92.112,93.91,86.83,104.307,74.335,29.972,60.923,92.436,77.418,4.126,18.76185662778425,323.945,695.638,1429.037,376.286,1.212,56.780,9.491,5.983,12.87,375.848,1060.103,1604.098,1997.243,2743.999,3255.736,575.978,30.383,-1.132,,1.212,21:24:05
HFC_29.wav,91.244,84.02,84.29,106.630,73.974,32.656,20.581,46.952,36.712,2.637,13.919711541082574,355.845,401.537,848.834,352.227,2.085,67.564,5.994,11.272,21.75,357.763,966.743,1638.153,2025.228,2685.425,3163.683,561.184,31.184,-1.940,,2.085,21:03:44
HFC_290.wav,96.989,96.46,84.37,104.099,84.369,19.729,18.987,65.865,36.575,1.998,18.305787080282464,358.678,628.103,1299.340,375.587,1.251,73.547,7.592,9.687,14.78,370.821,1007.622,1576.886,1983.131,2706.170,3225.456,570.927,30.652,-1.415,,1.251,21:24:07
HFC_291.wav,82.050,103.00,77.57,106.311,72.686,33.624,10.592,44.750,28.564,2.511,11.377458412875388,329.369,823.595,1587.141,312.456,2.191,41.329,8.216,5.030,12.32,394.855,1075.128,1648.503,2138.531,2720.333,3216.581,564.345,31.009,-0.871,,2.191,21:24:10
HFC_292.wav,94.024,105.45,86.37,105.788,79.490,26.298,6.539,72.108,58.576,4.433,13.214572268150608,340.228,616.728,1311.096,367.740,1.466,53.222,5.797,9.182,17.44,363.348,977.845,1676.438,2029.321,2811.136,3305.107,588.352,29.744,-1.346,,1.466,21:24:13
HFC_293.wav,87.472,82.40,86.51,105.986,71.684,34.302,40.463,100.581,79.594,2.997,26.557686803527037,333.197,508.647,1356.448,334.049,1.168,58.941,7.278,8.098,11.11,343.589,1064.211,1606.788,2019.292,2643.456,3126.736,556.630,31.439,-1.440,,1.168,21:24:16
HFC_294.wav,91.942,95.29,89.83,105.909,77.661,28.248,14.360,76.099,63.670,2.748,23.170178795358666,323.368,555.885,1451.145,353.958,1.638,65.531,11.602,5.648,11.15,367.141,1045.225,1673.417,2063.800,2749.039,3199.832,566.538,30.889,-1.368,,1.638,21:24:23
HFC_295.wav,91.067,97.48,78.54,109.079,77.522,31.557,32.648,71.831,49.691,3.073,16.17113615955959,336.416,515.073,1282.476,330.836,2.603,53.969,7.874,6.854,12.42,347.530,1046.436,1569.133,1987.922,2629.584,3184.371,567.368,30.844,-1.700,,2.603,21:24:27
HFC_296.wav,90.265,74.37,81.60,105.049,74.371,30.678,25.507,61.516,58.880,2.381,24.72948069396205,336.089,396.421,905.476,345.987,1.260,52.877,11.508,4.595,15.65,346.821,1081.994,1556.685,2051.178,2686.303,3232.723,577.181,30.320,-1.856,,1.260,21:24:29
HFC_297.wav,91.830,93.03,79.26,106.371,78.390,27.981,13.653,79.880,67.519,5.493,12.291989650253468,268.254,359.570,673.299,347.243,1.365,61.520,6.958,8.842,16.17,335.668,1010.160,1547.030,1965.575,2599.764,3183.172,569.501,30.729,-1.005,,1.365,21:24:32
HFC_298.wav,86.233,86.19,75.31,102.294,71.594,30.700,90.583,60.912,45.507,2.343,19.4254779845721,351.141,463.662,1386.766,372.849,2.775,50.748,10.272,4.941,14.99,364.478,1028.269,1628.935,2033.579,2666.801,3208.632,568.831,30.765,-1.628,,2.775,21:24:34
HFC_299.wav,94.308,75.27,100.64,105.006,75.268,29.739,75.544,42.840,33.026,2.509,13.165524255685506,264.002,374.991,1060.132,311.792,0.997,86.062,9.031,9.530,9.55,295.017,976.177,1658.111,2192.619,2751.731,3357.399,612.476,28.573,-1.882,,0.997,21:24:38
HFC_30.wav,90.398,81.52,96.02,104.258,79.646,24.612,20.260,67.776,55.927,3.451,16.205433861180804,346.222,401.521,974.138,354.709,1.739,81.099,7.765,10.444,15.90,375.325,1005.223,1590.257,2050.356,2700.609,3226.367,570.208,30.691,-1.528,,1.739,21:03:47
HFC_300.wav,82.715,109.13,75.44,109.125,71.889,37.236,14.559,61.699,34.508,2.664,12.953092992256504,312.316,642.287,1355.409,294.594,1.501,44.110,7.992,5.519,12.03,370.672,1057.899,1658.831,2120.715,2784.363,3377.343,601.334,29.102,-1.049,,1.501,21:24:43
HFC_301.wav,90.241,78.74,87.97,107.090,78.745,28.345,46.262,71.279,47.388,1.484,31.935155132828214,341.164,373.063,601.705,338.587,1.348,53.314,8.532,6.248,16.23,344.090,1116.406,1678.378,2227.991,2788.748,3327.049,596.592,29.333,-0.715,,1.348,21:24:45
HFC_302.wav,93.033,93.82,93.21,106.344,76.060,30.285,13.421,95.125,78.455,3.197,24.54159469578625,354.966,611.960,1474.941,357.894,1.251,52.801,9.191,5.745,9.37,379.230,1090.091,1659.935,2069.423,2780.276,3302.637,584.681,29.931,-1.107,,1.251,21:24:46
HFC_303.wav,88.258,81.02,74.78,105.922,70.964,34.958,14.678,82.162,66.183,3.183,20.791491722499813,349.503,443.176,1262.684,375.663,2.827,62.356,7.604,8.200,13.70,367.817,1037.494,1615.963,2085.701,2704.207,3216.496,569.736,30.716,-1.588,,2.827,21:24:48
HFC_304.wav,87.084,81.95,79.89,104.555,72.547,32.008,43.964,59.898,47.816,2.729,17.51926643565362,312.471,424.657,1187.655,309.854,2.015,30.984,11.662,2.657,16.62,333.845,1057.402,1586.272,2037.952,2659.427,3289.737,591.178,29.602,-1.743,,2.015,21:24:53
HFC_305.wav,90.821,107.95,83.97,107.951,81.107,26.844,11.472,64.103,44.951,1.670,26.917858794759685,332.506,403.187,827.434,366.843,1.497,60.642,5.678,10.681,13.99,383.433,898.881,1464.414,1959.528,2615.028,3163.679,556.049,31.472,-0.752,,1.497,21:24:59
HFC_306.wav,90.363,102.89,96.32,106.821,75.972,30.849,27.927,112.685,94.304,4.156,22.688517404806785,315.765,414.160,1193.697,316.225,1.804,52.951,8.036,6.589,16.18,370.371,983.543,1506.741,1989.068,2669.094,3115.152,548.956,31.879,-1.312,,1.804,21:25:01
HFC_307.wav,92.106,101.23,81.62,106.293,74.890,31.403,60.173,92.695,86.816,5.151,16.855196235025467,339.304,444.327,1224.496,365.288,2.621,68.770,10.111,6.802,12.37,368.065,1047.595,1546.599,1991.303,2677.462,3194.839,565.355,30.954,-1.505,,2.621,21:25:03
HFC_308.wav,85.571,106.29,95.92,107.708,71.409,36.300,5.320,50.360,41.588,2.281,18.233816332926942,357.346,435.927,1168.192,327.000,3.288,57.348,7.147,8.025,16.13,379.499,1042.387,1580.357,2109.612,2721.600,3227.768,569.654,30.720,-1.767,,3.288,21:25:07
HFC_309.wav,89.888,94.43,78.65,100.429,78.650,21.779,6.690,57.774,40.891,5.208,7.851276542889779,272.067,440.818,1204.325,263.830,1.440,51.571,7.986,6.458,16.16,326.373,891.798,1570.863,1958.455,2594.499,3161.010,566.927,30.868,-1.234,,1.440,21:25:10
HFC_31.wav,91.448,87.38,82.94,108.120,81.974,26.146,39.442,57.981,40.420,2.176,18.573800686235302,337.154,414.100,1690.945,335.490,1.379,70.651,9.068,7.792,14.82,310.176,1048.601,1702.344,2128.205,2837.300,3334.699,604.905,28.930,-2.582,,1.379,21:03:50
HFC_310.wav,83.078,101.72,80.19,107.272,72.434,34.838,9.333,60.450,47.530,3.492,13.611932067227862,307.762,419.908,1230.030,308.364,1.861,54.793,10.475,5.231,9.17,376.814,1027.602,1600.514,2040.435,2676.364,3215.863,567.810,30.820,-1.087,,1.861,21:25:18
HFC_311.wav,85.396,78.65,74.20,103.075,71.223,31.853,61.962,80.843,64.908,3.758,17.27320224303368,267.387,350.938,767.024,279.560,1.730,68.765,9.539,7.209,13.48,334.513,986.622,1566.744,1990.924,2628.686,3130.966,559.291,31.290,-1.401,,1.730,21:25:22
HFC_312.wav,96.511,94.78,91.88,103.584,84.633,18.950,45.199,37.386,31.843,1.774,17.95036199933383,358.455,404.573,554.704,381.788,1.409,61.117,7.805,7.830,18.11,370.493,928.226,1527.640,1951.906,2598.755,3153.695,556.640,31.439,-0.694,,1.409,21:25:24
HFC_313.wav,81.034,82.46,103.46,104.959,70.335,34.624,15.879,102.270,36.835,4.986,7.387295279327032,355.438,468.308,1151.336,415.126,2.507,45.301,11.967,3.785,13.00,384.580,1050.952,1505.970,2003.658,2632.333,3207.278,564.540,30.999,-1.584,unvoiced,2.507,21:25:26
HFC_314.wav,92.251,100.67,88.52,104.265,83.032,21.232,67.469,69.258,61.971,3.650,16.97725266147541,346.731,393.813,731.163,358.992,2.055,72.579,9.977,7.274,16.14,354.438,1052.016,1588.162,2110.456,2755.713,3281.473,585.407,29.894,-1.261,,2.055,21:25:29
HFC_315.wav,80.075,106.61,76.13,107.039,73.432,33.606,9.709,49.491,28.867,3.288,8.780950455144362,307.881,419.216,1214.647,302.367,2.129,37.677,7.749,4.862,16.14,366.226,1061.975,1454.614,2010.801,2627.808,3223.229,571.401,30.627,-1.354,,2.129,21:25:33
HFC_316.wav,98.911,75.96,98.34,106.440,75.963,30.477,48.914,80.317,69.979,2.712,25.807011267372065,303.293,375.750,1496.727,306.164,0.553,83.876,4.519,18.559,10.16,318.586,1075.275,1634.078,2113.295,2719.241,3311.440,598.571,29.236,-2.073,,0.553,21:25:38
HFC_317.wav,79.583,97.35,77.07,99.765,72.066,27.699,3.466,50.401,48.554,3.716,13.065769909494165,306.230,405.597,1291.198,311.202,2.287,44.471,8.744,5.086,14.46,338.626,1034.225,1580.304,1997.011,2663.549,3171.430,566.561,30.888,-1.428,,2.287,21:25:39
HFC_318.wav,94.881,82.61,83.99,106.721,80.232,26.489,55.209,63.573,58.639,2.722,21.539115739535045,343.942,743.712,1742.095,326.872,1.102,64.102,8.621,7.436,7.34,371.941,1080.720,1689.064,2112.580,2656.201,3121.925,549.997,31.818,-1.417,,1.102,21:25:42
HFC_319.wav,94.644,94.64,100.47,104.161,81.407,22.754,50.583,144.952,37.778,15.920,2.3730221281581794,379.096,479.433,1469.164,395.911,1.225,82.043,9.389,8.739,13.19,383.754,1021.934,1615.515,2011.104,2660.928,3128.808,549.011,31.876,-1.729,unvoiced,1.225,21:25:44
HFC_32.wav,93.548,98.31,92.17,104.244,78.385,25.858,8.196,76.800,57.367,3.883,14.775664954473575,301.313,412.106,907.862,371.592,1.545,59.797,7.442,8.036,17.36,350.867,995.864,1507.232,1919.453,2599.844,3176.040,565.035,30.972,-1.410,,1.545,21:03:53
HFC_320.wav,99.604,86.42,103.64,104.164,86.415,17.748,51.610,35.974,19.932,2.954,6.747748285226028,400.258,421.971,496.601,399.046,1.523,87.082,7.549,11.536,18.29,387.762,857.043,1590.572,1951.410,2578.267,3127.695,547.987,31.935,-1.207,,1.523,21:25:46
HFC_321.wav,94.349,101.48,83.86,104.154,71.381,32.772,53.863,76.171,41.699,1.254,33.245752789669766,301.706,420.637,1453.334,295.714,1.993,47.428,12.292,3.859,10.56,369.219,1138.082,1650.410,2198.428,2799.468,3335.646,593.286,29.497,-1.332,,1.993,21:25:50
HFC_322.wav,93.575,102.18,109.26,109.939,76.263,33.676,6.426,193.734,89.492,11.850,7.5523321457390145,332.680,509.339,1429.752,311.728,2.279,58.924,11.630,5.067,7.71,367.001,1054.066,1624.309,2144.739,2801.762,3287.421,584.084,29.961,-1.471,unvoiced,2.279,21:25:53
HFC_323.wav,91.332,78.79,83.43,104.877,74.579,30.298,26.450,92.928,77.944,3.198,24.37521943493313,352.024,600.976,1412.219,359.403,2.033,58.448,10.085,5.796,13.27,376.569,1119.270,1629.898,2084.361,2650.065,3197.060,564.098,31.023,-1.629,,2.033,21:25:56
HFC_324.wav,95.172,97.91,94.51,104.082,77.668,26.414,8.876,105.488,88.451,4.812,18.380760647902637,340.754,547.105,1406.183,375.032,1.247,58.035,8.421,6.891,13.65,383.323,1060.579,1538.842,2079.511,2692.441,3279.955,579.326,30.207,-1.130,,1.247,21:25:58
HFC_325.wav,92.285,103.28,90.36,103.284,75.433,27.851,7.667,66.375,56.716,3.390,16.729187048821846,364.422,523.267,1445.450,386.874,3.982,52.307,13.184,3.967,11.21,381.462,1025.804,1629.167,2052.810,2703.260,3210.261,565.760,30.932,-1.565,,3.982,21:26:00
HFC_326.wav,94.014,99.25,97.08,103.380,72.726,30.654,30.327,88.762,73.275,3.220,22.752928798779216,359.808,663.131,1749.058,380.620,1.708,57.908,9.661,5.994,10.14,401.579,1091.893,1690.293,2150.689,2763.188,3346.733,589.031,29.710,-1.644,,1.708,21:26:04
HFC_327.wav,94.248,94.63,101.00,104.437,73.172,31.265,10.041,51.717,43.538,2.616,16.642100427357207,369.492,470.137,1425.219,384.747,2.867,36.202,11.685,3.098,15.24,372.297,1045.610,1620.841,2012.674,2662.212,3153.804,556.301,31.458,-1.881,,2.867,21:26:06
HFC_328.wav,86.218,80.50,83.36,109.522,70.335,39.187,14.892,121.053,87.941,41.565,2.1157555259219123,323.699,773.268,1491.746,296.702,2.406,41.844,10.599,3.948,5.89,433.798,1092.092,1666.488,2129.537,2754.385,3295.232,572.287,30.579,-0.826,unvoiced,2.406,21:26:12
HFC_329.wav,83.912,98.69,82.78,103.555,71.667,31.888,10.316,74.577,57.105,2.895,19.72251382777525,304.452,420.010,1535.737,295.850,1.554,46.682,8.686,5.374,16.02,342.444,1128.554,1660.753,2178.828,2760.641,3255.828,582.677,30.034,-1.556,,1.554,21:26:25
HFC_33.wav,92.124,79.36,74.04,106.814,74.036,32.778,49.746,115.499,66.458,1.195,55.630839235390035,328.927,487.138,1673.850,331.682,1.256,76.052,8.362,9.095,10.27,340.878,1121.950,1691.011,2169.485,2655.610,3226.498,577.124,30.323,-1.900,,1.256,21:03:55
HFC_330.wav,91.530,83.24,93.09,105.389,83.239,22.151,32.772,68.277,56.210,2.812,19.98903160057309,345.476,483.046,1747.322,349.167,1.067,90.785,7.030,12.914,9.36,351.516,1074.394,1712.533,2134.789,2730.033,3187.957,567.288,30.849,-1.906,,1.067,21:26:28
HFC_331.wav,92.077,93.50,73.88,107.075,73.879,33.196,23.500,118.909,97.241,3.493,27.83512867923822,327.527,754.454,1611.252,341.228,1.431,50.577,9.782,5.171,10.06,410.262,1004.961,1663.797,2109.120,2826.018,3276.285,573.205,30.530,-0.985,,1.431,21:26:34
HFC_332.wav,82.181,86.79,101.05,105.177,73.182,31.995,11.584,83.781,71.778,2.790,25.725701324745362,316.480,561.777,1390.792,307.167,1.971,47.972,7.863,6.101,11.69,381.579,1061.939,1580.584,2012.758,2671.722,3175.868,558.858,31.314,-0.962,,1.971,21:26:41
HFC_333.wav,82.920,89.81,74.57,105.574,72.452,33.121,9.080,64.930,61.037,3.388,18.01586602188544,319.980,582.855,1214.978,300.697,1.919,49.483,9.121,5.425,11.57,389.365,987.152,1556.091,2036.581,2659.428,3184.118,558.951,31.309,-0.905,,1.919,21:26:49
HFC_334.wav,89.396,89.81,77.12,98.226,77.118,21.108,61.864,86.124,60.896,4.035,15.090289652221328,338.809,826.533,1724.632,352.465,1.115,70.180,7.622,9.207,9.52,381.521,1065.113,1714.396,2144.828,2732.938,3187.662,561.228,31.182,-1.454,,1.115,21:26:52
HFC_335.wav,91.636,77.69,93.63,107.665,77.687,29.978,52.086,73.498,62.418,1.813,34.41931686383445,337.418,449.304,1668.531,341.504,1.379,79.316,6.891,11.510,12.57,349.148,1115.947,1637.949,2056.213,2726.654,3174.327,565.036,30.971,-2.356,,1.379,21:26:58
HFC_336.wav,81.027,103.16,89.09,103.160,72.218,30.942,9.111,87.765,61.286,3.305,18.540693269194467,296.438,417.974,1136.542,299.254,1.664,52.997,10.217,5.187,6.82,361.685,975.150,1587.679,2008.349,2683.334,3222.575,572.178,30.585,-0.940,,1.664,21:27:04
HFC_337.wav,88.200,80.16,78.19,100.606,73.496,27.110,33.793,103.241,72.228,2.117,34.120381478096164,363.365,770.159,1706.086,360.296,1.181,69.109,7.197,9.602,8.95,397.798,1102.657,1700.168,2210.511,2743.882,3227.293,565.899,30.924,-1.416,,1.181,21:27:06
HFC_338.wav,87.370,86.46,93.55,108.073,70.558,37.515,29.324,69.438,50.424,2.539,19.860634981249625,315.903,614.060,1482.215,275.260,2.757,49.715,9.430,5.272,13.37,360.887,1010.209,1606.191,1999.944,2645.569,3194.746,566.772,30.877,-1.272,,2.757,21:27:13
HFC_339.wav,100.439,103.12,105.18,109.277,77.002,32.275,9.461,252.384,103.544,28.283,3.6609528372126943,374.680,698.361,1443.833,398.363,1.326,52.526,8.296,6.331,13.70,397.364,1084.664,1628.781,2088.797,2703.129,3194.754,559.478,31.279,-1.317,unvoiced,1.326,21:27:17
HFC_34.wav,92.739,72.06,81.61,104.603,70.986,33.617,70.553,49.991,47.360,2.090,22.663748862268687,302.363,444.260,1750.347,308.571,1.436,54.229,6.966,7.785,13.01,304.569,1095.422,1662.353,2120.200,2713.502,3310.896,601.265,29.105,-2.313,,1.436,21:04:09
HFC_340.wav,98.533,102.78,91.29,109.888,71.456,38.432,12.046,130.001,76.146,24.061,3.164687140973991,379.480,699.912,1440.211,384.606,1.247,55.553,9.624,5.772,13.04,408.874,1107.283,1597.259,2030.767,2651.821,3198.724,557.970,31.364,-1.607,unvoiced,1.247,21:27:19
HFC_341.wav,94.158,102.87,97.70,109.466,70.374,39.092,5.044,267.364,187.677,31.354,5.985781923042994,386.741,534.712,1429.343,392.738,1.084,60.599,6.916,8.762,17.02,392.238,1008.490,1567.990,1978.925,2599.378,3142.937,550.140,31.810,-1.738,unvoiced,1.084,21:27:21
HFC_342.wav,98.012,102.86,81.38,105.754,81.380,24.373,58.569,57.460,42.074,3.244,12.9711724483493,389.697,487.304,1369.800,387.244,1.387,70.650,7.569,9.335,18.03,383.501,1025.453,1553.797,1934.336,2583.650,3181.302,559.560,31.275,-2.065,,1.387,21:27:23
HFC_343.wav,90.443,76.39,78.96,106.221,76.389,29.832,20.475,91.790,86.503,3.927,22.02681585202916,290.974,383.187,828.768,344.636,1.400,45.372,9.996,4.539,14.55,332.972,1052.186,1602.409,2085.332,2701.241,3263.184,586.042,29.861,-1.358,,1.401,21:27:30
HFC_344.wav,81.331,105.67,97.73,105.672,72.928,32.744,7.635,64.183,47.184,3.341,14.120803370826186,390.462,866.185,1673.631,300.726,1.796,48.683,7.518,6.475,9.40,430.719,1075.698,1621.479,2075.580,2678.618,3218.003,557.457,31.393,-0.836,,1.796,21:27:36
HFC_345.wav,93.897,74.91,82.88,105.846,74.912,30.934,27.060,97.868,78.578,2.997,26.21864391429595,262.168,375.595,598.987,357.648,1.001,59.932,10.490,5.713,13.12,326.204,908.499,1525.318,2017.894,2672.432,3283.482,591.456,29.588,-0.313,,1.001,21:27:42
HFC_346.wav,93.728,88.13,85.44,109.289,81.677,27.611,57.023,75.829,49.201,1.012,48.60049238904624,331.705,553.159,1562.147,328.444,0.988,55.452,7.593,7.303,11.68,342.594,1116.538,1670.087,2157.925,2690.038,3221.741,575.830,30.391,-1.699,,0.988,21:27:44
HFC_347.wav,88.897,79.46,89.29,103.945,79.457,24.488,39.800,113.044,93.648,4.196,22.31900313306008,357.977,713.676,1477.486,350.650,0.834,78.867,9.591,8.223,6.68,389.919,1064.897,1709.170,2187.655,2746.001,3231.567,568.330,30.792,-1.453,,0.834,21:27:46
HFC_348.wav,97.549,83.18,93.77,105.907,76.326,29.581,81.533,68.998,45.850,2.501,18.336386544205677,376.591,811.308,1579.257,385.890,2.200,39.621,10.911,3.631,11.70,445.817,1050.872,1673.799,2100.713,2733.479,3288.613,568.559,30.780,-1.037,,2.200,21:27:47
HFC_349.wav,91.332,76.32,96.10,100.741,71.006,29.735,52.938,68.585,55.149,2.341,23.554795754251675,389.857,430.355,756.483,389.470,2.990,43.475,8.529,5.097,13.59,383.784,1025.137,1601.447,2026.460,2680.730,3187.541,560.751,31.208,-1.738,,2.990,21:27:49
HFC_35.wav,100.661,86.38,105.75,109.339,86.384,22.955,68.145,67.592,30.878,0.447,69.13783782696851,335.343,730.655,1683.904,319.117,1.120,46.132,5.806,7.946,9.94,364.415,1072.298,1728.899,2206.965,2771.710,3252.190,577.555,30.300,-1.178,,1.120,21:04:11
HFC_350.wav,92.578,94.44,87.63,106.211,84.507,21.704,12.072,76.093,65.568,4.148,15.806345560464923,327.366,601.784,1343.640,370.613,1.326,54.248,10.182,5.328,9.14,386.630,1053.966,1664.868,2092.342,2816.442,3244.772,571.628,30.614,-1.324,,1.326,21:27:53
HFC_351.wav,93.200,95.90,99.59,104.722,84.138,20.584,14.414,58.349,41.937,5.070,8.271044235378671,291.388,489.871,1346.543,290.631,1.282,66.445,6.630,10.021,15.37,339.751,1007.272,1614.279,1994.687,2681.799,3195.758,571.201,30.637,-1.436,,1.282,21:27:56
HFC_352.wav,85.489,89.07,77.18,103.943,70.470,33.473,62.755,208.487,106.250,16.270,6.5304611485357515,375.835,717.933,1595.437,381.215,1.260,70.363,7.540,9.332,13.80,373.078,1041.773,1676.198,2023.371,2654.700,3180.410,561.466,31.168,-1.487,unvoiced,1.260,21:27:58
HFC_353.wav,82.639,101.66,76.68,101.809,71.677,30.132,3.318,68.966,60.836,4.846,12.55323865436254,295.468,713.068,1267.344,285.359,1.032,47.492,7.269,6.533,11.92,435.324,1008.389,1588.862,2047.585,2659.938,3199.262,552.788,31.658,-0.987,,1.032,21:28:00
HFC_354.wav,86.255,101.63,76.43,104.894,71.013,33.881,46.325,93.697,77.642,4.234,18.33867281067586,315.660,505.005,1298.058,294.800,1.181,57.974,3.810,15.215,13.60,384.619,1004.184,1569.895,2006.224,2697.045,3265.219,576.120,30.376,-1.125,,1.181,21:28:02
HFC_355.wav,88.989,95.03,92.65,103.186,71.430,31.756,21.431,85.080,54.569,2.655,20.555592117698545,376.976,432.481,857.945,384.333,1.883,55.708,9.291,5.996,12.01,368.980,998.306,1609.012,2017.393,2680.882,3210.727,568.349,30.791,-1.471,,1.883,21:28:03
HFC_356.wav,92.435,98.81,86.79,103.328,77.308,26.020,16.727,76.505,44.681,3.078,14.516011777255533,335.687,503.516,1441.593,310.667,1.787,62.204,10.633,5.850,8.05,355.941,1031.969,1651.300,2099.957,2742.485,3265.525,581.917,30.073,-1.539,,1.787,21:28:06
HFC_357.wav,96.681,82.50,99.02,101.772,76.817,24.955,47.045,43.256,22.480,1.271,17.685916487922828,400.163,422.636,545.034,388.314,1.967,55.019,7.372,7.463,26.48,384.081,948.014,1489.969,1991.006,2634.722,3141.415,551.467,31.734,-1.561,,1.967,21:28:08
HFC_358.wav,88.810,100.45,79.35,105.096,77.382,27.714,12.566,99.107,75.671,5.643,13.4095008511309,315.160,569.713,1354.659,358.038,0.975,61.287,10.773,5.689,9.39,384.144,1046.738,1570.851,2016.845,2741.163,3284.284,580.028,30.171,-1.214,,0.975,21:28:12
HFC_359.wav,98.719,86.41,89.69,105.185,81.347,23.838,64.279,83.526,71.081,4.133,17.19834551728913,342.511,753.676,1321.826,335.865,1.089,52.338,6.888,7.598,12.31,421.329,995.593,1568.093,1965.065,2659.303,3208.001,557.334,31.399,-0.825,,1.089,21:28:13
HFC_36.wav,87.559,106.05,83.63,106.046,72.026,34.020,1.249,92.189,81.386,3.289,24.743513681991953,315.744,517.845,1520.825,369.652,1.216,54.008,7.812,6.914,11.95,348.329,1098.246,1580.041,1933.811,2648.226,3180.907,566.516,30.891,-1.547,,1.216,21:04:12
HFC_360.wav,92.976,86.63,85.54,103.581,72.287,31.294,55.993,95.920,69.193,3.132,22.093128308671666,375.162,603.419,1510.590,387.684,1.756,73.400,8.257,8.890,8.18,391.740,1049.063,1625.859,2011.067,2691.657,3199.869,561.626,31.160,-1.422,,1.756,21:28:15
HFC_361.wav,93.132,82.63,101.10,101.234,82.631,18.603,92.410,41.393,29.760,3.220,9.240983608470474,375.767,496.108,1569.206,373.073,1.708,63.117,6.734,9.373,16.29,379.213,1039.832,1635.136,2035.056,2676.166,3132.558,550.669,31.780,-1.694,,1.708,21:28:17
HFC_362.wav,83.629,94.13,84.16,109.963,70.350,39.613,66.612,193.720,94.606,33.791,2.7997625300433353,316.503,620.537,1336.639,313.543,2.397,42.895,10.012,4.284,12.44,422.672,989.274,1625.101,2026.942,2655.314,3204.649,556.395,31.452,-0.951,unvoiced,2.397,21:28:19
HFC_363.wav,81.994,104.53,87.31,104.623,73.237,31.386,6.631,49.468,37.326,4.040,9.2391247792222,351.841,505.840,1581.406,350.741,2.599,53.707,9.234,5.816,11.18,356.110,1074.947,1704.152,2164.657,2828.194,3314.182,591.614,29.580,-1.897,,2.599,21:28:22
HFC_364.wav,95.028,100.50,81.35,106.590,81.353,25.237,10.553,74.406,61.987,4.119,15.047876908553363,347.941,591.881,1604.206,348.052,2.063,68.107,6.542,10.410,12.66,364.144,1079.290,1654.688,2022.039,2728.333,3212.443,569.660,30.720,-1.629,,2.063,21:28:29
HFC_365.wav,100.593,82.23,78.65,109.595,78.653,30.941,45.781,79.469,63.900,1.651,38.71426096569301,317.118,593.258,1575.764,318.739,1.515,65.999,7.593,8.693,12.04,367.794,1081.617,1680.046,2051.066,2765.442,3292.983,585.038,29.913,-1.404,,1.515,21:28:32
HFC_366.wav,91.500,81.41,83.74,107.163,74.328,32.835,82.922,108.539,97.735,4.514,21.652429398241402,322.987,549.012,1477.323,333.675,1.440,63.451,9.028,7.029,9.55,371.831,1077.038,1617.107,1958.905,2687.183,3226.545,570.943,30.651,-1.184,,1.440,21:28:35
HFC_367.wav,83.210,81.18,99.71,102.179,72.134,30.045,86.943,69.783,27.011,1.919,14.071911868054121,311.072,481.857,1638.682,310.336,1.563,59.188,7.038,8.410,14.56,344.473,1065.824,1717.333,2181.478,2877.919,3306.113,592.328,29.544,-1.626,,1.563,21:28:41
HFC_368.wav,86.415,83.99,91.06,100.565,71.311,29.254,78.112,89.790,57.480,4.232,13.581234262496578,278.455,391.584,706.819,395.493,1.300,65.156,6.541,9.961,15.94,336.908,932.060,1531.643,1963.795,2571.609,3201.669,572.952,30.544,-0.755,,1.300,21:28:43
HFC_369.wav,94.774,80.69,76.61,108.128,76.278,31.850,55.407,98.768,75.768,1.280,59.20879988836309,325.065,732.742,1703.721,317.542,0.781,66.470,7.678,8.657,5.92,344.356,1121.788,1700.951,2175.786,2711.898,3252.144,581.558,30.092,-1.382,,0.781,21:28:46
HFC_37.wav,88.445,73.92,73.39,101.402,73.389,28.013,63.895,35.142,27.597,0.839,32.874313721127216,336.056,664.732,1543.802,352.367,1.787,47.843,6.996,6.839,10.65,354.831,1052.745,1693.154,2114.976,2740.375,3207.976,570.629,30.668,-1.259,,1.787,21:04:17
HFC_370.wav,91.238,87.88,86.37,107.028,80.551,26.477,18.148,76.415,66.133,3.504,18.87218483840768,307.233,368.705,531.330,352.521,1.427,84.888,6.658,12.750,16.22,342.495,973.990,1557.273,1974.751,2681.708,3245.641,580.629,30.140,-0.398,,1.427,21:28:48
HFC_371.wav,89.119,83.34,75.90,106.797,75.903,30.894,19.700,105.629,87.368,4.051,21.565292307169013,265.016,374.508,1010.263,348.675,1.111,61.701,7.652,8.063,11.71,312.864,971.708,1618.669,2038.531,2666.346,3203.404,578.108,30.271,-1.264,,1.111,21:29:02
HFC_372.wav,93.938,100.93,85.45,101.300,84.051,17.250,7.510,90.778,75.103,4.504,16.674512088493447,426.800,943.441,1992.513,369.756,0.777,59.639,7.078,8.426,8.82,422.815,1074.894,1703.815,2183.617,2721.775,3241.668,563.771,31.041,-1.251,,0.777,21:29:04
HFC_373.wav,102.375,101.84,105.93,109.855,81.530,28.325,18.586,126.104,58.742,18.051,3.2541593145620475,402.355,568.915,1647.968,399.910,1.523,55.159,8.862,6.224,15.02,417.110,1082.280,1699.369,2180.369,2719.954,3259.107,568.399,30.788,-1.740,unvoiced,1.523,21:29:05
HFC_374.wav,98.967,83.35,80.82,106.031,80.819,25.212,59.941,58.888,40.354,3.154,12.79524172663047,408.132,505.091,1485.051,394.418,1.427,65.080,7.008,9.286,19.30,392.558,1019.628,1619.698,1969.241,2657.821,3114.216,544.332,32.150,-2.037,,1.427,21:29:08
HFC_375.wav,83.211,102.02,97.91,102.449,70.464,31.985,3.701,64.988,58.359,5.406,10.795079857775457,307.082,631.870,1581.294,289.741,2.775,48.975,9.551,5.128,11.87,391.531,1059.730,1645.093,2148.414,2755.807,3249.060,571.506,30.621,-1.334,,2.775,21:29:16
HFC_376.wav,84.043,98.46,90.54,102.207,70.727,31.480,11.414,97.557,77.857,3.615,21.534203323949743,326.323,789.423,1465.709,384.828,1.106,60.655,8.587,7.064,13.11,441.848,1098.141,1607.636,2011.845,2710.404,3215.583,554.747,31.546,-1.253,,1.106,21:29:19
HFC_377.wav,86.698,95.20,95.34,104.083,71.268,32.815,9.734,105.764,90.385,4.305,20.995094344869937,324.492,621.732,1286.670,385.664,1.278,46.690,6.262,7.456,12.65,370.752,1014.090,1591.635,2009.321,2720.774,3214.331,568.716,30.771,-1.176,,1.278,21:29:21
HFC_378.wav,89.779,101.49,77.91,103.314,71.544,31.770,5.308,103.187,83.253,4.606,18.075793130293924,282.546,522.604,1332.049,282.715,1.194,50.838,7.118,7.142,15.44,333.930,988.082,1617.745,2036.485,2672.090,3183.383,569.890,30.708,-1.274,,1.194,21:29:24
HFC_379.wav,86.082,93.61,97.86,107.181,70.524,36.657,14.485,115.135,95.827,4.970,19.282472564526426,327.678,538.027,1472.732,359.476,1.207,64.986,7.455,8.718,13.41,355.625,1018.690,1630.826,2067.842,2717.162,3263.303,581.536,30.093,-1.548,,1.207,21:29:25
HFC_38.wav,85.744,78.38,73.30,92.520,73.299,19.221,76.934,32.120,29.468,1.924,15.317823493572291,340.316,609.709,2252.198,350.825,1.300,57.742,8.849,6.525,11.74,339.247,1168.114,1723.481,2242.868,2773.108,3317.094,595.569,29.384,-1.942,,1.300,21:04:35
HFC_380.wav,92.681,97.96,74.01,104.124,73.896,30.228,13.744,95.415,77.114,3.607,21.377030770772556,348.549,558.280,1950.154,355.265,0.970,78.823,10.822,7.284,13.40,358.432,1088.845,1699.245,2113.248,2788.766,3281.316,584.577,29.936,-2.043,,0.970,21:29:30
HFC_381.wav,94.907,94.51,83.50,105.708,83.503,22.206,18.228,65.985,39.727,3.089,12.86300153058016,362.532,469.389,1590.480,359.391,1.295,62.900,8.879,7.084,16.28,370.816,1029.835,1651.476,2077.993,2827.497,3301.231,586.083,29.859,-1.990,,1.295,21:29:31
HFC_382.wav,96.453,81.52,93.25,104.986,81.524,23.462,21.424,58.646,44.148,2.090,21.126604194065212,384.533,430.027,815.710,387.149,1.436,65.439,8.707,7.516,19.98,370.771,992.611,1651.409,2076.878,2726.455,3247.226,575.291,30.419,-2.001,,1.436,21:29:32
HFC_383.wav,93.596,94.39,88.01,107.092,84.786,22.306,26.768,59.107,37.716,2.857,13.199103825733435,332.006,490.156,1544.364,334.499,1.225,66.962,9.797,6.835,16.23,370.746,1022.629,1576.946,2005.328,2732.163,3192.956,564.442,31.004,-1.707,,1.225,21:29:41
HFC_384.wav,96.438,92.86,95.90,109.884,82.978,26.906,13.070,151.364,95.028,21.920,4.33521524048502,331.861,482.097,1114.117,405.764,1.049,56.915,8.101,7.026,15.75,369.619,935.140,1554.146,1960.075,2626.251,3148.612,555.798,31.486,-1.318,unvoiced,1.049,21:29:44
HFC_385.wav,80.771,88.17,79.92,92.500,72.011,20.490,88.594,69.124,22.141,1.320,16.76818009381836,300.640,441.755,1485.018,290.963,1.515,52.890,5.612,9.425,16.46,327.986,1039.180,1677.520,2148.269,2785.701,3304.956,595.394,29.392,-1.663,,1.515,21:29:51
HFC_386.wav,91.167,98.47,89.72,100.445,71.655,28.789,16.468,131.337,94.487,4.150,22.769201604319974,415.314,1219.865,2329.090,361.894,1.084,73.853,8.761,8.430,11.24,408.204,1105.707,1705.655,2176.217,2855.304,3307.459,579.851,30.180,-1.304,,1.084,21:29:54
HFC_387.wav,96.014,82.93,81.18,103.593,81.183,22.410,42.174,65.607,46.762,2.480,18.85344722911965,382.110,638.693,1489.678,374.705,2.419,46.021,6.821,6.747,17.80,393.895,997.930,1680.485,2127.227,2755.947,3207.109,562.643,31.103,-1.691,,2.419,21:29:57
HFC_39.wav,92.258,79.92,85.50,107.562,79.923,27.638,62.414,68.323,44.731,1.524,29.359146692247784,334.234,620.424,1813.068,339.729,1.313,72.276,6.475,11.162,11.79,346.661,1093.520,1766.694,2197.233,2779.853,3194.580,569.584,30.724,-2.064,,1.313,21:04:38
HFC_40.wav,89.514,80.55,87.69,105.771,80.546,25.225,40.674,56.402,45.506,3.051,14.917336470947586,341.805,401.129,1122.327,347.344,1.475,84.751,9.152,9.261,14.87,347.834,1052.289,1677.571,2071.405,2689.220,3203.199,571.073,30.644,-2.109,,1.475,21:04:53
HFC_41.wav,90.399,100.76,83.18,106.862,81.607,25.255,70.329,58.735,50.346,4.918,10.237273206966613,332.435,399.633,1227.062,339.421,1.932,60.650,7.765,7.811,16.64,346.567,983.726,1592.146,2001.025,2745.159,3211.855,573.058,30.538,-1.871,,1.932,21:05:00
HFC_42.wav,90.954,75.18,93.06,100.069,75.178,24.891,74.324,42.253,34.877,1.256,27.76529890998583,334.024,938.259,2082.363,365.408,1.194,53.726,9.212,5.832,9.08,350.550,1149.013,1702.089,2233.782,2687.876,3257.933,581.477,30.096,-1.439,,1.194,21:05:10
HFC_43.wav,98.466,78.29,78.45,106.661,78.287,28.374,43.166,50.526,47.961,3.285,14.59912964340592,302.477,434.196,1560.721,307.186,1.370,82.028,8.396,9.770,9.56,335.312,1132.035,1613.595,2074.534,2689.900,3340.232,600.984,29.119,-1.506,,1.370,21:05:12
HFC_44.wav,90.988,84.46,83.79,107.224,78.251,28.973,36.825,62.442,38.573,1.747,22.083183381405956,349.989,481.715,1787.035,349.708,1.431,60.778,8.035,7.564,15.91,375.330,1122.986,1737.981,2190.847,2762.681,3277.370,580.408,30.151,-2.013,,1.431,21:05:14
HFC_45.wav,87.771,80.16,88.28,94.752,80.157,14.595,74.770,29.054,20.098,2.190,9.176753743057436,330.206,868.560,2120.267,355.387,1.141,48.581,9.199,5.281,10.44,343.630,1169.334,1748.334,2209.502,2810.240,3305.108,592.296,29.546,-1.786,,1.141,21:05:36
HFC_46.wav,85.314,79.98,84.61,89.219,79.979,9.240,77.767,45.552,19.168,1.713,11.191974648436648,307.402,448.077,1629.709,349.183,1.168,63.278,5.566,11.369,16.67,333.399,995.783,1703.473,2076.037,2761.876,3229.584,579.237,30.212,-2.038,,1.168,21:05:43
HFC_47.wav,98.975,84.22,71.58,108.774,71.575,37.199,50.148,94.762,51.173,2.071,24.713460440741464,486.506,1191.337,2253.519,321.947,1.207,51.689,9.525,5.427,7.56,445.098,1143.360,1705.786,2182.217,2767.353,3249.053,560.791,31.206,-0.995,,1.207,21:05:53
HFC_48.wav,89.287,80.44,79.27,109.912,70.869,39.043,44.970,172.430,86.590,29.377,2.94749822154271,332.959,661.421,1784.167,328.426,1.242,76.207,7.646,9.967,12.34,376.237,1112.197,1613.801,2105.395,2704.457,3185.666,561.886,31.145,-1.427,unvoiced,1.242,21:05:57
HFC_49.wav,94.443,80.91,91.62,106.014,80.908,25.106,20.129,44.594,38.588,2.583,14.93667317850401,369.099,542.245,1678.112,360.501,2.322,53.532,6.243,8.574,19.90,377.919,1055.760,1662.819,2098.329,2682.456,3174.438,559.304,31.289,-2.116,,2.322,21:06:00
HFC_50.wav,90.321,90.95,86.51,98.352,74.769,23.583,64.625,108.396,35.103,0.447,78.59751073987519,490.340,1091.569,1837.132,367.570,1.120,55.072,8.932,6.165,13.77,451.720,1134.395,1673.145,2205.119,2824.067,3267.944,563.245,31.070,-1.090,,1.120,21:06:03
HFC_51.wav,93.289,99.40,85.02,101.841,78.970,22.871,7.916,95.593,79.962,2.094,38.194591937783144,434.577,978.397,1741.960,366.868,1.194,56.066,6.281,8.927,13.30,447.906,1100.682,1619.536,2136.328,2789.574,3288.895,568.198,30.799,-0.928,,1.194,21:06:05
HFC_52.wav,90.270,82.79,106.42,108.742,79.878,28.863,30.900,103.115,71.531,3.601,19.863151503297658,253.253,356.378,787.324,350.573,1.111,55.163,7.652,7.209,15.47,301.015,1013.834,1591.984,2107.638,2804.596,3422.705,624.338,28.030,-1.088,,1.111,21:06:48
HFC_53.wav,89.168,82.18,87.79,101.154,76.501,24.653,39.250,96.072,58.487,3.855,15.173105244521539,327.740,452.270,1354.522,376.589,1.427,55.162,7.709,7.155,11.08,349.999,1021.173,1558.485,1975.194,2651.700,3239.486,577.897,30.282,-1.485,,1.427,21:06:56
HFC_54.wav,96.218,86.04,84.16,105.846,79.282,26.565,79.328,63.982,19.125,0.961,19.899238850305906,404.559,987.440,2168.331,308.719,1.040,46.970,9.130,5.144,8.45,386.906,1109.124,1697.787,2242.797,2784.230,3310.414,584.702,29.930,-1.184,,1.040,21:07:11
HFC_55.wav,94.042,80.37,86.13,105.056,80.372,24.684,31.440,68.203,54.832,2.284,24.00398084226723,357.065,534.345,1741.101,355.936,1.532,73.231,8.811,8.311,13.80,381.844,1133.048,1671.534,2206.695,2745.325,3242.408,572.113,30.588,-1.736,,1.532,21:07:13
HFC_56.wav,89.963,90.36,104.64,108.033,76.168,31.865,50.652,75.014,63.135,2.431,25.975389869409867,298.269,379.309,1171.654,333.086,1.440,53.436,8.681,6.156,16.18,288.236,1001.953,1666.666,2129.891,2761.697,3392.036,620.760,28.191,-2.512,,1.440,21:07:17
HFC_57.wav,92.978,82.49,85.65,104.402,74.006,30.396,18.123,125.298,111.772,3.686,30.325898102828866,449.734,991.862,1974.957,337.462,1.357,50.908,10.688,4.763,11.98,442.071,1092.302,1683.321,2180.213,2750.400,3203.148,552.215,31.691,-1.280,,1.357,21:07:35
HFC_58.wav,93.907,93.47,97.22,105.250,85.428,19.822,22.011,35.987,21.629,2.223,9.728014512210203,373.462,406.210,692.482,366.334,2.024,54.991,7.164,7.676,22.64,367.128,1089.215,1664.644,2073.785,2753.065,3243.271,575.229,30.423,-1.459,,2.024,21:07:38
HFC_59.wav,95.761,75.65,105.22,108.276,75.647,32.629,86.251,85.845,79.958,3.982,20.07931619601575,316.934,379.518,1046.551,333.688,1.256,52.773,6.770,7.796,14.60,289.704,1003.057,1557.636,2067.101,2783.398,3397.830,621.625,28.152,-1.633,,1.256,21:07:43
HFC_60.wav,86.161,79.23,83.87,94.506,79.226,15.281,32.064,46.134,27.025,2.740,9.864753874656738,276.662,410.072,1266.816,376.566,1.278,55.827,6.653,8.391,13.04,323.038,1002.392,1647.669,2052.294,2671.602,3217.176,578.828,30.234,-1.543,,1.278,21:07:51
HFC_61.wav,95.151,100.73,88.24,107.101,82.006,25.095,10.496,64.334,54.583,2.359,23.1418088448771,311.966,443.088,1241.548,381.316,1.484,51.005,10.445,4.883,16.50,351.487,972.404,1568.833,1953.914,2621.895,3147.005,559.104,31.300,-1.534,,1.484,21:07:53
HFC_62.wav,85.546,82.45,77.70,97.428,77.704,19.724,78.673,77.136,13.548,4.925,2.7510171307453355,338.573,871.099,1782.905,1694.692,0.812,56.939,4.309,13.213,12.73,385.205,1112.272,1675.354,2124.380,2770.937,3239.070,570.773,30.660,-1.092,,0.812,21:08:35
HFC_63.wav,100.733,97.27,77.08,105.242,77.078,28.164,40.840,80.191,38.966,3.504,11.11938661648719,311.655,403.819,1452.032,311.118,0.571,55.153,4.380,12.591,16.20,329.660,1116.416,1724.011,2180.600,2796.964,3347.033,603.475,28.999,-2.070,,0.571,21:08:36
HFC_64.wav,89.157,101.37,81.26,103.821,73.026,30.795,7.447,138.233,113.213,2.797,40.47289600036187,480.084,1115.596,1796.250,373.266,1.251,51.905,5.595,9.278,15.20,525.551,1226.594,1659.757,2154.382,2805.807,3251.293,545.148,32.101,-1.098,,1.251,21:08:37
HFC_65.wav,89.629,100.59,90.76,105.078,73.232,31.845,11.558,109.271,84.050,3.387,24.815666440256855,305.780,720.287,1397.760,367.180,1.181,54.149,7.197,7.524,15.36,405.708,1068.727,1588.151,2080.833,2696.296,3222.735,563.405,31.061,-0.987,,1.181,21:08:42
HFC_66.wav,94.908,94.01,92.81,103.971,85.061,18.910,13.814,47.573,35.089,1.336,26.26598255223574,352.340,505.941,1497.661,361.708,1.497,59.628,7.682,7.762,19.63,365.944,1052.553,1619.234,2101.493,2807.791,3264.858,579.783,30.184,-1.806,,1.497,21:08:44
HFC_67.wav,93.803,98.15,77.55,106.112,77.551,28.562,16.132,80.575,57.296,2.740,20.914192404590203,367.259,452.332,1511.349,356.487,1.278,63.158,7.436,8.494,19.55,365.312,1070.809,1588.520,2111.466,2740.546,3313.439,589.625,29.680,-2.164,,1.278,21:08:47
HFC_68.wav,85.156,102.83,92.13,102.827,71.060,31.768,8.650,151.048,111.769,3.027,36.92503541620772,310.178,680.600,1832.491,371.891,1.321,53.248,5.675,9.382,15.31,378.434,1065.913,1623.473,2097.991,2827.268,3256.931,575.699,30.398,-1.355,,1.321,21:08:50
HFC_69.wav,92.180,96.84,86.71,107.530,84.337,23.193,12.493,48.296,42.187,3.578,11.792052167534905,342.987,588.797,1436.173,343.142,1.677,58.193,6.261,9.295,19.38,378.834,992.650,1661.689,2165.352,2817.556,3314.042,587.042,29.810,-1.858,,1.677,21:08:52
HFC_70.wav,91.724,101.42,102.37,107.058,78.564,28.493,64.937,88.626,62.823,2.789,22.52460229727339,308.956,684.977,1528.926,354.746,2.151,37.461,8.600,4.356,14.56,398.492,1111.048,1702.431,2166.591,2795.042,3319.245,584.151,29.958,-1.417,,2.151,21:09:02
HFC_71.wav,88.488,101.72,95.19,101.911,71.227,30.683,3.802,85.529,73.506,4.633,15.866879070159905,323.368,709.649,1684.188,382.762,1.295,48.978,7.335,6.677,14.30,358.142,1066.547,1662.183,2089.071,2753.995,3284.859,585.343,29.897,-1.591,,1.295,21:09:04
HFC_72.wav,93.095,93.83,93.81,105.434,85.375,20.059,7.084,34.050,30.553,3.228,9.466297199418985,351.047,436.218,1566.847,354.234,2.169,34.562,11.297,3.059,20.08,365.637,1066.446,1666.300,2096.961,2796.790,3255.417,577.956,30.279,-2.611,,2.169,21:09:06
HFC_73.wav,93.804,94.18,82.74,108.709,72.842,35.867,23.386,131.852,119.281,3.886,30.695531304626066,348.351,473.752,1422.522,376.239,1.673,66.786,7.772,8.593,16.23,362.669,1079.979,1566.885,2038.877,2698.656,3184.939,564.454,31.003,-1.884,,1.673,21:09:09
HFC_74.wav,93.107,96.35,88.95,103.424,74.776,28.648,7.241,89.060,79.436,3.292,24.13333886276297,367.316,524.641,1470.973,374.966,1.519,66.147,7.571,8.737,17.33,384.710,1103.026,1552.885,2021.088,2765.193,3237.357,570.529,30.673,-1.662,,1.519,21:09:12
HFC_75.wav,92.023,96.67,89.39,106.922,76.605,30.317,31.026,52.905,32.915,1.129,29.14243095936501,341.828,509.244,1723.886,349.184,2.656,43.240,9.977,4.334,17.84,408.086,1191.278,1700.900,2215.629,2852.937,3290.385,576.460,30.358,-1.657,,2.656,21:09:15
HFC_76.wav,90.193,91.29,78.96,105.388,78.964,26.424,11.572,67.197,53.144,4.700,11.30696703555108,314.343,551.259,1769.713,355.822,1.383,52.695,6.869,7.671,18.26,349.735,1104.690,1679.697,2188.357,2736.929,3245.757,579.204,30.214,-1.906,,1.383,21:09:18
HFC_77.wav,91.964,106.53,83.65,106.533,82.561,23.972,6.540,50.524,39.227,1.560,25.14407545272848,359.763,546.763,1642.274,360.519,1.282,61.838,2.730,22.650,21.08,365.313,1145.867,1572.395,2032.206,2810.853,3229.430,572.824,30.550,-2.187,,1.282,21:09:23
HFC_78.wav,91.689,87.97,85.22,105.083,82.940,22.143,25.738,69.509,62.494,3.719,16.804896898902935,348.328,772.922,1674.899,350.524,1.076,66.736,9.297,7.178,10.54,415.875,1126.575,1692.285,2068.282,2752.786,3237.037,564.233,31.016,-1.179,,1.076,21:09:28
HFC_79.wav,82.686,84.83,98.27,102.546,70.345,32.201,80.574,176.032,104.135,28.663,3.633091516192276,337.399,691.527,1470.145,336.320,2.617,43.335,9.745,4.447,9.49,471.181,1081.916,1707.838,2136.971,2828.765,3332.495,572.263,30.580,-1.172,unvoiced,2.617,21:09:33
HFC_80.wav,92.145,96.35,93.76,105.359,78.484,26.875,17.376,58.988,49.751,2.729,18.228132465853133,374.879,453.441,1593.544,365.173,2.015,69.794,10.173,6.861,14.73,362.618,1026.387,1691.609,2053.243,2745.636,3193.908,566.258,30.905,-2.432,,2.015,21:09:36
HFC_81.wav,95.249,81.84,89.50,106.505,81.842,24.663,23.938,55.219,47.444,2.943,16.121959896930008,362.872,739.261,1493.196,357.318,1.699,61.921,8.534,7.256,15.37,396.995,1027.673,1657.296,1993.392,2753.669,3243.503,569.302,30.739,-1.571,,1.699,21:09:42
HFC_82.wav,94.186,82.71,86.58,103.926,82.707,21.219,20.849,90.904,78.182,4.638,16.857290179517193,362.413,545.893,1445.709,354.623,0.970,77.560,10.822,7.167,12.72,367.156,1023.924,1673.857,2087.786,2772.534,3287.323,584.033,29.964,-1.879,,0.970,21:09:45
HFC_83.wav,93.614,101.56,90.10,102.430,78.887,23.543,82.384,52.121,44.259,4.933,8.972030992649712,333.697,455.413,1261.199,379.994,2.331,53.220,9.008,5.908,14.44,361.610,981.975,1641.118,2052.201,2685.283,3218.185,571.315,30.631,-1.772,,2.331,21:09:46
HFC_84.wav,92.528,98.64,90.29,103.037,80.480,22.557,8.573,78.150,59.902,4.034,14.850910249651932,365.031,425.090,878.261,372.190,2.107,66.212,10.677,6.201,14.04,365.171,1021.674,1610.100,2023.603,2657.826,3175.156,561.997,31.139,-2.221,,2.107,21:09:48
HFC_85.wav,91.454,82.62,100.83,103.628,79.553,24.075,12.769,85.427,67.528,4.798,14.074360918311049,376.246,474.514,1596.390,365.746,1.980,59.279,9.848,6.019,13.94,399.432,1056.813,1667.440,2080.528,2780.419,3237.487,567.611,30.831,-1.707,,1.980,21:09:51
HFC_86.wav,94.212,82.58,89.17,108.778,82.576,26.202,51.437,53.837,50.036,3.908,12.803711746466925,359.118,448.660,1522.316,347.433,3.582,63.319,10.188,6.215,15.10,363.280,1009.591,1665.338,2047.686,2723.099,3192.026,565.749,30.932,-2.110,,3.582,21:09:53
HFC_87.wav,90.269,84.26,84.84,98.991,78.365,20.627,39.078,78.541,42.135,2.730,15.433016831251402,338.244,470.155,1387.024,366.278,2.564,48.827,12.091,4.038,7.10,385.609,1075.641,1652.908,2104.197,2818.798,3279.548,578.788,30.236,-1.423,,2.564,21:09:58
HFC_88.wav,92.018,102.62,86.08,105.522,83.415,22.107,9.854,56.235,48.269,4.229,11.415008219916697,361.964,483.920,1675.641,350.956,1.774,53.407,7.611,7.017,15.62,378.166,1043.623,1656.785,2069.337,2791.713,3307.188,585.804,29.873,-1.903,,1.774,21:10:01
HFC_89.wav,91.216,101.31,95.09,103.466,78.101,25.365,4.132,70.099,64.406,3.846,16.7483393956644,361.596,433.176,1217.657,366.587,1.690,71.050,5.620,12.641,19.36,376.151,1017.119,1540.234,1968.895,2677.959,3207.133,566.196,30.908,-1.988,,1.690,21:10:03
HFC_90.wav,94.581,80.39,87.70,103.570,80.390,23.180,20.061,70.152,61.038,3.771,16.18571083535707,371.008,556.424,1605.661,355.323,1.326,76.475,9.428,8.112,14.62,368.096,1027.801,1687.005,2058.984,2711.167,3241.816,574.744,30.448,-2.157,,1.326,21:10:06
HFC_91.wav,92.299,100.92,88.75,104.666,82.196,22.470,6.314,57.436,50.793,5.209,9.750976309651952,350.894,446.942,1436.277,373.180,2.112,55.243,8.761,6.306,12.36,357.638,1034.323,1652.316,2023.129,2690.984,3202.255,568.923,30.760,-2.364,,2.112,21:10:08
HFC_92.wav,87.760,106.65,84.12,107.025,71.491,35.534,11.688,70.122,49.973,3.865,12.928471839453959,354.339,517.739,1528.362,353.271,2.716,55.133,9.755,5.652,12.84,381.341,1054.506,1643.908,2099.674,2713.481,3279.071,579.546,30.196,-1.410,,2.716,21:10:10
HFC_93.wav,81.416,93.62,87.74,103.231,70.831,32.400,3.464,70.140,67.853,3.381,20.07071249468807,304.779,562.190,1282.334,293.302,2.366,28.387,10.776,2.634,14.90,408.675,1000.568,1699.910,2189.353,2849.738,3351.983,588.662,29.728,-1.038,,2.366,21:10:13
HFC_94.wav,94.089,77.43,84.80,107.251,77.433,29.817,24.543,49.624,39.009,3.123,12.492000843497523,346.816,429.050,1376.469,339.666,2.722,58.189,6.429,9.051,13.95,352.354,1106.788,1657.639,2058.518,2685.741,3210.403,571.610,30.615,-1.797,,2.722,21:10:16
HFC_95.wav,91.843,101.15,76.21,102.428,76.207,26.222,76.368,57.558,46.518,3.042,15.29441833240272,295.726,427.352,1132.937,369.277,1.480,58.971,7.773,7.587,15.12,366.788,980.867,1518.580,1936.590,2567.108,3126.920,552.026,31.701,-1.050,,1.480,21:10:21
HFC_96.wav,81.278,103.78,74.09,106.259,71.164,35.095,10.414,61.061,35.894,2.460,14.592255837829635,300.341,491.771,1284.045,292.467,2.033,44.791,8.117,5.518,14.26,393.647,1040.994,1669.563,2198.015,2879.877,3351.227,591.516,29.585,-1.066,,2.033,21:10:22
HFC_97.wav,93.495,79.05,89.93,102.154,79.050,23.104,28.327,74.193,52.105,2.389,21.808226373638202,373.995,532.949,1565.422,369.394,1.256,80.830,6.770,11.940,12.72,360.407,1061.472,1675.449,2066.345,2727.257,3254.762,578.871,30.231,-2.120,,1.256,21:10:27
HFC_98.wav,92.683,79.76,93.36,104.834,79.763,25.072,24.948,51.846,41.899,3.891,10.767184136552343,371.294,491.718,1791.448,356.851,1.927,61.790,3.891,15.879,18.82,369.663,1020.225,1766.097,2106.046,2812.385,3194.316,564.931,30.977,-2.315,,1.927,21:10:32
HFC_99.wav,88.538,86.28,105.46,106.061,79.242,26.819,20.118,89.590,55.928,3.154,17.73335127493033,298.051,400.325,1104.721,354.525,1.427,60.939,7.709,7.905,14.22,318.472,998.872,1611.003,2079.552,2688.453,3231.337,582.573,30.039,-1.395,,1.427,21:10:36
LFC_01.wav,76.987,71.44,86.78,98.114,71.442,26.672,91.147,49.066,47.505,2.984,15.920190969755913,252.612,908.116,2974.930,352.205,1.005,34.196,12.931,2.645,6.98,319.132,1243.812,1741.919,2307.909,2833.036,3420.023,620.178,28.218,-1.689,,1.005,21:04:00
LFC_02.wav,82.171,70.80,96.84,96.843,70.801,26.042,98.456,50.663,49.098,1.486,33.05129190370942,263.494,958.311,2777.227,157.244,1.010,30.683,8.913,3.443,6.04,508.640,1149.739,1780.198,2280.588,2981.700,3547.451,607.762,28.794,-1.086,,1.010,21:10:54
LFC_03.wav,74.617,70.68,83.50,83.501,70.683,12.818,97.270,29.598,28.208,2.462,11.455104686222327,176.525,674.298,4519.382,150.257,0.812,27.487,10.465,2.626,11.57,307.936,1086.192,1709.516,2283.719,2965.303,3586.484,655.710,26.689,-3.236,,0.812,21:16:12
LFC_04.wav,82.766,75.85,82.63,89.253,73.741,15.512,21.883,34.181,33.344,1.064,31.326781508189345,254.027,487.381,1891.965,333.524,1.409,32.357,10.644,3.040,11.55,323.300,812.699,1698.960,2202.093,2897.065,3404.032,616.146,28.402,-2.338,,1.409,21:17:17
LFC_05.wav,90.578,71.10,95.50,98.797,71.097,27.701,83.068,47.712,46.545,1.582,29.42598001578255,284.676,454.026,1494.971,290.646,1.264,32.942,7.513,4.384,13.19,314.873,1131.664,1522.874,1981.946,2650.859,3228.467,582.719,30.032,-1.775,,1.264,21:18:36
LFC_06.wav,83.658,75.71,77.87,87.570,75.465,12.105,51.260,28.496,27.038,4.314,6.267777698875326,341.160,459.191,1792.434,341.176,1.159,56.983,7.334,7.770,11.83,341.817,1184.539,1675.822,2196.170,2783.130,3292.078,590.052,29.658,-2.009,,1.159,21:28:34
