file, Mean F0 (Hz),Start F0 (Hz),End F0 (Hz),Max F0 (Hz),Min F0 (Hz),Range F0 (Hz),Time max F0 (%),F0 Abs Slope,F0 var (Hz/s),FM Rate (s-1),FM Extent (Hz),Q25% (Hz),Q50% (Hz),Q75% (Hz),Fpeak (Hz),Sound duration (s), AM var (dB/s), AM rate (s-1), AM extent (dB),Harmonicity, F1 mean (Hz),F2 mean (Hz),F3 mean (Hz),F4 mean (Hz),F5 mean (Hz),F6 mean (Hz),formant dispersal (Hz),vocal tract length (cm),mean wiener entropy,Comment,Duration(s),Start
HFC_01.wav,95.381,88.58,76.72,105.783,73.745,32.038,66.981,85.113,38.136,1.228,31.058186820821028,308.903,354.237,841.390,301.870,1.629,50.663,7.367,6.877,21.96,354.114,977.960,1658.322,2021.044,2712.696,3290.483,587.274,29.799,-1.366,,1.629,21:30:03
HFC_02.wav,103.204,97.88,102.37,105.680,97.882,7.798,47.774,23.033,15.163,0.548,27.69377658026019,310.629,356.153,832.757,311.461,0.913,49.146,4.928,9.973,18.86,327.204,964.037,1686.358,2069.790,2777.137,3266.816,587.922,29.766,-1.442,,0.913,21:30:14
HFC_03.wav,80.933,87.24,92.00,96.872,72.964,23.908,84.150,59.011,52.393,3.674,14.260937172074627,306.771,382.859,1235.661,301.103,1.089,50.305,6.888,7.303,17.67,329.209,1027.079,1666.436,2067.844,2703.903,3285.922,591.343,29.594,-1.871,,1.089,21:30:15
HFC_04.wav,90.548,95.32,79.02,103.572,79.017,24.555,14.289,61.089,48.011,3.543,13.550408668862636,283.543,496.038,1303.956,270.385,0.988,60.993,5.568,10.955,13.18,323.902,967.766,1609.775,2035.631,2694.906,3175.067,570.233,30.689,-1.602,,0.988,21:30:17
HFC_05.wav,99.712,97.70,81.11,108.368,71.947,36.421,77.589,69.780,41.548,2.608,15.93004031743367,320.147,350.086,584.324,319.942,1.725,49.281,7.824,6.298,21.63,345.850,1006.814,1528.814,2008.145,2655.418,3191.172,569.064,30.752,-1.351,,1.725,21:30:18
HFC_06.wav,94.805,104.04,73.16,109.461,72.782,36.679,73.450,146.380,73.863,20.996,3.5179581891895273,318.674,384.773,1019.161,325.007,3.929,52.364,10.053,5.209,16.90,352.345,1014.691,1604.263,2061.922,2651.027,3211.417,571.814,30.604,-1.678,unvoiced,3.929,21:30:23
HFC_07.wav,79.844,97.39,96.22,99.002,74.345,24.657,25.434,70.721,43.999,4.206,10.460982718962402,330.150,529.185,1282.524,309.688,1.545,66.682,8.412,7.927,12.60,384.826,1042.487,1529.403,2053.849,2678.194,3212.684,565.572,30.942,-0.943,,1.545,21:30:30
HFC_08.wav,92.567,93.05,88.54,109.839,70.335,39.504,8.795,109.553,80.222,9.544,8.40573934842441,324.545,497.112,1435.230,328.039,2.358,63.832,13.785,4.630,13.11,365.453,1067.368,1601.942,2073.889,2647.512,3237.373,574.384,30.467,-1.342,unvoiced,2.358,21:30:32
HFC_09.wav,91.790,87.15,86.08,105.521,85.142,20.379,41.012,68.942,48.352,1.532,31.55829883788084,352.484,561.678,1792.217,349.373,0.979,66.221,8.171,8.104,11.25,358.392,1125.959,1734.043,2213.375,2802.909,3246.342,577.590,30.298,-1.854,,0.979,21:30:37
HFC_10.wav,79.784,91.25,73.86,98.274,73.862,24.412,20.552,37.790,28.564,3.534,8.081657953639088,307.537,413.881,1184.806,316.336,1.273,54.384,10.603,5.129,12.77,363.469,1064.211,1564.866,1985.202,2606.557,3194.653,566.237,30.906,-1.445,,1.273,21:30:39
HFC_100.wav,92.409,76.50,88.20,104.487,76.496,27.991,27.290,104.515,91.441,2.892,31.614636766472767,351.949,557.123,1494.929,350.022,1.383,65.370,8.316,7.861,11.63,380.831,1048.070,1510.426,2067.150,2695.106,3193.050,562.444,31.114,-1.631,,1.383,21:37:05
HFC_101.wav,80.265,104.46,76.84,105.314,71.987,33.327,18.096,49.337,30.939,2.912,10.624900613325716,304.076,404.630,1122.643,301.644,1.545,46.382,8.736,5.309,14.90,349.806,1004.265,1603.854,2021.545,2654.668,3214.966,573.032,30.539,-1.170,,1.545,21:37:10
HFC_102.wav,82.056,105.77,87.26,105.774,74.426,31.348,10.751,56.648,25.891,4.605,5.622875010364853,307.283,506.727,1290.270,303.961,1.629,58.933,9.516,6.193,12.05,375.169,1057.633,1556.914,2005.671,2637.166,3209.343,566.835,30.873,-1.145,,1.629,21:37:24
HFC_103.wav,89.944,86.53,85.96,100.531,85.835,14.696,66.927,73.278,23.947,2.574,9.304492740776922,306.276,689.851,1549.086,271.769,0.777,65.288,7.078,9.224,12.33,382.928,1028.613,1662.609,2115.475,2801.748,3235.946,570.604,30.669,-1.272,,0.777,21:37:40
HFC_104.wav,80.768,91.01,92.68,102.757,71.030,31.727,62.954,78.146,49.098,2.114,23.226007449806588,315.904,670.678,1351.639,290.576,1.892,47.299,9.777,4.838,9.56,410.667,1041.820,1623.732,2108.248,2753.386,3268.135,571.494,30.622,-1.141,,1.892,21:37:40
HFC_105.wav,94.068,105.02,77.98,109.489,77.535,31.953,7.169,169.107,101.772,14.667,6.938734290191698,338.373,580.097,1501.336,397.019,1.159,56.896,7.334,7.758,13.45,378.882,1035.604,1624.023,2081.627,2735.339,3230.019,570.228,30.690,-1.420,unvoiced,1.159,21:37:43
HFC_106.wav,91.719,97.04,91.94,107.390,79.693,27.697,9.959,84.198,67.880,4.171,16.275933917938357,339.871,457.279,1501.273,368.286,1.559,49.614,8.341,5.948,18.48,359.969,1066.606,1605.742,2070.149,2871.332,3316.273,591.261,29.598,-1.714,,1.559,21:37:45
HFC_107.wav,85.443,74.22,91.70,107.023,72.126,34.897,42.203,86.459,62.750,3.823,16.413368349099063,336.574,513.955,1673.887,329.638,2.485,51.746,8.049,6.429,14.00,380.867,1102.828,1645.953,2105.894,2849.930,3333.257,590.478,29.637,-1.538,,2.485,21:37:47
HFC_108.wav,81.110,92.49,86.36,105.752,71.933,33.819,9.796,68.369,62.963,4.931,12.768194798618445,330.027,523.910,1279.524,302.014,2.129,47.219,8.688,5.435,13.57,370.567,997.528,1613.158,2051.402,2736.742,3231.476,572.182,30.585,-0.987,,2.129,21:37:52
HFC_109.wav,90.040,94.26,85.36,104.886,84.515,20.372,35.117,73.993,43.218,2.612,16.54503608076563,335.370,493.915,1817.678,334.070,0.957,90.837,9.926,9.151,11.99,335.802,1130.587,1745.906,2157.005,2723.839,3279.726,588.785,29.722,-2.170,,0.957,21:37:57
HFC_11.wav,84.262,82.27,101.42,102.221,73.816,28.405,93.293,111.708,70.612,3.573,19.762819196897137,328.577,649.769,1362.215,334.365,1.120,55.038,11.165,4.929,3.92,382.429,1053.751,1644.115,2073.990,2725.434,3238.220,571.158,30.639,-1.057,,1.120,21:30:42
HFC_110.wav,90.151,81.05,81.57,107.031,71.238,35.793,19.303,106.051,94.337,3.629,25.996715330902536,317.608,797.436,1425.022,844.830,1.791,52.439,8.932,5.871,8.93,441.073,1042.500,1687.384,2223.012,2827.931,3333.735,578.532,30.249,-0.821,,1.791,21:38:01
HFC_111.wav,92.523,82.38,82.16,105.883,79.043,26.841,41.513,77.820,49.770,2.071,24.035434530268656,358.768,467.710,1621.270,359.527,1.207,71.283,8.283,8.606,12.08,351.691,1097.842,1639.766,2104.862,2683.360,3204.681,570.598,30.670,-2.016,,1.207,21:38:04
HFC_112.wav,90.817,86.17,105.32,105.756,75.738,30.018,26.737,103.964,77.159,2.380,32.42322569631828,300.490,525.849,1558.609,300.381,1.471,67.674,10.539,6.421,8.52,329.487,1037.908,1674.513,2128.447,2787.173,3212.312,576.565,30.352,-1.516,,1.471,21:38:08
HFC_113.wav,83.681,93.87,87.27,103.748,73.227,30.521,8.423,75.478,64.253,5.058,12.704433517900256,313.426,410.248,1064.612,359.897,2.669,55.976,12.925,4.331,12.46,346.120,1014.263,1634.399,2094.454,2655.005,3183.126,567.401,30.842,-1.620,,2.669,21:38:12
HFC_114.wav,82.557,91.67,83.46,106.734,74.390,32.344,13.884,49.942,38.172,3.109,12.279661435696717,309.070,382.529,1230.152,309.373,1.769,64.352,12.152,5.296,16.45,323.354,1050.994,1631.750,2099.956,2672.107,3197.976,574.924,30.439,-1.741,,1.769,21:38:16
HFC_115.wav,81.149,94.32,83.63,102.056,74.445,27.611,8.456,56.630,52.324,3.855,13.574231767948636,304.892,465.467,1489.201,305.814,1.427,67.707,11.214,6.038,11.48,326.796,1026.605,1638.662,2098.033,2707.748,3193.692,573.379,30.521,-1.613,,1.427,21:38:22
HFC_116.wav,91.100,100.35,105.60,109.669,70.651,39.018,63.356,201.388,125.271,31.773,3.9426292056390224,366.540,513.495,1550.276,319.430,3.824,61.764,11.245,5.493,13.70,369.736,1026.664,1606.232,2074.664,2683.112,3174.761,561.005,31.194,-1.740,unvoiced,3.824,21:38:26
HFC_117.wav,79.229,101.49,79.73,101.562,73.534,28.027,12.107,48.401,39.869,4.202,9.48693984312537,295.430,373.740,1166.130,296.239,1.190,51.514,8.825,5.837,14.40,320.884,941.035,1626.193,2087.588,2693.697,3150.557,565.935,30.922,-1.662,,1.190,21:38:30
HFC_118.wav,80.405,88.07,91.48,92.654,71.229,21.425,32.683,66.648,34.521,2.090,16.5197594072404,289.744,628.412,1198.929,275.192,0.957,61.372,9.404,6.526,11.71,378.623,989.311,1552.003,2032.962,2717.625,3247.319,573.739,30.502,-1.072,,0.957,21:38:31
HFC_119.wav,80.976,89.22,88.46,101.917,71.686,30.231,5.603,53.399,49.484,5.322,9.298408135115384,307.835,516.449,1463.211,299.883,2.349,50.755,10.431,4.866,11.47,351.341,1012.875,1687.543,2104.332,2757.685,3207.486,571.229,30.636,-1.461,,2.349,21:38:33
HFC_12.wav,94.400,101.64,100.37,104.660,74.949,29.711,88.192,92.815,83.679,4.106,20.379457755293682,360.907,608.722,1430.363,379.671,2.314,53.555,6.699,7.994,13.76,404.399,1023.313,1605.832,2038.218,2669.448,3210.295,561.179,31.184,-1.253,,2.314,21:30:44
HFC_120.wav,83.285,92.14,78.26,104.450,74.635,29.814,22.210,70.956,44.823,2.317,19.341115330217853,308.681,544.968,1739.059,306.750,1.510,62.020,12.250,5.063,10.62,338.916,1032.562,1660.829,2128.995,2804.207,3212.740,574.765,30.447,-1.750,,1.510,21:38:46
HFC_121.wav,83.056,78.85,85.01,94.135,71.966,22.169,30.306,47.779,44.985,3.872,11.617530389207545,316.174,618.988,1599.913,311.770,2.195,61.789,11.617,5.319,11.43,346.050,1036.341,1672.810,2064.277,2716.628,3197.984,570.387,30.681,-1.724,,2.195,21:38:51
HFC_122.wav,81.101,105.98,97.49,105.981,71.255,34.727,4.070,72.751,55.550,2.453,22.64617459219743,283.753,340.541,676.632,279.831,1.427,49.130,6.308,7.789,18.03,313.925,870.428,1553.864,1930.121,2648.678,3175.573,572.330,30.577,-1.256,,1.427,21:38:53
HFC_123.wav,90.902,98.60,81.28,106.057,77.003,29.053,81.257,75.347,52.366,4.012,13.051297673690527,338.659,377.007,650.127,336.795,1.620,70.185,8.950,7.841,17.09,339.843,1006.526,1639.368,2081.695,2756.927,3259.373,583.906,29.971,-1.291,,1.620,21:38:56
HFC_124.wav,83.571,101.35,81.80,106.822,73.195,33.627,16.514,75.023,57.538,4.403,13.068347518311343,309.544,554.640,1736.352,302.593,1.703,55.621,12.034,4.622,9.02,341.592,1081.998,1655.822,2101.344,2751.447,3213.503,574.382,30.468,-1.643,,1.703,21:38:59
HFC_125.wav,81.950,84.92,76.61,98.612,73.520,25.092,39.060,92.879,51.660,2.141,24.132068580578583,303.950,459.821,1598.322,307.115,1.168,57.502,8.563,6.715,10.12,338.218,1064.576,1634.320,2119.850,2732.619,3234.839,579.324,30.208,-1.650,,1.168,21:39:22
HFC_126.wav,91.886,90.40,81.49,106.948,78.913,28.035,75.659,120.070,113.367,4.602,24.63671432295276,331.794,417.523,1719.738,325.246,0.869,90.285,8.628,10.464,11.41,336.235,1082.836,1634.011,2011.471,2692.044,3142.523,561.258,31.180,-2.290,,0.869,21:39:26
HFC_127.wav,86.510,87.57,88.44,102.836,73.909,28.927,29.863,80.368,46.356,3.203,14.47195667884081,339.017,515.680,1763.847,360.077,1.405,84.148,7.474,11.259,7.33,341.691,1035.154,1703.820,2128.854,2687.325,3206.601,572.982,30.542,-1.937,,1.405,21:39:30
HFC_128.wav,92.853,84.23,81.02,103.290,81.020,22.270,22.797,89.013,67.262,4.442,15.14077218239729,348.459,753.429,1827.601,371.235,1.238,55.140,9.289,5.936,11.90,358.607,1097.282,1705.593,2068.260,2655.112,3165.302,561.339,31.175,-1.594,,1.238,21:39:35
HFC_129.wav,82.672,90.46,79.76,102.246,72.403,29.843,16.160,85.835,71.057,3.584,19.82689461230821,308.662,464.321,1429.667,309.333,1.256,63.827,9.955,6.411,10.36,362.160,1012.597,1653.925,2147.826,2707.519,3245.838,576.736,30.343,-1.287,,1.256,21:39:36
HFC_13.wav,90.404,100.38,95.87,107.056,74.212,32.844,14.610,96.823,71.563,3.525,20.301151096112424,345.817,491.305,1475.286,366.303,1.844,64.101,10.033,6.389,6.42,374.808,1066.991,1720.721,2164.427,2799.979,3381.993,601.437,29.097,-1.613,,1.844,21:30:47
HFC_130.wav,96.405,99.04,96.92,102.726,84.507,18.218,8.693,44.142,34.945,4.012,8.71079375886209,382.907,470.808,1739.818,381.435,2.243,56.944,7.355,7.743,21.00,376.776,984.962,1717.174,2044.265,2676.908,3156.709,555.987,31.476,-2.420,,2.243,21:39:38
HFC_131.wav,96.130,84.72,85.93,104.174,84.605,19.569,72.881,78.996,54.450,4.657,11.691590658582074,395.557,978.196,2126.454,384.619,1.181,60.732,7.197,8.438,12.58,381.578,1038.431,1697.973,2151.761,2665.525,3188.059,561.296,31.178,-1.511,,1.181,21:39:50
HFC_132.wav,91.601,84.26,97.46,103.340,75.861,27.479,25.656,66.881,43.409,2.115,20.528031484338822,373.348,444.968,1513.374,369.746,1.655,73.935,6.948,10.641,17.61,360.576,970.743,1714.131,2019.839,2709.299,3142.566,556.398,31.452,-2.372,,1.655,21:39:51
HFC_133.wav,93.197,89.09,98.64,98.653,83.833,14.821,82.642,42.904,29.819,2.603,11.454967109839515,381.565,441.202,1333.073,376.199,1.537,84.520,5.532,15.279,18.75,365.421,929.254,1705.128,1989.815,2703.784,3057.332,538.382,32.505,-2.311,,1.537,21:39:54
HFC_134.wav,102.268,89.59,106.48,107.261,89.593,17.668,56.737,42.196,32.127,3.984,8.06316919432607,314.599,341.238,533.503,310.336,1.506,77.412,8.301,9.326,21.17,319.468,1028.956,1663.680,2100.371,2727.853,3229.714,582.049,30.066,-1.088,,1.506,21:39:56
HFC_135.wav,85.867,74.77,86.36,90.373,74.766,15.607,66.173,48.232,42.695,5.147,8.294556611913652,275.014,387.679,1042.369,352.950,0.777,66.216,7.078,9.356,12.16,325.611,908.646,1653.314,1978.998,2708.682,3218.935,578.665,30.242,-1.300,,0.777,21:39:57
HFC_136.wav,83.665,88.47,81.34,100.685,72.937,27.748,34.376,78.808,70.442,4.555,15.462974401638625,327.123,523.742,1688.324,325.360,2.524,75.450,10.894,6.926,12.01,349.358,1074.448,1680.766,2126.108,2704.896,3203.253,570.779,30.660,-1.882,,2.524,21:40:02
HFC_137.wav,91.412,103.12,81.84,105.771,77.277,28.494,17.335,95.584,51.785,4.446,11.647158263373589,306.814,405.925,1424.571,305.987,1.462,77.876,10.944,7.116,11.97,339.744,1051.468,1661.748,2114.557,2739.853,3256.893,583.430,29.995,-1.637,,1.462,21:40:12
HFC_138.wav,100.704,70.87,105.86,109.658,70.656,39.002,27.191,195.417,38.721,12.505,3.0963855605440633,311.394,372.662,763.118,329.853,1.120,85.310,9.826,8.682,12.86,299.993,1003.559,1665.047,2135.453,2799.073,3442.554,628.512,27.844,-1.172,unvoiced,1.120,21:40:15
HFC_139.wav,91.892,90.38,107.61,107.613,74.015,33.599,94.242,102.027,91.338,4.662,19.592003864017027,290.053,462.344,1723.395,275.832,1.501,60.424,6.993,8.641,11.77,319.041,1116.501,1745.839,2176.251,2845.113,3339.557,604.103,28.969,-2.031,,1.501,21:40:19
HFC_14.wav,82.275,94.73,72.46,100.735,71.503,29.233,10.531,95.247,78.260,4.496,17.407993828628232,279.305,357.359,977.030,279.758,1.001,49.279,5.495,8.968,16.60,297.795,911.918,1535.045,1951.370,2663.270,3137.508,567.943,30.813,-1.517,,1.001,21:30:50
HFC_140.wav,88.391,87.79,108.02,108.020,71.522,36.498,98.937,106.301,90.559,3.559,25.444736721244062,295.894,538.364,1499.768,291.493,1.405,60.613,10.321,5.873,8.36,359.057,1057.348,1742.656,2162.777,2836.960,3236.144,575.417,30.413,-1.528,,1.405,21:40:25
HFC_141.wav,93.902,99.84,94.23,104.256,78.568,25.687,17.072,84.333,50.015,3.189,15.684211501515664,353.855,782.447,1582.133,376.040,1.098,55.343,5.922,9.345,11.25,407.227,1084.695,1637.031,2051.502,2790.855,3229.530,564.461,31.003,-1.120,,1.098,21:40:26
HFC_142.wav,84.968,98.72,75.17,102.327,71.052,31.275,7.566,99.834,75.615,3.635,20.803327797540902,330.688,816.920,1453.909,281.777,1.238,49.052,11.712,4.188,11.88,425.760,1059.657,1644.783,2105.796,2745.564,3202.728,555.394,31.509,-1.172,,1.238,21:40:28
HFC_143.wav,83.543,89.34,98.16,100.274,70.718,29.557,36.304,114.222,53.081,1.585,33.47982943144135,316.654,478.871,1275.525,319.039,1.892,59.011,7.663,7.701,8.00,357.364,1023.158,1631.144,2090.682,2723.557,3221.051,572.737,30.555,-1.459,,1.892,21:40:29
HFC_144.wav,91.507,86.23,75.43,107.123,74.648,32.475,29.127,120.168,107.904,3.294,32.75501832187676,368.235,782.370,1591.890,356.783,1.062,70.297,8.000,8.787,10.62,418.132,1047.046,1729.468,2198.066,2779.377,3232.078,562.789,31.095,-1.320,,1.062,21:40:31
HFC_145.wav,84.079,108.59,92.62,108.695,70.688,38.006,8.188,68.817,52.961,2.926,18.102793196093682,322.204,601.095,1408.254,320.846,2.393,54.079,10.866,4.977,7.53,369.880,1038.331,1662.551,2123.555,2728.950,3216.473,569.319,30.739,-1.329,,2.393,21:40:33
HFC_146.wav,83.274,101.72,79.50,102.693,70.444,32.249,2.654,65.501,59.863,4.420,13.542839889169166,353.467,866.688,1671.828,305.632,1.923,46.463,11.181,4.156,11.05,458.178,1084.671,1635.687,2155.599,2788.571,3288.351,566.035,30.917,-0.981,,1.923,21:40:35
HFC_147.wav,78.428,86.18,70.33,109.485,70.335,39.150,13.640,143.938,84.811,17.601,4.818564118231202,385.473,742.040,1581.479,399.860,1.449,53.935,5.867,9.193,15.19,415.920,1043.153,1594.628,2044.987,2657.956,3076.326,532.081,32.890,-1.267,unvoiced,1.449,21:40:38
HFC_148.wav,96.830,85.49,94.62,103.141,85.490,17.651,21.016,41.025,30.461,2.934,10.38231972312601,380.188,462.019,1524.910,376.914,1.875,72.330,5.068,14.273,20.11,374.249,956.909,1638.687,2029.817,2716.387,3147.133,554.577,31.556,-2.172,,1.875,21:40:41
HFC_149.wav,92.895,80.60,83.88,106.620,80.605,26.015,30.057,75.840,57.022,4.369,13.051098027086153,331.606,627.778,1546.823,358.440,1.717,50.022,10.486,4.770,11.76,374.679,1047.985,1703.941,2127.517,2776.760,3297.907,584.646,29.933,-1.336,,1.717,21:40:46
HFC_15.wav,93.457,93.41,94.09,101.582,74.901,26.681,44.441,40.851,30.905,3.883,7.959894464704441,372.506,443.604,1189.312,389.130,1.932,54.187,10.612,5.106,9.44,383.719,1014.789,1643.686,2030.048,2710.913,3186.423,560.541,31.220,-1.688,,1.932,21:30:51
HFC_150.wav,88.267,84.08,84.32,103.427,71.916,31.511,17.040,108.153,92.724,4.085,22.7011030970362,349.923,736.838,1612.483,360.329,2.081,56.647,8.890,6.372,8.59,419.557,1056.054,1723.195,2176.539,2812.531,3272.100,570.509,30.674,-1.475,,2.081,21:40:48
HFC_151.wav,91.844,102.84,77.67,108.491,77.671,30.820,25.013,97.991,86.944,4.141,20.99380580710082,318.833,398.489,851.507,361.828,1.207,62.105,10.353,5.999,12.22,339.121,997.849,1576.449,2096.247,2771.561,3279.553,588.086,29.758,-1.145,,1.207,21:40:50
HFC_152.wav,94.155,84.54,72.94,104.537,72.938,31.599,68.524,87.367,61.402,3.917,15.676777810345879,361.748,581.713,1603.102,377.341,1.660,61.065,9.641,6.334,15.01,373.885,1006.641,1669.803,2031.184,2690.552,3118.095,548.842,31.885,-1.549,,1.660,21:40:54
HFC_153.wav,92.776,72.64,81.15,101.734,72.643,29.091,75.700,31.060,27.964,0.883,31.675285876465466,334.248,848.677,1956.304,367.066,1.699,42.244,7.357,5.742,13.41,382.270,1139.163,1700.141,2032.149,2895.600,3265.558,576.658,30.347,-1.427,,1.699,21:40:57
HFC_154.wav,92.987,93.85,100.36,100.897,76.139,24.758,69.371,79.686,74.972,2.531,29.622831974740727,237.381,520.565,1868.597,179.831,0.988,44.882,11.642,3.855,8.26,295.741,1145.113,1697.219,2178.498,2781.298,3350.279,610.908,28.646,-1.912,,0.988,21:41:14
HFC_155.wav,98.224,100.57,85.52,105.201,85.517,19.684,19.042,59.868,32.441,2.338,13.87630596485366,308.689,382.728,1292.698,304.529,1.497,56.049,9.018,6.216,19.49,344.396,1060.487,1589.155,2036.463,2610.828,3215.825,574.286,30.473,-1.856,,1.497,21:41:25
HFC_156.wav,82.564,108.55,81.81,108.555,71.935,36.620,10.626,66.486,42.156,3.425,12.307708704636521,320.135,421.139,1182.531,314.644,2.336,42.635,10.918,3.905,19.14,355.979,1011.800,1625.363,2029.119,2683.033,3296.549,588.114,29.756,-1.568,,2.336,21:41:28
HFC_157.wav,88.513,102.50,106.09,106.095,81.145,24.950,93.100,61.935,23.201,2.612,8.882112437384285,333.489,361.531,492.174,338.861,0.957,73.673,6.792,10.848,15.65,346.675,1068.233,1694.125,2307.736,2864.228,3528.605,636.386,27.499,-0.093,,0.957,21:41:34
HFC_158.wav,90.787,76.30,76.29,105.997,76.294,29.702,34.427,76.670,60.635,3.685,16.45622658652552,300.943,804.595,1521.587,295.364,1.493,48.426,9.044,5.354,8.14,421.879,1120.239,1677.654,2196.487,2821.663,3361.300,587.884,29.768,-0.891,,1.493,21:41:37
HFC_159.wav,83.786,89.62,97.19,101.753,71.229,30.524,28.640,62.811,39.878,2.857,13.95930387857545,303.988,429.281,1346.253,294.788,2.625,51.825,8.761,5.916,14.79,338.776,1028.610,1606.988,2068.954,2697.104,3174.010,567.047,30.862,-1.693,,2.625,21:41:39
HFC_16.wav,86.999,98.33,94.65,105.211,71.503,33.708,6.387,53.753,47.738,3.296,14.484625814407464,346.641,577.310,1438.920,304.545,2.731,50.101,8.972,5.584,14.32,381.549,1078.543,1639.797,2081.658,2691.373,3228.776,569.445,30.732,-1.271,,2.731,21:30:56
HFC_160.wav,89.275,94.77,104.13,105.693,76.072,29.621,44.555,81.696,80.176,5.994,13.37578099771247,337.184,566.394,1647.499,361.444,2.169,68.434,8.530,8.023,12.16,368.576,1074.513,1616.448,2054.151,2711.477,3172.460,560.777,31.207,-1.582,,2.169,21:41:41
HFC_161.wav,94.313,85.44,100.16,105.267,72.665,32.602,55.423,109.185,51.273,17.007,3.0147372706858526,392.232,416.875,477.370,402.349,1.646,78.210,5.163,15.148,19.75,385.500,887.655,1570.384,2032.529,2583.492,3141.626,551.225,31.747,-1.215,unvoiced,1.646,21:41:44
HFC_162.wav,88.974,91.81,91.03,104.548,71.831,32.717,13.540,99.552,84.763,3.635,23.32055615150454,343.129,768.421,1670.327,366.543,2.063,54.102,10.904,4.962,9.98,375.958,1074.446,1676.486,2099.680,2686.572,3206.405,566.089,30.914,-1.274,,2.063,21:41:50
HFC_163.wav,90.710,94.23,94.18,105.198,74.216,30.981,71.238,49.407,40.252,2.071,19.43904279679823,346.442,553.002,1584.606,320.392,2.173,46.083,8.513,5.413,13.86,382.416,1018.605,1674.220,2103.597,2629.241,3207.234,564.964,30.975,-1.625,,2.173,21:41:52
HFC_164.wav,83.572,94.10,100.39,104.638,73.882,30.756,11.824,73.485,55.527,2.531,21.940040073657002,313.411,411.520,1187.920,309.589,1.580,53.575,7.909,6.774,17.23,356.525,1011.899,1575.236,2044.322,2660.979,3241.766,577.048,30.327,-1.342,,1.581,21:41:55
HFC_165.wav,80.894,93.70,80.86,105.060,73.276,31.784,8.885,53.010,42.316,4.167,10.155997530138986,319.559,666.199,1302.462,305.671,2.160,49.856,10.880,4.583,11.67,450.595,1037.745,1617.769,2088.280,2747.817,3256.953,561.272,31.179,-0.727,,2.160,21:41:58
HFC_166.wav,87.119,104.93,84.64,108.062,71.710,36.353,21.526,80.652,48.735,3.078,15.833212233018134,304.362,384.760,1128.260,309.677,2.112,49.446,11.365,4.351,10.49,358.354,1043.695,1609.803,2122.279,2743.477,3264.197,581.169,30.112,-1.234,,2.112,21:42:09
HFC_167.wav,88.973,98.27,82.24,101.224,82.239,18.985,16.374,77.535,57.318,5.803,9.876970545085968,345.341,455.910,1633.299,343.632,0.689,105.266,7.979,13.192,9.18,361.312,1031.820,1658.349,2073.977,2695.799,3184.976,564.733,30.988,-1.965,,0.689,21:42:18
HFC_168.wav,81.970,86.06,90.21,92.612,71.362,21.249,36.065,74.335,50.350,2.348,21.442197936096207,280.362,389.055,1132.490,273.860,0.852,62.217,5.283,11.776,15.72,301.871,909.135,1596.918,1916.026,2591.842,3221.807,583.987,29.966,-1.703,,0.852,21:42:20
HFC_169.wav,80.129,97.89,77.18,99.144,72.304,26.840,8.748,78.294,58.423,4.710,12.405070880752243,291.657,384.062,724.341,376.742,1.168,68.769,4.710,14.602,16.01,338.319,931.279,1509.230,1902.543,2632.816,3176.046,567.545,30.835,-0.907,,1.168,21:42:22
HFC_17.wav,81.448,91.24,81.15,101.875,73.781,28.094,10.426,69.353,50.962,3.579,14.23794444362742,312.262,548.893,1437.071,302.356,1.537,42.222,9.436,4.474,14.52,357.700,1016.124,1608.149,2016.261,2669.326,3167.742,562.008,31.138,-1.178,,1.537,21:31:03
HFC_170.wav,85.563,106.46,91.82,106.457,70.929,35.528,7.200,130.766,104.259,2.977,35.01663950670733,326.882,419.268,926.375,372.817,1.343,68.654,12.282,5.590,7.64,361.759,993.083,1597.388,1987.721,2671.572,3213.303,570.309,30.685,-1.534,,1.343,21:42:25
HFC_171.wav,92.647,81.77,86.34,104.957,73.943,31.014,44.359,169.916,82.820,14.132,5.860366502058859,359.820,558.037,1272.418,389.010,1.203,76.980,9.560,8.052,12.39,373.888,944.996,1649.900,2009.587,2658.434,3174.463,560.115,31.244,-1.619,unvoiced,1.203,21:42:27
HFC_172.wav,87.364,84.08,81.07,101.394,71.118,30.276,84.628,52.139,49.838,3.112,16.016418324280945,355.841,444.684,1214.269,379.302,4.017,52.301,11.078,4.721,13.08,369.592,1038.762,1591.938,2056.832,2701.950,3238.425,573.767,30.500,-1.914,,4.017,21:42:29
HFC_173.wav,94.310,92.47,79.04,103.359,79.038,24.321,17.822,64.737,48.315,2.221,21.757249414461842,316.130,434.971,1244.710,362.972,1.576,56.213,9.834,5.716,14.81,342.050,1047.042,1578.030,2066.081,2710.675,3238.706,579.331,30.207,-1.509,,1.576,21:42:33
HFC_174.wav,84.164,97.38,83.26,102.927,70.438,32.489,8.899,96.420,72.279,5.566,12.986083068525497,322.471,580.064,1531.162,264.847,1.168,50.091,7.278,6.882,12.47,364.965,1084.098,1566.343,2107.211,2715.527,3253.598,577.727,30.291,-1.205,,1.168,21:42:36
HFC_175.wav,93.507,100.16,86.28,106.611,74.813,31.798,61.773,105.619,95.866,2.773,34.57661590904654,357.454,473.038,1514.595,370.053,2.344,59.318,10.024,5.918,15.51,382.946,1075.639,1634.722,2156.650,2726.750,3242.798,571.970,30.596,-1.929,,2.344,21:42:38
HFC_176.wav,91.320,82.13,84.70,105.927,79.953,25.974,21.175,81.014,70.906,3.717,19.073889973028862,335.321,721.669,1722.189,365.574,1.480,53.735,9.800,5.483,9.67,400.381,1143.264,1727.359,2246.897,2831.290,3385.000,596.924,29.317,-1.339,,1.480,21:42:42
HFC_177.wav,89.846,77.93,90.90,107.256,77.929,29.327,50.073,54.786,42.624,1.523,27.994939838767397,346.593,474.133,1440.314,346.934,1.642,60.164,8.831,6.813,13.50,362.397,1082.760,1657.912,2125.608,2718.109,3219.253,571.371,30.628,-1.653,,1.642,21:42:45
HFC_178.wav,83.788,104.37,103.35,104.367,73.897,30.471,7.714,69.079,47.598,2.083,22.847311536273637,322.052,415.538,1621.364,321.698,1.440,56.118,5.903,9.507,18.14,351.352,1135.704,1707.360,2221.669,2822.227,3366.381,603.006,29.021,-1.909,,1.440,21:42:47
HFC_179.wav,93.586,87.60,80.46,103.600,79.423,24.177,54.030,55.980,51.772,2.755,18.789917590534714,322.436,416.312,718.453,382.086,1.089,43.796,7.807,5.610,16.83,368.538,1015.483,1566.786,2012.047,2729.393,3267.415,579.776,30.184,-0.725,,1.089,21:42:49
HFC_18.wav,95.786,89.57,85.76,100.494,85.763,14.731,59.110,50.970,25.264,2.769,9.122688602570634,378.351,531.869,1833.905,376.940,1.444,64.280,7.269,8.842,14.48,389.391,1022.404,1736.224,2170.909,2728.987,3260.936,574.309,30.471,-1.779,,1.444,21:31:07
HFC_180.wav,91.127,99.92,85.01,106.952,78.695,28.258,9.828,62.778,58.617,3.472,16.881993270876094,345.020,421.814,1232.604,355.769,1.440,69.023,6.250,11.044,16.91,358.769,1040.092,1568.765,1976.781,2661.136,3223.349,572.916,30.545,-1.944,,1.440,21:42:51
HFC_181.wav,87.713,89.43,84.92,99.762,71.684,28.078,60.182,92.478,74.237,4.635,16.016692906135017,348.401,741.398,1412.842,364.725,1.510,65.830,10.263,6.414,5.74,391.766,974.467,1641.049,2062.888,2598.102,3187.474,559.142,31.298,-1.380,,1.510,21:42:53
HFC_182.wav,91.279,88.18,80.16,105.803,73.289,32.515,72.315,74.766,68.636,3.451,19.887900994658306,376.054,529.081,1559.539,380.868,3.332,57.744,7.653,7.546,16.20,389.748,1020.300,1613.507,2065.126,2667.192,3191.313,560.313,31.233,-1.918,,3.332,21:42:55
HFC_183.wav,88.507,78.92,86.78,107.966,78.919,29.047,30.061,57.540,41.353,2.588,15.976722351785284,330.555,382.115,1010.454,330.064,1.545,67.299,10.353,6.500,13.72,340.387,1091.324,1645.324,2168.857,2794.147,3292.370,590.397,29.641,-2.303,,1.545,21:42:59
HFC_184.wav,82.997,99.95,94.86,102.540,71.196,31.344,1.737,64.262,61.685,5.161,11.95192884674168,314.668,709.799,1460.567,302.425,2.906,42.466,9.462,4.488,10.47,375.344,1087.206,1644.804,2069.513,2722.281,3203.092,565.550,30.943,-1.189,,2.906,21:43:02
HFC_185.wav,86.028,95.31,95.40,103.010,70.971,32.039,6.990,104.656,96.938,3.941,24.59885967177898,344.643,549.665,1297.015,404.283,1.269,49.866,8.276,6.026,13.24,371.990,994.000,1557.287,2023.112,2605.434,3159.569,557.516,31.389,-1.373,,1.269,21:43:05
HFC_186.wav,91.837,87.41,92.40,99.234,76.502,22.732,20.683,78.355,62.986,2.263,27.83699280330399,367.863,402.796,667.286,367.623,1.326,85.275,4.902,17.394,17.93,390.748,1004.027,1622.339,2079.123,2690.301,3210.819,564.014,31.028,-1.131,,1.326,21:43:09
HFC_187.wav,80.678,101.78,94.05,101.780,71.255,30.525,4.222,84.185,71.139,3.126,22.754924260202053,304.488,558.351,1445.707,291.093,1.120,46.651,7.593,6.144,12.36,374.319,1047.504,1527.679,1914.736,2602.800,3201.709,565.478,30.947,-1.229,,1.120,21:43:11
HFC_188.wav,82.590,95.46,97.62,99.296,71.730,27.566,5.152,78.909,69.691,3.812,18.281174165023184,351.774,663.887,1430.152,392.170,1.049,52.249,7.148,7.310,10.96,407.358,994.105,1531.220,1937.304,2658.263,3217.934,562.115,31.132,-1.005,,1.049,21:43:13
HFC_189.wav,89.521,100.96,75.45,104.314,75.449,28.865,11.987,73.600,47.471,2.649,17.923498814286756,355.846,780.621,1628.979,387.300,1.321,55.322,7.946,6.963,12.19,407.426,1056.771,1626.009,2011.032,2656.578,3197.510,558.017,31.361,-1.020,,1.321,21:43:14
HFC_19.wav,98.053,83.34,103.07,107.712,83.342,24.370,47.964,86.980,77.157,1.955,39.46289633683888,315.553,377.250,1148.583,317.896,1.023,63.804,9.287,6.870,14.12,313.102,1105.141,1631.580,2092.633,2715.447,3293.092,595.998,29.363,-1.938,,1.023,21:31:10
HFC_190.wav,88.478,77.63,92.00,95.427,77.626,17.801,68.467,37.095,28.505,1.726,16.51884799305462,288.677,599.041,2011.124,279.680,1.159,38.402,9.059,4.239,9.41,322.957,1163.157,1741.074,2256.408,2930.736,3364.826,608.374,28.765,-1.704,,1.159,21:43:18
HFC_191.wav,88.458,81.37,87.06,106.026,72.878,33.149,47.080,88.921,64.692,2.628,24.614665181329368,340.461,496.244,1581.970,343.708,1.141,79.589,6.570,12.113,9.26,351.405,1110.136,1682.187,2132.332,2648.575,3135.890,556.897,31.424,-1.781,,1.141,21:43:20
HFC_192.wav,92.331,101.37,82.35,106.554,82.354,24.199,10.033,95.949,75.070,4.331,17.33207228087903,333.342,613.642,1782.608,340.838,1.962,80.024,8.153,9.815,10.27,363.123,1012.108,1664.370,2095.481,2754.600,3206.714,568.718,30.771,-1.810,,1.962,21:43:28
HFC_193.wav,95.523,101.72,97.60,104.446,78.838,25.607,62.506,47.456,38.500,3.796,10.141584592125998,390.361,546.248,1704.302,389.673,1.712,66.632,7.300,9.127,9.08,380.169,1072.160,1711.332,2113.526,2692.698,3211.098,566.186,30.909,-2.045,,1.712,21:43:31
HFC_194.wav,90.011,89.29,76.83,106.727,70.335,36.392,11.524,176.639,110.340,61.742,1.7871165332571683,363.981,436.927,971.105,386.932,2.761,53.857,9.053,5.949,16.70,380.222,960.340,1610.068,2007.519,2649.881,3112.756,546.507,32.022,-1.712,unvoiced,2.761,21:43:34
HFC_195.wav,83.383,86.69,93.87,98.804,72.761,26.043,40.697,66.202,25.200,0.611,41.26810563715705,319.418,487.479,1728.177,311.567,1.638,50.892,7.633,6.667,11.39,370.986,1116.609,1667.380,2148.654,2799.517,3253.274,576.457,30.358,-1.911,,1.638,21:43:40
HFC_196.wav,92.874,99.11,84.93,109.060,77.533,31.527,53.698,108.816,86.722,3.231,26.84164578151226,325.133,367.153,802.086,317.253,1.238,47.617,5.250,9.070,22.56,336.398,1001.998,1612.157,2000.190,2655.254,3200.991,572.918,30.545,-2.202,,1.238,21:43:43
HFC_197.wav,88.950,94.28,86.39,107.257,74.654,32.603,33.639,77.728,72.307,3.124,23.149219769827333,322.177,447.770,1348.628,317.471,2.081,39.088,9.851,3.968,20.80,340.317,1021.450,1590.721,1980.393,2600.519,3229.967,577.930,30.280,-1.968,,2.081,21:43:45
HFC_198.wav,83.268,98.04,80.41,103.084,72.134,30.950,8.132,61.456,48.320,4.865,9.933079225287052,314.586,437.518,1454.026,308.891,1.747,51.047,8.871,5.755,16.39,334.783,1072.931,1663.584,2032.681,2650.701,3218.005,576.644,30.348,-2.059,,1.747,21:43:51
HFC_199.wav,85.124,105.71,82.36,105.710,74.008,31.701,14.583,87.848,61.377,3.874,15.844436087959403,312.885,447.132,1500.225,306.962,1.936,60.889,10.588,5.751,6.84,350.904,1017.365,1676.465,2123.158,2709.720,3199.408,569.701,30.718,-1.811,,1.936,21:43:54
HFC_20.wav,85.253,89.98,85.73,109.575,70.398,39.177,22.518,178.574,136.159,37.860,3.5964106235875386,306.455,498.467,1486.627,286.443,1.624,59.353,8.311,7.142,12.47,362.552,1062.947,1657.390,2135.674,2772.162,3277.732,583.036,30.015,-1.288,unvoiced,1.624,21:31:13
HFC_200.wav,81.475,84.08,84.84,92.677,75.084,17.592,33.687,54.791,33.311,1.710,19.47970700113553,316.868,545.308,1629.868,307.516,1.462,65.750,8.550,7.690,12.91,371.193,1112.647,1677.041,2202.838,2836.037,3358.607,597.483,29.290,-1.412,,1.462,21:44:03
HFC_201.wav,80.201,84.85,72.52,91.666,71.460,20.206,39.566,62.752,39.334,1.922,20.463423211927534,284.829,446.497,1284.911,275.887,1.040,60.360,4.325,13.957,15.18,317.036,933.627,1561.400,1992.295,2727.351,3213.376,579.268,30.211,-1.739,,1.040,21:44:04
HFC_202.wav,89.646,89.95,86.85,105.466,74.871,30.595,18.589,92.370,70.762,3.341,21.181877028745422,308.234,782.605,1646.729,361.892,1.646,54.258,8.200,6.617,10.31,404.937,1124.262,1713.823,2194.117,2863.558,3349.785,588.970,29.713,-1.101,,1.646,21:44:11
HFC_203.wav,81.528,99.17,76.30,103.763,73.273,30.490,11.698,39.498,31.092,3.777,8.232120832028617,310.214,446.241,1426.886,305.006,1.721,48.017,7.263,6.611,15.47,351.492,1082.002,1679.569,2124.856,2690.711,3222.917,574.285,30.473,-1.449,,1.721,21:44:19
HFC_204.wav,91.790,93.77,81.53,106.997,80.317,26.680,12.957,66.356,62.816,5.062,12.410164632324783,298.823,425.899,1292.485,362.860,0.988,50.918,7.592,6.706,14.07,329.651,1070.165,1638.125,2053.264,2732.464,3252.817,584.633,29.933,-1.573,,0.988,21:44:25
HFC_205.wav,83.943,99.04,78.43,104.257,74.069,30.188,14.993,132.386,87.669,4.800,18.264935693009228,304.620,497.033,1286.928,293.759,1.146,68.413,6.545,10.452,9.62,381.929,1061.417,1601.011,2066.908,2714.554,3281.115,579.837,30.181,-1.025,,1.146,21:44:38
HFC_206.wav,89.219,94.26,87.44,106.433,71.675,34.757,75.247,100.287,84.943,3.684,23.059035080020063,310.846,514.165,1444.150,311.690,1.629,62.445,10.130,6.164,9.87,391.888,1064.058,1672.823,2118.656,2744.755,3258.394,573.301,30.525,-1.209,,1.629,21:44:40
HFC_207.wav,82.463,103.93,88.16,104.158,72.450,31.708,5.275,38.575,28.865,3.409,8.468365223171183,330.801,616.666,1574.407,329.687,2.494,43.393,11.028,3.935,13.54,372.377,1071.021,1607.136,2021.479,2627.914,3188.489,563.222,31.071,-1.446,,2.494,21:44:43
HFC_208.wav,82.362,102.52,83.72,102.522,71.516,31.006,10.990,97.647,70.430,3.624,19.436009490951847,309.683,495.837,1238.440,292.737,1.932,55.719,11.389,4.892,9.52,367.107,1017.477,1586.776,2056.145,2708.891,3268.136,580.206,30.162,-1.080,,1.932,21:44:53
HFC_209.wav,96.980,100.00,86.16,109.648,79.116,30.532,9.191,165.747,85.781,20.297,4.226310813402396,334.709,707.580,1431.147,401.320,1.330,61.851,6.390,9.680,12.76,411.388,1042.482,1629.784,2121.028,2738.104,3231.155,563.953,31.031,-1.242,unvoiced,1.330,21:44:56
HFC_21.wav,90.293,88.54,89.31,92.901,85.967,6.934,42.590,42.718,18.067,2.090,8.645813477224188,291.508,461.243,969.074,390.465,0.957,50.932,10.448,4.875,16.02,333.113,998.351,1525.503,2018.094,2670.499,3245.688,582.515,30.042,-1.004,,0.957,21:31:17
HFC_210.wav,93.945,100.88,96.93,105.187,76.431,28.756,8.427,65.615,57.448,4.832,11.889936046106328,361.499,516.322,1576.419,380.276,1.449,46.753,8.283,5.645,15.68,368.892,1080.483,1630.461,2058.148,2732.601,3224.271,571.076,30.644,-1.711,,1.449,21:44:59
HFC_211.wav,80.062,94.14,77.10,103.431,72.176,31.255,10.847,50.053,40.269,3.541,11.37353732418488,317.219,526.015,1349.813,316.606,1.695,61.003,7.966,7.658,11.68,384.566,1027.777,1604.982,2055.565,2652.821,3210.922,565.271,30.959,-1.073,,1.695,21:45:04
HFC_212.wav,94.222,103.15,103.26,108.013,77.737,30.276,68.347,102.870,65.181,1.912,34.09431715677048,340.162,724.457,1285.580,337.183,1.831,53.212,7.647,6.958,13.71,395.503,1063.569,1666.197,2109.743,2793.701,3272.241,575.348,30.416,-1.102,,1.831,21:45:12
HFC_213.wav,84.824,96.87,85.39,103.791,74.783,29.007,9.513,69.280,54.820,3.116,17.59116841222779,316.413,414.661,1262.351,316.428,1.765,51.503,5.949,8.657,16.16,369.730,1013.985,1639.600,2118.802,2700.439,3268.877,579.829,30.181,-1.454,,1.765,21:45:17
HFC_214.wav,88.436,83.48,103.95,107.880,77.318,30.562,82.894,71.210,56.533,3.529,16.020110475417855,339.303,665.670,1667.764,337.001,1.559,64.379,8.662,7.433,5.71,379.508,1133.100,1674.582,2130.155,2779.540,3237.203,571.539,30.619,-1.369,,1.559,21:45:22
HFC_215.wav,93.736,82.41,93.26,103.265,82.414,20.851,27.163,59.885,48.830,2.740,17.823820348871966,362.333,474.313,1643.065,358.588,1.278,81.415,5.871,13.868,15.17,382.359,1084.267,1599.073,2148.828,2692.503,3175.173,558.563,31.330,-1.756,,1.278,21:45:24
HFC_216.wav,92.597,87.98,82.97,101.888,82.426,19.462,59.257,98.458,78.307,2.819,27.778458277155003,290.109,406.023,935.404,263.058,0.887,70.273,6.202,11.331,12.71,352.731,967.563,1640.966,2013.210,2731.117,3252.372,579.928,30.176,-1.051,,0.887,21:45:26
HFC_217.wav,84.733,95.12,86.28,107.061,75.848,31.213,14.258,90.123,64.576,5.034,12.828716474296733,305.349,451.376,1400.447,305.716,1.589,78.735,11.640,6.764,9.75,335.249,1031.923,1623.033,2080.320,2644.566,3184.780,569.906,30.707,-1.511,,1.589,21:45:27
HFC_218.wav,80.675,100.29,99.35,100.289,72.884,27.405,2.332,88.520,77.108,4.638,16.625289287151432,282.257,366.633,981.374,290.862,0.970,57.943,7.730,7.496,13.38,338.459,945.262,1569.437,2022.388,2758.279,3161.035,564.515,31.000,-1.337,,0.970,21:45:29
HFC_219.wav,92.004,100.74,76.19,104.068,75.066,29.002,6.071,44.677,37.940,1.487,25.51804471627123,337.488,385.958,535.771,361.706,1.681,50.661,5.055,10.022,24.20,357.427,965.532,1590.631,1994.907,2644.397,3239.058,576.326,30.365,-0.796,,1.681,21:45:30
HFC_22.wav,80.188,102.46,83.89,103.006,71.118,31.888,3.604,73.504,63.891,3.615,17.671605227618294,308.526,560.228,1241.128,300.114,2.766,46.215,12.112,3.816,12.29,370.931,1029.815,1553.633,2065.299,2658.755,3207.050,567.224,30.852,-1.190,,2.766,21:31:19
HFC_220.wav,88.674,109.58,85.91,109.773,70.335,39.438,14.477,208.565,41.475,23.138,1.7924963405591,301.002,412.024,1421.684,301.221,1.664,50.930,13.222,3.852,11.49,337.914,1063.323,1690.243,2176.093,2747.037,3302.852,592.988,29.512,-1.621,unvoiced,1.664,21:45:38
HFC_221.wav,90.289,107.67,87.68,107.671,79.151,28.520,24.380,113.822,50.448,4.053,12.447231684330262,351.423,625.032,1856.703,358.651,1.234,69.499,10.943,6.351,9.77,339.045,1067.856,1668.499,2140.928,2692.697,3171.867,566.564,30.888,-1.852,,1.234,21:45:43
HFC_222.wav,95.413,83.97,98.83,101.838,80.490,21.348,65.749,54.470,30.555,2.815,10.853699828873031,367.418,412.598,596.055,383.471,1.954,56.073,11.005,5.095,16.16,375.029,917.635,1621.744,2031.271,2686.988,3206.779,566.350,30.900,-1.207,,1.954,21:45:45
HFC_223.wav,80.575,98.13,85.56,101.211,70.978,30.233,2.345,51.246,47.943,3.648,13.143430318147438,327.199,447.363,1251.138,389.632,2.467,54.611,9.119,5.989,14.98,359.533,926.241,1599.307,2029.320,2645.819,3158.797,559.853,31.258,-1.573,,2.467,21:45:47
HFC_224.wav,93.640,90.18,76.94,109.869,70.878,38.991,8.046,281.282,120.442,39.754,3.02970076853125,339.862,550.955,1238.614,392.975,1.396,55.668,5.372,10.362,12.86,400.495,984.651,1580.335,2028.922,2638.577,3193.124,558.526,31.332,-1.052,unvoiced,1.396,21:45:50
HFC_225.wav,83.758,99.47,75.86,101.274,72.120,29.154,5.431,75.530,64.036,4.015,15.94815482324352,287.112,373.585,826.197,287.191,1.370,69.517,9.126,7.618,15.37,328.597,947.252,1567.569,2006.370,2666.679,3211.525,576.585,30.351,-1.438,,1.370,21:45:53
HFC_226.wav,89.587,98.53,74.62,102.766,74.615,28.150,11.195,65.342,42.089,3.825,11.00497407943184,273.112,364.752,830.984,265.884,1.177,56.414,5.524,10.212,14.43,313.929,1016.579,1628.365,2015.624,2682.728,3212.313,579.677,30.189,-1.606,,1.177,21:45:55
HFC_227.wav,94.610,90.28,72.19,109.555,72.155,37.400,12.767,146.309,80.535,21.026,3.830329577932332,300.606,474.762,1343.739,301.096,1.712,52.260,10.221,5.113,12.70,355.503,1031.817,1681.763,2171.237,2721.701,3244.283,577.756,30.290,-1.346,unvoiced,1.712,21:45:58
HFC_228.wav,83.135,96.89,93.57,102.023,75.177,26.846,7.416,55.388,46.812,3.383,13.838325163839901,314.113,456.783,1571.625,312.977,2.217,47.315,8.344,5.670,15.48,336.001,1057.409,1684.764,2110.588,2768.344,3207.155,574.231,30.476,-1.875,,2.217,21:46:03
HFC_229.wav,87.590,86.04,85.57,105.443,73.906,31.537,8.954,86.866,82.629,4.287,19.273914950830882,316.397,625.581,1430.991,300.527,2.682,54.500,9.506,5.733,9.45,386.668,1024.413,1630.156,2107.274,2760.521,3202.894,563.245,31.070,-1.107,,2.682,21:46:09
HFC_23.wav,81.934,99.97,96.85,100.926,71.290,29.636,4.616,97.177,86.118,5.555,15.50160626720966,327.901,763.585,1243.553,387.488,1.080,43.882,8.796,4.989,13.41,409.108,1018.790,1566.509,2003.192,2643.875,3186.597,555.498,31.503,-1.134,,1.080,21:31:22
HFC_230.wav,94.138,100.33,78.60,100.465,78.320,22.145,19.139,84.794,37.256,4.745,7.851145412273922,357.577,672.639,1868.197,370.907,0.948,78.408,10.545,7.435,10.15,373.917,1078.059,1693.821,2171.958,2747.211,3227.110,570.639,30.667,-1.684,,0.948,21:46:14
HFC_231.wav,85.289,85.71,99.02,102.204,71.917,30.287,11.692,96.629,82.408,4.380,18.813416654993034,317.765,491.317,1112.543,283.303,1.598,51.443,6.570,7.830,13.31,347.165,980.458,1510.071,1985.284,2689.548,3201.427,570.853,30.656,-1.082,,1.598,21:46:15
HFC_232.wav,83.929,99.87,70.77,109.712,70.544,39.168,13.429,167.748,65.924,32.967,1.9996606853138434,308.336,538.077,1521.124,307.188,2.002,61.899,9.491,6.522,11.47,344.565,1030.000,1667.630,2108.658,2693.557,3213.635,573.814,30.498,-1.371,unvoiced,2.002,21:46:19
HFC_233.wav,94.156,104.59,95.29,109.706,70.387,39.319,32.568,323.755,137.701,17.924,7.682346538769607,345.930,499.260,1685.758,343.590,1.813,65.732,9.100,7.223,7.71,340.834,1091.397,1639.124,2079.606,2658.053,3181.304,568.094,30.805,-2.044,unvoiced,1.813,21:46:21
HFC_234.wav,84.096,94.82,98.64,98.700,71.491,27.208,39.993,72.954,38.880,3.627,10.719557148015795,266.532,370.148,784.636,277.854,1.379,47.640,7.979,5.970,17.12,333.252,988.615,1590.492,2009.713,2648.729,3143.986,562.147,31.131,-1.057,,1.379,21:46:23
HFC_235.wav,89.340,81.43,81.96,104.973,71.902,33.071,14.890,89.032,78.830,2.778,28.37922163760296,366.877,462.167,1488.774,379.868,2.520,74.561,8.532,8.739,13.14,370.216,1059.632,1628.810,2079.383,2667.698,3209.976,567.952,30.812,-1.825,,2.520,21:46:30
HFC_236.wav,86.236,73.95,83.90,106.908,73.952,32.956,35.297,107.998,98.896,3.615,27.353767778246663,285.054,371.831,714.214,350.674,0.830,61.963,6.628,9.348,11.84,302.892,932.058,1582.937,2108.004,2731.508,3348.365,609.095,28.731,-0.723,,0.830,21:46:37
HFC_237.wav,86.044,80.24,83.08,102.448,74.114,28.334,79.555,89.268,64.795,3.484,18.59981388642418,310.203,427.181,1406.336,314.873,1.866,56.709,10.987,5.162,10.31,337.746,1002.048,1661.456,2157.588,2714.072,3201.034,572.658,30.559,-1.745,,1.866,21:46:38
HFC_238.wav,97.192,86.80,89.41,103.350,86.649,16.701,70.842,79.084,45.050,2.622,17.17891871574607,398.349,874.320,1921.139,378.724,1.335,66.069,7.118,9.282,10.75,422.406,1060.851,1706.070,2216.926,2721.977,3244.430,564.405,31.006,-1.243,,1.335,21:46:40
HFC_239.wav,91.020,83.89,98.19,103.562,81.940,21.622,42.360,52.377,24.751,1.667,14.850608565021181,363.543,398.019,682.598,357.426,1.800,63.008,6.944,9.073,18.44,361.542,1109.310,1604.418,2116.181,2726.393,3261.965,580.085,30.168,-1.035,,1.800,21:46:42
HFC_24.wav,87.767,100.32,95.45,101.620,74.676,26.943,9.735,130.269,102.418,4.745,21.583009273294216,308.924,593.259,1245.069,291.655,1.686,72.685,12.753,5.699,4.68,388.762,1006.678,1614.947,2046.542,2692.968,3190.075,560.263,31.235,-1.002,,1.686,21:31:23
HFC_240.wav,97.902,97.77,97.46,108.274,71.840,36.434,11.902,235.431,90.920,31.951,2.8456407720210106,330.481,688.520,1241.924,277.189,0.970,45.716,9.791,4.669,10.62,390.895,1017.700,1571.539,2064.681,2660.036,3207.346,563.290,31.067,-0.913,unvoiced,0.970,21:46:45
HFC_241.wav,82.046,97.09,76.25,99.729,71.251,28.478,6.641,114.284,92.156,3.176,29.01539193809268,298.303,701.181,1305.388,282.194,1.102,54.895,5.899,9.307,12.83,432.005,1029.798,1589.079,2089.292,2734.351,3252.902,564.179,31.019,-1.024,,1.102,21:46:46
HFC_242.wav,89.855,104.59,107.78,107.778,75.331,32.447,89.964,118.027,78.051,3.124,24.98346697691446,343.471,436.683,1290.360,374.274,1.760,66.537,13.917,4.781,6.76,355.439,1085.906,1597.678,2108.571,2716.029,3249.048,578.722,30.239,-1.680,,1.761,21:46:48
HFC_243.wav,90.576,75.76,84.18,109.858,70.335,39.523,36.922,140.019,83.195,25.243,3.2958289453719107,301.054,428.345,1338.145,287.973,4.219,49.012,9.481,5.170,13.90,341.510,1025.501,1683.346,2099.153,2721.691,3234.977,578.694,30.241,-1.841,unvoiced,4.219,21:46:53
HFC_244.wav,83.708,85.32,81.04,96.584,74.122,22.463,42.640,37.993,25.638,1.893,13.544702267278259,315.104,510.389,1479.774,307.928,1.585,57.007,9.464,6.023,13.07,340.218,1101.433,1705.217,2162.168,2709.000,3279.097,587.776,29.773,-1.685,,1.585,21:47:02
HFC_245.wav,84.268,89.37,87.91,106.395,73.510,32.885,8.822,50.232,44.997,3.438,13.087699519779106,314.383,759.180,1594.192,303.145,2.327,38.699,10.529,3.675,13.33,363.254,1085.954,1711.641,2114.275,2770.595,3250.153,577.380,30.309,-1.107,,2.327,21:47:05
HFC_246.wav,90.785,107.36,97.44,107.503,77.341,30.163,15.139,85.238,55.628,2.684,20.72435080358336,270.932,332.363,590.913,270.147,1.304,72.570,6.902,10.514,16.34,320.280,953.718,1560.349,1992.312,2677.505,3242.273,584.399,29.945,-0.493,,1.304,21:47:09
HFC_247.wav,91.845,103.90,92.10,105.814,82.373,23.441,14.584,71.656,63.415,3.579,17.716909630548145,286.439,366.263,494.325,379.169,1.537,65.807,6.833,9.630,16.90,340.868,947.954,1552.605,1984.756,2667.235,3252.154,582.257,30.055,-0.477,,1.537,21:47:11
HFC_248.wav,89.416,97.13,99.15,105.561,71.988,33.573,16.883,123.363,91.490,2.778,32.936756600174334,310.839,357.786,914.383,308.517,1.440,66.774,9.375,7.123,15.68,333.327,1093.824,1673.401,2176.508,2756.619,3266.134,586.561,29.835,-1.801,,1.440,21:47:18
HFC_249.wav,92.293,76.07,81.08,105.403,76.073,29.330,26.176,110.087,77.730,2.740,28.372947016844357,261.312,361.424,513.702,385.374,1.278,72.354,6.653,10.875,16.39,328.056,943.059,1563.126,2098.816,2758.591,3351.107,604.610,28.944,0.094,,1.278,21:47:23
HFC_25.wav,83.071,93.45,98.83,100.679,71.143,29.536,11.764,88.289,61.521,3.425,17.96133496076582,283.769,418.786,1141.343,281.872,1.168,55.453,6.422,8.635,16.90,320.037,956.942,1571.496,1987.991,2678.253,3206.101,577.213,30.318,-1.367,,1.168,21:31:25
HFC_250.wav,85.131,99.74,82.95,106.944,72.095,34.849,13.700,69.270,56.645,5.821,9.731279065423566,324.640,409.921,1345.556,335.331,1.976,74.640,9.617,7.761,8.78,340.185,1064.605,1643.451,2093.501,2666.216,3268.230,585.609,29.883,-1.849,,1.976,21:47:25
HFC_251.wav,93.996,92.91,90.64,102.778,86.738,16.040,29.038,95.360,52.280,3.223,16.219413012605557,329.655,707.433,1584.034,380.071,0.931,70.571,10.744,6.568,8.93,346.061,977.130,1720.046,2146.959,2695.017,3174.457,565.679,30.936,-1.761,,0.931,21:47:37
HFC_252.wav,89.593,90.89,88.14,107.086,76.255,30.831,26.099,88.832,61.738,3.648,16.92550205970109,273.008,367.771,789.829,342.142,1.234,57.878,7.701,7.516,12.48,335.591,999.640,1618.437,2052.277,2724.790,3232.142,579.310,30.208,-1.023,,1.234,21:47:38
HFC_253.wav,84.220,101.73,86.86,105.273,74.823,30.450,15.969,92.397,65.589,2.778,23.612362623648835,300.775,357.790,938.699,307.872,1.440,68.277,9.375,7.283,14.24,325.047,1031.829,1599.103,2045.154,2662.470,3283.744,591.740,29.574,-1.398,,1.440,21:47:42
HFC_254.wav,90.141,102.69,88.05,105.847,80.639,25.209,20.032,86.247,54.458,2.612,20.84851830001366,287.980,445.919,1191.484,271.127,0.957,56.893,8.881,6.406,12.47,337.983,974.577,1559.565,2154.263,2697.946,3200.320,572.467,30.569,-1.316,,0.957,21:47:49
HFC_255.wav,84.531,105.30,92.50,107.333,72.100,35.233,11.829,91.815,67.597,3.771,17.924746011742773,319.872,490.387,1306.512,365.256,1.326,48.307,9.428,5.124,9.02,348.975,972.185,1586.845,2050.445,2671.013,3202.661,570.737,30.662,-1.474,,1.326,21:47:51
HFC_256.wav,92.978,81.34,86.96,102.980,81.337,21.644,26.815,97.687,82.522,5.084,16.230856695085258,362.889,842.476,1781.183,351.486,0.983,68.324,8.643,7.905,9.98,386.220,1098.842,1671.595,2138.703,2645.098,3165.268,555.809,31.486,-1.588,,0.983,21:47:52
HFC_257.wav,94.314,101.43,76.63,104.167,73.612,30.556,8.365,66.857,51.986,3.344,15.546624635194288,380.055,471.269,1586.680,380.150,2.542,53.530,10.032,5.336,12.93,378.069,1058.837,1655.099,2166.130,2724.104,3256.367,575.660,30.400,-1.995,,2.542,21:47:55
HFC_258.wav,89.434,104.23,90.12,106.550,73.880,32.670,44.839,108.820,90.318,4.772,18.927379279930467,331.111,706.375,1390.969,300.496,1.572,46.732,11.771,3.970,8.69,429.504,1054.750,1576.702,2032.897,2657.745,3210.965,556.292,31.458,-0.986,,1.572,21:47:58
HFC_259.wav,91.410,100.71,95.96,105.299,72.696,32.603,55.656,101.049,84.681,3.164,26.767489961792073,351.552,558.682,1368.246,364.718,1.264,58.065,7.909,7.342,13.07,399.820,1023.970,1568.049,2079.930,2702.184,3259.223,571.881,30.601,-1.273,,1.264,21:48:00
HFC_26.wav,82.065,101.37,75.11,101.381,72.151,29.231,5.312,80.753,58.449,3.927,14.883121629556058,290.371,438.957,1121.760,288.986,1.146,50.692,7.418,6.834,14.55,334.753,929.941,1570.024,2065.200,2694.577,3200.682,573.186,30.531,-1.100,,1.146,21:31:29
HFC_260.wav,92.028,79.49,82.95,103.429,79.489,23.940,28.559,77.335,67.182,1.284,52.3042012025671,355.101,645.739,1677.478,351.811,1.168,69.479,8.135,8.541,13.11,390.059,1091.567,1672.891,2086.924,2703.774,3210.809,564.150,31.020,-1.952,,1.168,21:48:01
HFC_261.wav,84.382,95.56,84.24,104.923,71.720,33.203,10.131,63.412,47.624,3.608,13.198453346857592,316.021,513.892,1622.080,317.301,2.217,57.596,8.795,6.549,13.51,401.195,1086.450,1668.761,2267.538,2795.038,3286.108,576.983,30.330,-1.521,,2.217,21:48:04
HFC_262.wav,91.474,81.56,88.75,105.211,81.562,23.649,36.925,69.362,46.858,1.280,36.618311626098404,351.241,429.582,1381.786,352.304,1.172,66.014,8.958,7.370,14.06,355.606,1037.606,1621.509,2027.672,2653.689,3207.093,570.297,30.686,-1.901,,1.172,21:48:08
HFC_263.wav,81.670,82.50,82.36,104.573,72.500,32.073,22.505,70.181,44.045,3.191,13.803805987596366,318.717,423.076,1509.498,325.588,2.037,59.886,9.082,6.594,8.59,355.767,1119.813,1691.083,2182.941,2808.163,3306.411,590.129,29.655,-1.844,,2.037,21:48:11
HFC_264.wav,87.821,74.20,94.96,96.135,74.203,21.933,80.228,31.486,25.056,1.726,14.520402612081206,364.050,496.432,1726.883,360.674,1.159,54.442,7.334,7.424,14.23,349.826,1150.585,1717.955,2144.577,2744.468,3277.987,585.632,29.882,-2.174,,1.159,21:48:19
HFC_265.wav,83.104,78.46,90.48,109.994,70.461,39.533,67.795,209.047,152.944,30.581,5.001313348488098,324.468,639.859,1402.412,337.267,1.897,70.053,6.854,10.220,13.46,388.781,1041.061,1576.058,2077.312,2702.695,3242.575,570.759,30.661,-1.337,unvoiced,1.897,21:48:21
HFC_266.wav,90.980,105.40,89.26,105.398,72.229,33.169,3.159,86.120,70.750,3.674,19.2577295473154,361.571,429.958,1063.540,378.879,1.361,71.564,9.919,7.215,14.80,354.591,1001.792,1543.018,1973.403,2644.698,3191.186,567.319,30.847,-1.527,,1.361,21:48:24
HFC_267.wav,99.006,86.75,90.20,109.919,72.309,37.610,33.412,123.737,72.211,11.771,6.134897899568612,401.215,941.479,1599.482,314.282,1.572,42.354,9.226,4.591,12.28,432.100,1097.498,1597.043,2037.933,2736.382,3213.708,556.322,31.457,-0.947,unvoiced,1.572,21:48:26
HFC_268.wav,93.637,96.56,81.80,103.096,81.792,21.304,9.330,97.279,78.863,4.668,16.896127613265623,351.593,410.198,646.753,376.221,1.607,76.381,7.157,10.672,11.63,368.501,998.111,1557.854,2027.213,2661.622,3207.382,567.776,30.822,-0.503,,1.607,21:48:33
HFC_269.wav,84.509,97.97,77.15,103.154,73.554,29.600,12.327,75.438,53.119,2.680,19.82253482978524,316.768,538.072,1423.882,314.693,1.493,62.137,7.034,8.833,13.38,385.299,1103.420,1586.464,2122.460,2697.886,3220.522,567.045,30.862,-1.316,,1.493,21:48:35
HFC_27.wav,84.560,82.85,77.37,106.804,71.925,34.879,64.261,121.065,95.160,4.817,19.75513194802278,293.265,450.772,1301.555,307.415,1.453,64.997,9.290,6.997,12.36,359.897,1017.121,1642.557,2044.841,2716.069,3180.575,564.136,31.021,-1.525,,1.453,21:31:30
HFC_270.wav,92.518,87.79,99.56,105.582,80.113,25.468,18.635,76.602,73.890,3.979,18.571753420239173,341.029,427.911,1495.562,350.372,1.005,81.061,6.465,12.538,13.19,351.486,961.337,1675.855,2084.700,2717.447,3209.888,571.680,30.612,-2.098,,1.005,21:48:42
HFC_271.wav,93.792,83.64,78.72,103.595,78.724,24.870,57.902,96.107,76.710,4.232,18.124852151827906,419.109,996.029,1976.248,354.007,1.300,51.993,8.849,5.875,9.95,417.391,1086.633,1702.371,2191.582,2737.952,3211.521,558.826,31.316,-1.183,,1.300,21:48:47
HFC_272.wav,85.881,83.87,85.71,98.204,73.337,24.867,22.836,66.782,53.888,5.760,9.355887614117181,296.378,429.023,1293.820,288.458,1.910,58.009,13.091,4.431,8.58,333.310,1041.586,1597.948,2085.497,2681.685,3258.951,585.128,29.908,-1.449,,1.910,21:48:50
HFC_273.wav,91.023,92.69,81.12,107.131,80.892,26.238,22.350,72.073,57.910,3.228,17.94207432016653,331.687,366.749,462.921,346.641,1.084,73.893,11.527,6.410,16.29,334.962,993.967,1557.024,2046.449,2732.432,3257.554,584.519,29.939,-0.560,,1.084,21:48:55
HFC_274.wav,83.240,96.34,86.10,107.641,71.273,36.368,18.621,57.816,45.349,2.632,17.230880589982068,319.612,621.692,1362.341,349.196,2.090,49.522,10.288,4.814,10.89,429.019,1054.718,1617.824,2091.145,2793.564,3278.447,569.886,30.708,-0.981,,2.090,21:49:03
HFC_275.wav,88.593,77.18,76.88,92.472,76.879,15.593,35.117,62.743,24.605,1.847,13.322586306864233,272.375,364.097,874.624,266.822,0.812,74.326,4.925,15.092,13.75,319.167,1044.024,1597.828,2027.143,2733.957,3260.977,588.362,29.744,-1.314,,0.812,21:49:06
HFC_276.wav,80.588,102.91,88.40,102.914,71.149,31.765,3.515,51.893,43.645,3.642,11.98236304175785,319.263,496.050,1293.847,295.828,2.059,52.880,8.985,5.886,12.79,377.781,1019.817,1527.857,1962.965,2618.041,3145.590,553.562,31.613,-1.142,,2.059,21:49:07
HFC_277.wav,94.096,102.22,80.86,104.166,80.289,23.878,4.548,64.580,56.950,4.541,12.540001203034377,376.584,450.675,1240.339,371.090,1.431,70.753,6.638,10.660,17.41,370.128,996.824,1594.218,1968.191,2615.145,3140.241,554.023,31.587,-2.055,,1.431,21:49:10
HFC_278.wav,82.112,86.01,81.86,104.453,74.844,29.608,85.763,62.742,19.926,1.502,13.261906551684712,317.709,719.962,1485.869,309.244,1.664,57.793,6.911,8.362,15.15,431.645,1048.622,1663.797,2164.596,2688.633,3274.775,568.626,30.776,-1.185,,1.664,21:49:17
HFC_279.wav,92.623,88.28,80.12,107.657,79.634,28.024,36.360,97.545,57.846,2.048,28.240208099534744,338.392,400.507,1263.554,336.405,1.220,77.573,6.964,11.139,13.74,338.795,1063.554,1662.562,2081.045,2681.132,3176.148,567.471,30.839,-1.986,,1.221,21:49:27
HFC_28.wav,88.408,87.60,91.18,103.176,70.627,32.550,8.551,110.520,97.347,4.865,20.011484069882567,335.361,721.915,1467.695,378.406,1.747,58.776,12.305,4.777,8.83,430.732,1033.892,1595.732,2045.665,2687.499,3260.972,566.048,30.916,-1.003,,1.747,21:31:32
HFC_280.wav,91.470,80.69,109.52,109.535,80.439,29.097,98.043,104.268,98.399,3.714,26.496446088868964,298.109,740.261,1800.963,329.728,1.616,51.696,9.284,5.568,9.22,367.472,1085.710,1731.450,2231.371,2716.550,3291.869,584.880,29.921,-1.313,,1.616,21:49:34
HFC_281.wav,90.584,106.30,75.45,106.849,75.447,31.402,9.384,98.031,84.135,4.179,20.13084794822854,340.190,462.936,1449.944,364.871,0.957,73.225,8.359,8.760,11.58,364.233,994.391,1670.896,2042.276,2724.550,3263.428,579.839,30.181,-1.752,,0.957,21:49:37
HFC_282.wav,93.390,89.75,88.03,103.186,87.289,15.897,34.283,60.269,40.171,4.418,9.09239500484097,307.768,753.047,1838.482,288.686,1.019,68.435,7.854,8.713,8.48,340.892,1101.174,1749.245,2129.905,2797.331,3278.873,587.596,29.782,-1.754,,1.019,21:49:40
HFC_283.wav,83.111,92.29,78.63,103.276,72.824,30.452,8.687,53.928,45.518,2.887,15.764888569816119,324.004,579.212,1780.810,319.238,1.559,70.828,6.737,10.513,14.41,345.534,1081.078,1662.021,2165.442,2697.222,3203.429,571.579,30.617,-1.629,,1.559,21:49:42
HFC_284.wav,86.906,93.73,75.50,106.729,74.601,32.128,10.848,96.133,84.253,3.378,24.941813088704333,265.006,364.486,726.613,365.597,1.036,59.447,6.756,8.799,12.44,327.248,925.805,1623.744,2015.863,2740.834,3251.463,584.843,29.923,-0.720,,1.036,21:49:49
HFC_285.wav,83.230,101.46,84.66,101.460,72.795,28.665,6.540,69.052,49.734,3.432,14.490351686391783,324.596,593.674,1582.475,308.138,1.602,68.845,10.921,6.304,10.61,356.440,984.228,1617.150,2025.560,2661.186,3150.904,558.893,31.312,-1.702,,1.602,21:49:51
HFC_286.wav,81.144,82.12,86.36,94.076,74.169,19.907,91.163,46.582,20.208,1.464,13.804919134255794,316.876,658.586,1971.945,313.164,1.708,50.160,8.490,5.908,15.59,352.173,1172.530,1679.174,2145.752,2891.488,3238.113,577.188,30.319,-1.512,,1.708,21:50:05
HFC_287.wav,90.087,75.35,79.26,106.850,75.347,31.503,50.612,80.006,68.507,3.215,21.311530087695182,293.110,451.958,1768.442,236.203,1.089,55.632,6.888,8.076,10.76,292.778,1086.925,1694.777,2141.357,2738.683,3312.774,603.999,28.974,-2.176,,1.089,21:50:07
HFC_288.wav,87.047,83.50,73.63,106.267,70.886,35.382,73.613,97.942,83.502,3.678,22.706094794522134,316.048,615.513,1611.163,295.944,4.351,59.713,10.228,5.838,10.24,410.608,1059.422,1658.533,2127.910,2714.160,3178.367,553.552,31.614,-1.281,,4.351,21:50:12
HFC_289.wav,86.647,83.60,79.98,99.255,75.896,23.358,68.735,82.668,64.283,3.846,16.71635255278693,317.178,447.332,1332.074,286.765,1.690,72.259,7.099,10.178,7.54,357.471,997.108,1605.128,2043.665,2700.344,3179.479,564.402,31.006,-1.733,,1.690,21:50:17
HFC_29.wav,93.804,82.36,93.81,100.986,82.362,18.624,56.244,46.529,23.065,1.635,14.108671950693065,346.062,839.214,1485.045,356.336,0.918,63.655,8.719,7.301,8.64,382.090,1075.067,1627.918,2177.934,2738.615,3307.120,585.006,29.914,-1.303,,0.918,21:31:42
HFC_290.wav,78.300,75.00,78.13,91.927,70.923,21.004,84.494,71.192,47.244,3.958,11.937876180239344,304.789,573.748,1615.981,269.999,1.137,51.676,7.475,6.913,13.73,343.665,1103.615,1622.224,2085.829,2653.044,3206.179,572.503,30.568,-1.518,,1.137,21:50:22
HFC_291.wav,80.957,101.29,97.97,105.731,70.335,35.396,4.621,143.690,96.835,22.523,4.299474651716957,323.677,711.654,1587.659,392.168,1.177,47.774,7.224,6.613,13.11,388.380,1128.032,1637.746,2078.357,2689.526,3186.207,559.565,31.274,-1.172,unvoiced,1.177,21:50:23
HFC_292.wav,94.640,104.49,94.14,104.748,86.419,18.329,22.045,66.466,34.081,2.005,16.997322423608487,381.356,449.535,1258.232,374.800,1.247,67.502,8.421,8.016,16.51,371.871,1037.809,1516.256,2033.759,2705.645,3178.496,561.325,31.176,-1.663,,1.247,21:50:25
HFC_293.wav,81.732,86.36,92.86,93.487,72.564,20.923,84.801,51.382,28.930,1.479,19.55984187530741,330.440,624.868,1662.106,324.846,1.690,60.908,10.354,5.883,11.41,378.950,1035.224,1666.117,2089.084,2662.403,3201.816,564.573,30.997,-1.474,,1.690,21:50:30
HFC_294.wav,94.387,79.82,98.61,103.951,79.822,24.129,16.020,50.576,47.699,3.070,15.534680997278123,376.911,528.752,1497.550,370.483,1.791,55.556,9.211,6.031,19.33,376.979,1044.575,1644.129,2120.459,2729.048,3181.548,560.914,31.199,-2.022,,1.791,21:50:32
HFC_295.wav,81.060,78.11,79.17,89.502,73.619,15.883,17.618,32.529,22.485,2.835,7.930062250702901,336.582,852.078,1898.518,314.024,1.763,41.442,9.640,4.299,13.58,398.872,1078.738,1629.953,2092.502,2734.515,3252.122,570.650,30.667,-1.074,,1.763,21:50:34
HFC_296.wav,81.995,98.47,89.67,102.079,71.538,30.541,3.395,62.260,55.946,4.846,11.54417975868785,308.409,485.406,1561.110,301.925,2.063,52.306,7.996,6.541,13.39,334.358,1053.998,1684.898,2138.343,2727.836,3250.048,583.138,30.010,-1.787,,2.063,21:50:42
HFC_297.wav,81.242,82.85,78.22,97.479,73.133,24.346,32.249,85.830,35.396,1.199,29.526158978725164,326.289,564.169,1569.203,312.222,1.668,61.023,7.493,8.144,11.57,374.280,1087.508,1657.839,2106.712,2744.383,3251.147,575.373,30.415,-1.279,,1.668,21:50:49
HFC_298.wav,90.790,89.68,82.08,106.586,80.259,26.327,14.055,84.359,77.598,4.858,15.973953353234927,264.205,383.350,808.441,363.461,0.926,61.279,6.477,9.461,13.07,336.541,921.212,1609.722,1983.741,2711.877,3230.194,578.731,30.239,-0.706,,0.926,21:50:57
HFC_299.wav,81.618,93.58,88.13,105.823,71.681,34.142,9.321,80.564,66.069,2.434,27.149581528549447,366.204,869.506,1722.773,311.247,2.055,38.968,10.464,3.724,12.35,398.624,1076.869,1623.245,2120.864,2685.303,3208.111,561.897,31.144,-0.979,,2.055,21:51:02
HFC_30.wav,87.333,82.92,100.22,100.221,73.965,26.256,88.545,68.875,30.707,3.451,8.897737156665631,338.374,625.204,1521.837,366.533,1.594,61.860,9.726,6.360,5.39,384.545,1095.654,1634.982,2057.788,2707.816,3223.128,567.717,30.825,-1.332,,1.594,21:31:45
HFC_300.wav,82.856,100.55,70.58,109.603,70.360,39.243,8.586,171.137,129.541,36.858,3.5145510104806017,335.314,650.449,1208.435,347.803,1.207,50.823,7.040,7.219,13.11,394.062,972.488,1537.354,2092.772,2709.176,3208.212,562.830,31.093,-1.144,unvoiced,1.207,21:51:04
HFC_301.wav,84.392,102.70,98.78,103.159,71.126,32.033,7.739,101.959,84.600,3.573,23.677801718188878,335.336,789.100,1318.902,313.210,1.120,57.852,9.379,6.168,11.89,393.018,993.976,1572.398,2024.944,2661.788,3197.519,560.900,31.200,-1.128,,1.120,21:51:06
HFC_302.wav,90.185,98.63,84.33,105.256,70.572,34.684,8.840,113.897,94.545,3.115,30.347438383464084,328.973,683.434,1417.988,387.991,1.444,42.472,6.577,6.458,15.21,394.619,1059.657,1600.746,2027.540,2734.497,3182.407,557.558,31.387,-1.261,,1.444,21:51:08
HFC_303.wav,86.792,96.58,87.37,104.474,74.202,30.272,39.153,82.502,58.922,3.056,19.283856145134635,352.588,801.458,1668.516,382.972,1.800,42.976,9.722,4.420,6.93,442.245,1087.798,1684.871,2124.246,2791.075,3272.455,566.042,30.916,-0.938,,1.800,21:51:13
HFC_304.wav,87.555,98.10,87.35,106.062,75.339,30.723,10.710,91.757,75.361,3.472,21.704105068638174,332.439,436.259,1384.552,339.766,1.440,62.975,7.986,7.886,7.29,350.989,1065.210,1651.238,2083.857,2742.774,3249.161,579.634,30.191,-1.592,,1.440,21:51:16
HFC_305.wav,83.468,93.52,89.36,102.514,75.339,27.176,3.830,54.159,50.461,3.040,16.59828811367889,318.827,619.387,1261.064,311.681,2.138,39.369,10.523,3.741,11.81,382.825,1012.014,1653.481,2128.546,2798.529,3339.892,591.413,29.590,-1.051,,2.138,21:51:18
HFC_306.wav,83.357,93.04,89.53,103.090,72.867,30.223,12.757,80.260,58.050,2.778,20.898177868766343,321.726,731.957,1564.225,318.752,1.440,58.069,10.069,5.767,10.76,405.227,1121.630,1720.468,2204.228,2783.431,3323.715,583.698,29.981,-1.272,,1.440,21:51:22
HFC_307.wav,86.816,94.30,78.82,103.468,75.909,27.560,9.925,93.865,69.597,2.656,26.201236965982268,309.143,391.953,1268.298,306.641,1.506,50.792,10.957,4.636,17.88,360.622,1005.439,1638.438,2132.244,2677.449,3258.765,579.629,30.192,-1.771,,1.506,21:51:24
HFC_308.wav,91.617,96.16,82.67,107.956,79.686,28.270,75.312,89.764,83.335,5.324,15.652735919610222,338.788,535.495,1451.517,345.805,2.160,51.740,11.805,4.383,10.70,367.168,1037.199,1670.544,2080.240,2711.123,3228.850,572.337,30.576,-1.841,,2.160,21:51:28
HFC_309.wav,92.025,104.68,78.52,104.678,78.519,26.160,19.495,107.425,54.807,2.296,23.869586943471468,346.399,615.145,1583.028,379.107,1.089,65.193,6.888,9.464,11.70,364.288,992.854,1670.041,2084.567,2750.915,3269.688,581.080,30.116,-1.694,,1.089,21:51:41
HFC_31.wav,89.843,97.70,99.70,103.513,73.801,29.712,81.656,56.396,50.673,3.457,14.656695542035903,399.754,466.782,1215.452,400.737,2.459,43.885,8.948,4.904,14.67,404.627,1000.009,1556.513,2043.136,2640.630,3166.715,552.418,31.679,-1.438,,2.459,21:31:47
HFC_310.wav,89.706,99.63,85.49,106.474,72.655,33.819,7.283,132.122,116.871,5.384,21.70782492760611,325.618,728.320,1734.694,377.705,1.207,51.503,8.697,5.922,10.69,375.953,1119.739,1652.354,2003.662,2735.904,3243.776,573.565,30.511,-1.325,,1.207,21:51:43
HFC_311.wav,85.532,98.41,81.27,100.178,71.597,28.581,12.304,128.718,70.013,3.451,20.287223764556444,310.826,503.980,1334.280,304.243,1.159,71.375,8.196,8.708,9.31,357.577,1069.178,1614.232,2118.515,2750.767,3256.786,579.842,30.181,-1.420,,1.159,21:52:02
HFC_312.wav,84.166,99.22,77.81,102.284,71.756,30.528,9.927,65.706,51.798,4.192,12.355802754510487,326.486,392.834,1245.658,316.828,1.431,64.252,7.336,8.758,18.72,354.377,991.664,1662.445,2036.428,2654.867,3252.821,579.689,30.189,-1.900,,1.431,21:52:04
HFC_313.wav,83.601,101.28,102.60,105.460,72.942,32.518,17.950,119.651,90.414,4.776,18.930964697325468,307.159,584.149,1340.847,303.933,1.361,52.565,14.695,3.577,8.78,402.335,1066.033,1636.958,2142.495,2718.441,3281.462,575.825,30.391,-0.710,,1.361,21:52:11
HFC_314.wav,81.108,102.72,88.39,104.859,71.408,33.451,6.910,34.221,26.136,3.078,8.491251181597889,317.182,398.373,1228.134,315.403,1.949,52.475,7.952,6.599,17.96,367.499,998.383,1618.732,2079.296,2649.249,3232.247,572.950,30.544,-1.402,,1.949,21:52:14
HFC_315.wav,85.452,83.85,85.52,105.276,73.702,31.574,47.057,67.176,44.753,2.470,18.11975324629034,307.056,351.107,774.901,306.545,1.822,66.718,7.410,9.004,17.91,348.467,1049.974,1614.122,2094.383,2713.476,3232.232,576.753,30.342,-1.278,,1.822,21:52:20
HFC_316.wav,82.680,101.80,72.35,104.117,72.347,31.771,6.055,50.195,39.268,2.412,16.281892517289712,317.739,483.922,1435.144,323.448,1.866,47.045,8.843,5.320,15.35,366.835,1059.243,1633.716,2100.843,2733.177,3293.088,585.251,29.902,-1.373,,1.866,21:52:28
HFC_317.wav,86.019,101.26,89.39,101.260,79.989,21.270,3.289,40.522,35.916,2.012,17.849275520562408,257.429,294.377,477.165,253.958,1.242,27.612,7.646,3.611,17.62,278.534,878.560,1559.133,2007.038,2695.725,3320.852,608.464,28.761,-0.162,,1.242,21:52:34
HFC_318.wav,81.125,93.44,88.40,102.188,73.823,28.365,12.920,61.321,51.817,1.794,28.89160825669973,305.311,436.670,1208.074,314.255,1.673,54.337,8.669,6.268,15.03,372.927,1000.889,1564.397,2024.418,2625.832,3202.418,565.898,30.924,-1.144,,1.673,21:52:37
HFC_319.wav,81.682,100.36,94.44,102.468,71.776,30.692,6.577,40.920,32.684,3.078,10.618552608663022,316.036,432.062,1437.472,319.111,2.437,39.693,8.413,4.718,19.00,361.846,1059.157,1636.460,2054.595,2733.656,3225.372,572.705,30.557,-1.670,,2.437,21:52:40
HFC_32.wav,85.618,86.12,101.29,102.890,72.033,30.857,14.967,88.984,72.482,4.053,17.883830098639038,267.353,408.899,1039.212,287.993,1.234,57.920,6.890,8.406,13.84,342.946,977.357,1490.426,1939.467,2651.171,3172.749,565.961,30.921,-0.937,,1.234,21:31:50
HFC_320.wav,90.878,87.26,92.13,104.995,76.087,28.908,36.874,95.757,64.328,2.507,25.659645751653873,344.281,464.952,1637.337,350.299,1.396,81.221,7.163,11.339,10.68,360.712,1094.611,1673.854,2077.107,2695.113,3160.696,559.997,31.250,-1.824,,1.396,21:52:46
HFC_321.wav,91.829,91.92,90.74,105.100,78.588,26.513,28.129,102.618,63.324,2.019,31.359347503298256,477.942,1126.474,1992.165,1746.463,1.238,52.569,9.289,5.659,9.03,445.874,1034.947,1733.552,2192.059,2647.680,3201.758,551.177,31.750,-1.034,,1.238,21:52:53
HFC_322.wav,93.346,105.35,82.50,109.633,77.662,31.972,27.876,83.251,78.964,5.024,15.715996742085359,304.602,366.379,615.827,344.098,0.896,67.474,14.515,4.649,8.96,340.830,1004.420,1694.878,2130.774,2731.589,3314.319,594.698,29.427,-0.220,,0.896,21:52:54
HFC_323.wav,89.101,89.34,82.30,108.468,79.995,28.472,76.325,39.991,39.569,2.656,14.899005912496618,359.717,511.377,1714.645,350.183,3.201,45.467,9.373,4.851,13.06,365.388,1061.894,1641.497,2153.039,2725.627,3309.056,588.734,29.725,-2.005,,3.201,21:52:55
HFC_324.wav,79.663,105.19,81.65,105.645,71.859,33.786,9.449,64.768,50.202,3.927,12.783196357118237,306.530,438.654,1256.287,315.203,1.400,61.871,10.710,5.777,11.87,363.187,1020.213,1615.397,2095.596,2674.456,3268.983,581.159,30.112,-1.242,,1.401,21:53:01
HFC_325.wav,82.272,94.53,104.17,104.168,71.921,32.247,93.779,60.202,44.848,2.608,17.195359259289045,308.362,646.154,1374.420,316.849,1.725,56.146,4.926,11.397,14.82,437.854,1071.305,1631.372,2161.471,2723.046,3252.280,562.885,31.090,-0.993,,1.725,21:53:09
HFC_326.wav,93.238,106.94,76.76,107.212,76.758,30.454,22.987,89.737,41.683,1.492,27.93805006509686,353.317,697.378,1774.761,369.535,1.005,61.995,7.460,8.310,9.10,370.579,1054.883,1668.967,2071.913,2773.640,3248.871,575.659,30.400,-1.211,,1.005,21:53:16
HFC_327.wav,81.757,75.72,88.07,101.546,72.182,29.365,33.693,96.697,79.019,4.401,17.953163496986036,307.301,644.319,1481.739,281.417,0.909,55.770,7.152,7.797,11.56,368.052,1024.022,1612.536,1981.669,2600.274,3153.977,557.185,31.408,-1.210,,0.909,21:53:20
HFC_328.wav,78.735,70.58,76.90,103.538,70.341,33.198,39.605,144.683,126.245,35.010,3.6059511547602776,356.294,650.707,1551.985,409.558,1.185,36.495,11.389,3.204,13.42,403.022,1045.677,1557.970,2107.712,2624.697,3186.385,556.673,31.437,-1.349,unvoiced,1.185,21:53:21
HFC_329.wav,83.854,82.66,94.92,101.564,71.542,30.023,54.358,107.291,63.747,2.016,31.624962188337776,330.560,572.797,1444.238,402.621,1.488,59.792,7.727,7.738,12.24,369.911,1062.260,1599.115,2048.503,2745.613,3207.466,567.511,30.836,-1.690,,1.488,21:53:23
HFC_33.wav,92.282,107.93,102.86,107.933,81.388,26.544,1.721,101.363,95.867,4.194,22.857183600536526,276.930,643.682,1774.542,256.866,1.550,50.968,10.324,4.937,9.51,326.907,1140.492,1759.497,2182.327,2868.804,3340.807,602.780,29.032,-1.479,,1.550,21:31:58
HFC_330.wav,81.635,101.46,93.09,101.462,70.686,30.775,7.831,80.840,65.589,3.768,17.405514224690833,320.311,655.809,1083.307,381.085,1.194,58.557,4.606,12.714,16.29,356.199,907.789,1584.180,2035.669,2635.987,3188.506,566.461,30.894,-1.176,,1.194,21:53:25
HFC_331.wav,78.681,73.54,88.18,92.872,70.898,21.974,92.007,63.547,36.535,2.582,14.150736313183428,308.742,461.408,1272.026,332.608,1.743,58.757,9.467,6.207,9.13,357.947,1051.223,1597.999,2078.355,2737.904,3234.758,575.362,30.416,-1.746,,1.743,21:53:26
HFC_332.wav,82.092,92.99,86.03,109.494,70.362,39.132,8.804,148.126,113.208,23.848,4.746991398009918,340.787,487.013,1349.342,379.849,1.027,48.304,9.247,5.224,15.09,368.427,943.103,1593.085,1962.761,2690.901,3165.185,559.352,31.286,-1.693,unvoiced,1.027,21:53:28
HFC_333.wav,97.295,101.98,78.18,105.667,76.661,29.006,72.940,74.257,43.684,2.476,17.644242072532652,392.769,604.338,1569.294,397.310,1.414,42.634,7.427,5.740,10.41,404.180,1075.973,1651.404,2050.908,2726.584,3235.148,566.194,30.908,-1.429,,1.414,21:53:29
HFC_334.wav,86.448,95.47,73.54,104.920,70.798,34.121,32.319,93.448,89.353,4.170,21.428847998282595,347.610,522.187,1219.996,390.594,1.919,51.359,9.382,5.474,9.72,376.716,970.989,1601.899,1995.145,2659.627,3189.258,562.508,31.111,-1.354,,1.919,21:53:31
HFC_335.wav,84.417,103.20,94.24,104.412,71.008,33.403,73.535,109.154,95.793,3.571,26.827229574557034,343.556,533.136,1304.383,410.039,2.661,60.704,11.464,5.295,10.11,377.708,1008.145,1564.177,1987.078,2681.056,3202.853,565.029,30.972,-1.339,,2.661,21:53:33
HFC_336.wav,97.025,92.47,93.97,103.230,85.639,17.591,15.618,30.249,23.165,1.227,18.87537025790008,386.128,408.252,492.531,383.779,2.037,48.451,5.645,8.582,26.64,380.083,918.284,1644.258,2052.587,2762.062,3274.708,578.925,30.228,-1.491,,2.037,21:53:37
HFC_337.wav,90.060,96.16,93.54,106.753,74.999,31.755,68.838,95.521,86.947,4.561,19.06288631839484,329.336,478.738,1534.049,312.024,3.618,60.803,8.984,6.768,12.65,358.039,1074.913,1653.725,2052.223,2720.442,3239.356,576.263,30.368,-1.626,,3.618,21:53:42
HFC_338.wav,98.229,80.95,102.37,108.157,80.947,27.211,38.526,70.104,62.322,4.141,15.048486863055807,309.775,494.523,1793.800,312.735,1.449,76.779,7.938,9.673,10.68,352.800,1117.857,1702.007,2189.574,2769.782,3192.024,567.845,30.818,-1.701,,1.449,21:53:49
HFC_339.wav,92.810,85.90,81.36,106.825,75.195,31.630,46.536,53.868,35.836,2.184,16.40708336486014,364.312,510.909,1643.785,361.171,1.602,62.520,9.985,6.262,11.80,379.076,1062.262,1687.772,2093.255,2740.801,3250.469,574.279,30.473,-1.727,,1.602,21:53:54
HFC_34.wav,86.269,105.54,104.96,105.544,75.723,29.821,10.233,77.682,47.579,2.902,16.39762574737543,263.025,357.329,818.324,364.634,1.379,46.660,8.705,5.360,16.38,313.194,944.992,1631.445,2012.725,2657.026,3151.860,567.733,30.824,-1.337,,1.379,21:32:01
HFC_340.wav,91.676,82.79,96.67,104.490,82.452,22.037,33.018,77.732,58.236,4.278,13.6145310685989,336.713,411.467,1194.098,347.375,0.935,69.253,9.090,7.619,12.50,363.681,959.207,1662.338,2106.363,2785.457,3300.493,587.362,29.794,-1.567,,0.935,21:53:59
HFC_341.wav,85.135,100.01,84.60,104.805,73.797,31.008,8.857,79.563,66.907,4.865,13.754000686212642,325.237,399.805,1192.486,327.913,1.747,82.217,11.732,7.008,9.38,353.743,1033.102,1616.872,2058.468,2704.331,3228.804,575.012,30.434,-1.717,,1.747,21:54:02
HFC_342.wav,90.881,101.22,93.52,106.154,77.874,28.280,17.354,69.183,53.534,2.707,19.773873781092277,325.942,531.614,1660.672,307.453,2.770,56.627,11.732,4.827,11.98,354.951,1073.145,1698.586,2109.816,2795.365,3244.838,577.977,30.278,-1.894,,2.770,21:54:07
HFC_343.wav,91.493,80.09,82.02,107.874,80.088,27.786,78.229,103.245,91.007,2.287,39.79483493767608,326.931,367.851,649.367,333.216,1.093,88.997,9.148,9.729,16.10,320.033,940.030,1585.965,2010.929,2656.566,3290.350,594.063,29.458,-0.618,,1.093,21:54:13
HFC_344.wav,80.373,85.56,84.42,97.385,72.431,24.953,22.279,46.811,26.589,0.885,30.03896239033284,311.322,709.296,1570.871,301.358,1.695,47.699,10.327,4.619,16.16,376.975,1008.705,1647.460,2149.642,2626.935,3231.003,570.806,30.658,-1.205,,1.695,21:54:20
HFC_345.wav,90.637,92.75,83.20,103.122,83.201,19.921,37.412,45.792,33.812,2.308,14.646764827197662,336.519,522.824,1700.681,333.511,1.300,55.525,7.695,7.216,11.97,325.185,1126.106,1647.516,2153.726,2725.902,3259.434,586.850,29.820,-2.069,,1.300,21:54:22
HFC_346.wav,84.738,101.78,97.22,103.921,71.229,32.692,4.227,56.174,52.511,2.917,18.002227599214713,367.883,567.025,1535.282,380.926,3.942,48.100,11.541,4.168,13.43,384.293,1072.186,1650.649,2092.856,2752.651,3185.203,560.182,31.240,-1.537,,3.942,21:54:26
HFC_347.wav,88.305,104.62,83.97,104.892,76.428,28.464,10.063,89.509,66.056,5.289,12.489563975531782,338.444,441.064,1481.263,356.135,1.418,67.734,8.815,7.684,13.31,347.087,991.105,1646.263,1998.923,2742.858,3176.660,565.915,30.923,-1.938,,1.418,21:54:32
HFC_348.wav,89.222,92.26,74.67,108.193,74.648,33.545,74.552,84.639,67.415,3.397,19.84564371948561,316.993,568.066,1666.067,312.503,2.797,60.498,8.403,7.200,12.68,373.190,1081.404,1698.696,2116.281,2769.498,3213.001,567.962,30.812,-1.551,,2.797,21:54:38
HFC_349.wav,88.386,80.41,88.85,106.677,74.431,32.246,32.462,118.148,69.471,3.317,20.943235883755676,418.688,1020.467,1888.586,254.606,1.357,47.017,12.531,3.752,7.34,429.138,1108.689,1720.379,2208.313,2834.786,3291.074,572.387,30.574,-1.173,,1.357,21:54:42
HFC_35.wav,81.723,106.95,76.26,106.950,72.958,33.991,9.200,85.953,52.860,3.183,16.60581733227672,317.433,646.764,1500.123,311.491,1.414,47.817,7.781,6.145,13.96,376.989,1116.527,1693.438,2183.558,2812.665,3282.771,581.156,30.112,-1.187,,1.414,21:32:14
HFC_350.wav,80.303,93.85,79.48,101.256,72.084,29.172,13.524,62.751,50.527,3.197,15.805035108656302,315.693,580.845,1431.122,316.584,1.251,53.508,6.793,7.877,9.25,460.818,1087.643,1654.834,2195.726,2742.619,3277.889,563.414,31.061,-1.024,,1.251,21:54:45
HFC_351.wav,87.867,99.97,86.18,102.975,74.290,28.685,70.586,71.840,58.438,4.029,14.504083089038302,325.992,590.575,1438.260,319.700,1.861,54.643,8.327,6.562,11.90,407.472,1065.786,1651.355,2124.559,2698.946,3226.587,563.823,31.038,-1.209,,1.861,21:54:47
HFC_352.wav,80.085,102.16,75.26,105.798,72.912,32.886,9.014,30.530,26.321,3.034,8.67559103514494,307.959,546.098,1388.071,305.546,2.142,51.778,10.502,4.930,14.10,397.543,1039.100,1613.614,2126.854,2752.030,3275.905,575.673,30.399,-1.294,,2.142,21:54:49
HFC_353.wav,97.013,95.36,94.19,109.520,72.006,37.514,7.873,168.365,86.541,19.930,4.342169455606309,325.437,657.193,1204.767,287.801,1.229,48.504,8.542,5.679,13.16,453.116,980.615,1609.154,2095.497,2747.815,3227.083,554.794,31.543,-0.835,unvoiced,1.229,21:54:52
HFC_354.wav,80.631,98.05,97.62,100.614,71.503,29.111,7.719,96.900,68.847,3.812,18.059852491495505,292.892,508.181,1099.672,291.041,1.049,62.266,5.242,11.879,14.74,352.536,944.673,1565.387,2030.825,2736.814,3219.635,573.420,30.519,-0.990,,1.049,21:54:54
HFC_355.wav,85.327,96.31,86.48,105.468,70.738,34.730,10.427,110.334,89.050,5.088,17.502697832939404,317.850,597.515,1149.908,392.099,1.278,57.772,6.653,8.683,13.85,370.507,956.758,1601.531,2010.631,2656.324,3183.082,562.515,31.110,-1.027,,1.278,21:54:56
HFC_356.wav,86.193,102.42,82.17,103.871,72.949,30.921,4.593,132.740,114.059,3.889,29.329826773853142,308.080,699.785,1354.791,312.433,1.800,57.372,12.222,4.694,8.03,431.452,1057.069,1652.127,2137.124,2807.543,3297.275,573.165,30.532,-1.128,,1.800,21:54:59
HFC_357.wav,82.583,90.11,78.56,102.134,72.795,29.339,25.843,93.823,31.133,1.302,23.91965300526126,314.153,554.230,1480.169,303.799,1.537,51.156,8.786,5.823,15.30,432.134,1090.800,1693.827,2249.606,2797.936,3326.150,578.803,30.235,-1.291,,1.537,21:55:07
HFC_358.wav,82.630,92.06,81.66,104.826,72.189,32.637,10.997,58.013,45.803,2.503,18.29923965918758,326.156,764.343,1463.370,307.298,1.598,50.087,6.883,7.277,13.37,421.358,1071.864,1655.898,2138.419,2720.282,3245.058,564.740,30.988,-0.944,,1.598,21:55:10
HFC_359.wav,94.903,79.67,103.28,107.195,79.672,27.523,32.020,102.543,93.938,5.133,18.30085473608637,341.962,950.788,1843.042,328.501,1.559,53.296,12.512,4.260,7.07,407.961,1158.191,1733.799,2248.429,2817.225,3291.584,576.725,30.344,-1.258,,1.559,21:55:15
HFC_36.wav,94.715,103.10,78.62,109.686,72.547,37.139,8.425,116.184,54.113,9.257,5.845801142207013,307.592,401.235,1010.669,312.116,1.782,52.500,11.220,4.679,12.99,378.912,958.188,1552.627,1958.474,2590.246,3147.608,553.739,31.603,-1.033,unvoiced,1.782,21:32:23
HFC_360.wav,91.634,80.57,95.72,98.501,78.704,19.797,50.330,84.349,80.395,2.939,27.35449579514968,282.298,405.167,1939.918,294.762,0.680,76.248,7.348,10.377,9.12,326.475,1016.141,1649.144,2156.677,2716.524,3453.298,625.365,27.984,-2.145,,0.680,21:55:18
HFC_361.wav,87.327,94.90,77.26,101.907,74.279,27.628,7.942,60.936,46.550,3.379,13.776792069939791,331.720,703.699,1363.646,310.322,2.516,62.187,7.751,8.023,14.98,401.355,1021.277,1596.349,2030.383,2648.164,3190.217,557.772,31.375,-1.284,,2.516,21:55:21
HFC_362.wav,83.474,76.16,90.44,102.627,73.338,29.289,15.714,81.885,74.025,4.792,15.446679255973141,333.087,588.122,1321.692,334.908,1.774,64.154,11.558,5.551,10.46,424.103,1010.078,1619.811,2064.788,2704.874,3247.542,564.688,30.991,-1.440,,1.774,21:55:27
HFC_363.wav,79.840,83.00,74.29,109.904,70.335,39.569,74.417,179.302,127.071,30.946,4.10622700810029,350.280,500.454,1478.312,399.717,2.779,48.660,8.456,5.754,13.11,364.274,957.190,1611.200,2045.081,2689.411,3168.277,560.801,31.205,-1.894,unvoiced,2.779,21:55:29
HFC_364.wav,93.968,81.98,76.94,102.461,76.937,25.524,72.086,100.280,69.332,2.920,23.74215271400111,357.731,665.551,1562.164,360.807,1.199,75.184,7.926,9.485,13.03,407.831,1104.832,1607.383,2148.162,2731.700,3247.222,567.878,30.816,-1.331,,1.199,21:55:33
HFC_365.wav,93.853,90.65,86.52,97.812,86.516,11.297,56.375,52.710,8.331,1.085,7.68036067487003,325.215,498.568,1533.379,373.933,0.922,58.285,5.966,9.770,12.54,361.650,1066.484,1602.438,2094.730,2723.659,3254.123,578.495,30.251,-1.414,,0.922,21:55:36
HFC_366.wav,83.577,100.64,92.33,102.992,71.088,31.904,6.985,103.910,80.317,3.652,21.99034811760541,312.504,625.176,1447.016,298.429,1.506,62.907,12.949,4.858,6.57,389.767,1062.074,1582.677,2043.241,2686.572,3161.477,554.342,31.569,-1.182,,1.506,21:55:38
HFC_367.wav,81.809,83.82,76.04,101.937,71.645,30.291,13.562,65.044,49.082,3.254,15.083948868547118,339.527,840.331,1708.582,317.166,1.690,51.202,9.170,5.584,11.31,391.951,1064.078,1658.944,2152.916,2726.326,3233.158,568.241,30.797,-0.999,,1.690,21:55:44
HFC_368.wav,93.508,77.02,87.43,108.919,77.021,31.897,45.435,86.236,75.406,1.720,43.83125419146687,324.181,489.783,1514.537,322.128,1.453,63.726,6.881,9.261,13.14,340.476,1126.867,1682.769,2163.463,2828.959,3338.984,599.702,29.181,-1.644,,1.453,21:55:50
HFC_369.wav,99.955,75.64,107.88,108.399,75.641,32.758,75.664,50.811,46.151,3.037,15.196022739852372,311.287,494.161,1802.084,318.642,0.988,73.486,8.099,9.074,10.76,330.655,1088.297,1681.492,2093.569,2685.300,3327.390,599.347,29.198,-1.908,,0.988,21:55:53
HFC_37.wav,92.316,95.63,95.32,101.678,82.590,19.088,21.330,97.087,76.775,5.659,13.567063612154246,366.849,878.407,1947.415,344.132,0.707,76.600,7.781,9.845,6.57,400.756,1050.221,1718.392,2177.913,2705.560,3189.771,557.803,31.373,-1.119,,0.707,21:32:27
HFC_370.wav,92.824,92.26,74.93,105.341,74.934,30.407,16.573,80.740,61.754,4.094,15.083975831245446,323.070,527.170,1625.935,354.219,1.343,78.692,10.049,7.831,12.71,341.424,990.898,1690.471,2058.068,2755.539,3251.626,582.040,30.067,-2.040,,1.343,21:55:56
HFC_371.wav,82.274,106.13,100.88,106.126,72.357,33.769,8.857,76.737,48.869,2.624,18.622813097722698,310.090,554.841,1740.706,316.419,1.905,50.937,8.660,5.882,13.21,366.587,1080.283,1675.066,2262.507,2671.581,3278.591,582.401,30.048,-1.503,,1.905,21:56:05
HFC_372.wav,96.809,89.25,93.16,102.521,85.819,16.702,75.800,85.171,55.158,2.269,24.31259461577769,363.003,673.890,1679.794,390.881,1.102,66.036,9.529,6.930,11.55,370.812,1091.875,1646.936,2115.205,2671.730,3156.779,557.193,31.407,-1.530,,1.102,21:56:07
HFC_373.wav,94.793,87.89,93.12,103.908,84.157,19.752,34.147,118.150,76.920,2.432,31.631427770435767,367.258,625.889,1569.512,376.452,1.234,73.886,7.701,9.595,12.70,375.468,1117.524,1612.186,2060.877,2702.925,3191.276,563.162,31.075,-1.542,,1.234,21:56:09
HFC_374.wav,96.781,84.27,95.59,104.197,84.270,19.927,22.253,62.454,50.588,2.839,17.817089964557013,378.248,564.993,1440.892,385.037,1.585,72.719,5.994,12.132,16.19,388.519,1039.526,1663.685,2035.768,2680.252,3168.976,556.091,31.470,-1.654,,1.585,21:56:12
HFC_375.wav,97.005,91.69,98.60,103.224,81.968,21.256,66.409,78.616,62.332,3.534,17.64026019396162,381.777,591.275,1434.615,391.185,1.840,65.448,9.513,6.880,10.48,392.564,1022.088,1623.011,2001.788,2649.992,3185.720,558.631,31.327,-1.559,,1.840,21:56:15
HFC_376.wav,90.136,93.34,91.43,101.603,81.100,20.503,15.223,90.576,70.076,3.285,21.330534187255093,310.371,596.403,1409.785,273.787,0.913,64.770,9.308,6.958,11.75,356.950,953.129,1582.177,2022.923,2727.707,3216.156,571.841,30.603,-1.209,,0.913,21:56:21
HFC_377.wav,82.743,99.17,78.99,101.681,70.965,30.716,9.529,92.882,60.168,3.374,17.830329524721122,290.981,425.809,1161.348,287.626,1.185,62.404,8.014,7.787,13.84,325.468,948.898,1595.180,1965.276,2782.533,3253.179,585.542,29.887,-1.435,,1.185,21:56:23
HFC_378.wav,83.911,100.34,102.17,109.199,70.541,38.658,8.041,157.293,104.275,26.774,3.894677753436688,299.312,484.937,1175.868,298.717,1.251,60.885,8.392,7.255,15.04,362.451,914.359,1545.736,1974.696,2779.655,3294.996,586.509,29.838,-1.253,unvoiced,1.251,21:56:25
HFC_379.wav,89.784,80.34,91.02,109.976,70.335,39.641,63.096,190.476,133.730,24.329,5.496768852620283,335.294,516.923,1423.005,300.402,2.836,63.866,8.286,7.708,14.36,364.196,1030.565,1644.493,2071.981,2736.326,3257.326,578.626,30.244,-1.798,unvoiced,2.836,21:56:28
HFC_38.wav,94.096,95.29,89.01,105.235,70.570,34.665,67.619,122.510,76.165,2.272,33.521882711710646,370.190,742.771,1650.205,390.540,1.760,54.487,7.668,7.105,12.13,396.202,1077.060,1689.567,2089.034,2718.443,3241.202,569.000,30.756,-1.345,,1.761,21:32:30
HFC_380.wav,89.403,80.47,86.17,105.521,80.475,25.047,51.849,66.737,42.733,1.233,34.64474623947053,341.174,380.607,728.957,343.686,1.216,76.660,7.401,10.358,12.63,354.431,1090.205,1612.781,2118.814,2727.733,3230.644,575.243,30.422,-1.129,,1.216,21:56:31
HFC_381.wav,93.272,83.34,103.46,105.438,79.364,26.075,65.584,84.809,47.834,1.745,27.405096092250005,308.868,394.902,1517.260,316.714,1.146,60.394,8.291,7.284,12.43,290.497,1100.492,1642.507,2076.119,2629.495,3256.031,593.107,29.506,-2.229,,1.146,21:56:38
HFC_382.wav,90.086,95.54,108.09,108.095,83.110,24.985,94.341,53.706,38.276,3.174,12.05965054397214,340.748,391.114,1047.098,335.861,2.678,62.559,6.534,9.574,18.68,338.106,877.957,1569.416,2013.073,2734.872,3342.284,600.836,29.126,-2.294,,2.678,21:56:42
HFC_383.wav,90.008,81.94,81.39,104.409,75.328,29.081,12.192,100.472,85.539,4.745,18.02621375321197,264.637,372.771,699.323,376.412,1.159,52.569,8.196,6.414,15.68,328.317,859.754,1606.488,1938.960,2622.984,3167.804,567.897,30.815,-0.710,,1.159,21:56:48
HFC_384.wav,81.579,99.17,102.04,102.042,71.130,30.912,87.604,82.188,66.384,3.008,22.067035199120234,272.381,404.857,896.263,288.004,1.163,67.238,7.306,9.203,11.62,350.800,896.994,1526.615,1910.219,2638.653,3178.169,565.474,30.948,-1.007,,1.163,21:56:50
HFC_385.wav,88.675,89.24,77.46,103.873,77.464,26.409,31.787,85.988,30.145,0.996,30.263423805014213,309.649,348.138,613.770,314.930,1.506,78.909,5.977,13.203,18.87,331.147,1063.184,1608.445,2111.011,2727.485,3301.509,594.072,29.458,-0.576,,1.506,21:56:51
HFC_386.wav,91.707,91.66,85.04,106.747,84.139,22.607,41.832,77.700,39.765,1.964,20.251431291562163,338.331,453.237,1772.618,335.292,1.019,84.212,6.382,13.196,11.98,352.237,1117.191,1717.656,2187.903,2755.355,3297.285,589.009,29.711,-1.849,,1.019,21:56:54
HFC_387.wav,95.944,100.52,78.43,109.965,77.416,32.548,84.119,121.033,21.368,1.669,12.805274875567676,316.746,594.190,1383.935,318.014,1.199,61.020,5.840,10.448,11.45,390.576,1064.077,1630.749,2165.786,2718.738,3259.570,573.799,30.498,-1.072,unvoiced,1.199,21:56:56
HFC_388.wav,86.211,101.60,81.88,103.626,73.239,30.386,9.518,110.219,73.645,3.037,24.249141947720737,315.400,448.682,1599.040,323.451,1.317,61.320,8.731,7.023,14.19,371.524,1139.879,1671.087,2260.105,2811.181,3349.412,595.578,29.383,-1.689,,1.317,21:56:58
HFC_389.wav,84.119,91.49,79.61,103.947,73.001,30.946,8.026,45.981,41.641,2.799,14.878339425473136,324.436,496.598,1501.088,329.172,2.322,35.631,8.396,4.244,19.19,360.076,1111.535,1675.296,2207.941,2820.844,3337.064,595.398,29.392,-1.615,,2.322,21:57:00
HFC_39.wav,91.985,106.14,79.06,106.137,79.062,27.076,13.778,109.000,67.007,2.266,29.56520116137849,350.537,595.289,1395.064,358.033,0.882,69.834,4.533,15.406,12.53,384.012,1059.469,1638.896,2096.581,2745.871,3213.264,565.851,30.927,-1.155,,0.882,21:32:33
HFC_390.wav,82.393,100.28,78.26,104.210,71.083,33.127,84.035,69.171,45.019,2.531,17.788020688120895,319.172,431.550,1121.558,312.403,1.976,63.760,12.654,5.039,14.20,346.929,1045.477,1667.994,2187.824,2700.523,3247.294,580.073,30.169,-1.535,,1.976,21:57:08
HFC_391.wav,86.454,85.85,91.89,107.186,70.460,36.725,6.969,137.084,61.640,17.041,3.6171418401642637,375.142,453.256,849.356,414.869,4.166,57.945,9.961,5.817,17.93,381.130,970.400,1557.524,2062.724,2646.728,3187.070,561.188,31.184,-1.537,unvoiced,4.166,21:57:10
HFC_392.wav,99.271,84.26,97.70,106.486,84.256,22.230,56.553,46.385,38.073,3.395,11.214493151658262,394.947,428.671,546.944,399.339,1.620,79.158,8.950,8.844,17.29,391.091,939.006,1522.124,2005.578,2633.988,3223.820,566.546,30.889,-1.115,,1.620,21:57:16
HFC_393.wav,88.984,82.87,75.57,106.608,72.028,34.579,55.816,86.784,65.442,2.545,25.71438758309903,379.679,459.023,1286.824,381.841,2.358,67.323,10.392,6.478,13.47,390.732,955.174,1562.393,2032.636,2659.029,3224.362,566.726,30.879,-1.971,,2.358,21:57:19
HFC_394.wav,99.277,101.92,102.72,109.996,73.837,36.160,55.507,143.746,34.028,7.803,4.360844177967134,356.684,474.359,1377.204,332.053,2.691,71.009,11.705,6.067,13.67,377.069,1046.473,1569.918,2052.974,2676.626,3217.012,567.989,30.810,-1.789,unvoiced,2.691,21:57:23
HFC_395.wav,80.213,88.95,72.61,95.941,71.874,24.067,6.253,60.882,52.406,3.118,16.80572569280932,323.350,756.027,1487.736,303.108,1.764,35.971,9.638,3.732,11.98,382.286,1056.078,1676.596,2173.241,2754.866,3318.844,587.312,29.797,-1.110,,1.764,21:57:25
HFC_396.wav,85.102,99.13,103.71,103.898,72.459,31.439,29.597,110.962,64.277,2.239,28.703128817654715,304.616,487.716,1442.023,309.690,1.563,61.588,11.837,5.203,8.62,386.657,1089.774,1682.076,2178.916,2788.054,3299.041,582.477,30.044,-1.622,,1.563,21:57:29
HFC_397.wav,80.929,96.59,79.95,100.270,72.407,27.862,8.981,81.399,50.098,2.817,17.78403846369272,309.304,547.274,1322.706,304.350,1.242,48.547,5.232,9.280,16.45,354.872,1003.772,1608.260,2039.593,2679.781,3191.982,567.422,30.841,-1.355,,1.242,21:57:31
HFC_398.wav,82.125,82.50,76.12,103.031,72.561,30.470,18.709,62.226,51.317,2.239,22.915698960713765,315.090,527.775,1226.780,300.599,1.563,57.651,6.398,9.010,14.45,345.928,1011.728,1645.748,2141.205,2778.359,3275.917,585.998,29.864,-1.380,,1.563,21:57:33
HFC_399.wav,88.513,99.80,91.89,105.511,74.363,31.149,76.365,99.594,77.280,3.022,25.569324574339053,349.500,624.321,1239.577,308.863,3.640,45.161,10.716,4.214,10.46,376.445,1007.466,1623.820,2092.869,2709.846,3218.786,568.468,30.784,-1.404,,3.640,21:57:35
HFC_40.wav,92.975,96.68,88.63,103.975,72.283,31.691,49.104,132.996,106.945,3.853,27.75406503105052,343.122,765.849,1500.453,384.561,1.168,55.007,7.278,7.557,10.84,400.356,1057.630,1604.207,2007.212,2698.087,3211.682,562.265,31.124,-1.124,,1.168,21:32:35
HFC_400.wav,86.710,96.04,99.47,105.670,70.877,34.793,11.011,106.085,92.146,3.844,23.96936693555577,284.707,416.364,1105.782,280.439,1.040,59.518,9.130,6.519,14.07,320.203,954.061,1618.975,2046.256,2705.391,3169.003,569.760,30.715,-1.473,,1.040,21:57:40
HFC_401.wav,83.654,100.45,94.65,101.300,72.073,29.227,58.361,88.384,64.058,4.795,13.35849507611065,307.885,520.454,1295.637,292.399,1.668,72.503,10.789,6.720,8.84,376.111,970.926,1646.317,2106.756,2764.918,3250.700,574.918,30.439,-1.346,,1.668,21:57:42
HFC_402.wav,84.384,89.78,91.30,104.423,70.889,33.534,76.291,92.189,86.343,3.628,23.79731836285731,319.618,578.109,1677.506,383.901,2.481,46.940,10.280,4.566,15.88,341.895,1049.121,1593.530,2039.807,2660.050,3166.443,564.910,30.978,-2.085,,2.481,21:57:44
HFC_403.wav,78.493,102.73,93.49,104.961,71.089,33.872,13.348,91.885,57.476,3.339,17.214865900802128,318.006,517.519,1218.559,411.423,1.348,62.238,7.790,7.989,13.44,357.236,1025.954,1555.062,2065.688,2695.570,3240.883,576.729,30.344,-1.312,,1.348,21:57:46
HFC_404.wav,92.810,84.92,83.13,106.611,78.771,27.840,12.290,95.573,87.834,4.817,18.234213060101556,321.105,515.149,1292.818,349.702,1.453,67.721,8.258,8.201,13.58,376.506,1056.358,1549.825,1980.110,2709.986,3205.883,565.875,30.926,-1.428,,1.453,21:57:51
HFC_405.wav,83.704,93.00,81.78,104.445,72.069,32.376,19.690,69.624,46.039,2.618,17.58482471327914,316.544,635.197,1479.762,314.797,1.528,59.828,8.836,6.771,13.53,362.168,1041.826,1678.449,2085.747,2636.143,3218.857,571.338,30.630,-1.255,,1.528,21:57:57
HFC_406.wav,84.225,82.23,86.22,107.280,71.895,35.385,15.415,56.210,46.464,3.357,13.842127042458557,320.424,515.818,1271.273,365.070,2.085,55.792,10.310,5.412,11.39,410.251,930.170,1678.127,2089.606,2708.959,3235.520,565.054,30.971,-1.200,,2.085,21:57:59
HFC_407.wav,86.960,84.01,99.96,99.958,80.442,19.515,97.623,49.166,36.898,3.796,9.719637355444856,340.748,522.360,1843.295,345.419,1.054,57.200,10.914,5.241,7.44,341.010,1144.265,1721.290,2181.214,2760.110,3264.188,584.636,29.933,-1.872,,1.054,21:58:03
HFC_408.wav,86.379,91.01,92.41,105.297,71.846,33.451,17.813,65.154,51.294,3.391,15.125783107864493,342.839,637.471,1549.976,373.307,1.769,58.460,11.021,5.304,11.04,383.276,981.193,1652.288,2035.806,2655.367,3162.282,555.801,31.486,-1.443,,1.769,21:58:06
HFC_409.wav,83.348,91.85,99.88,107.794,72.128,35.666,15.933,61.840,39.894,2.362,16.891737739952585,317.443,501.545,1381.663,310.585,1.905,50.488,8.135,6.206,15.11,392.072,977.693,1656.496,2022.900,2666.968,3189.612,559.508,31.277,-1.388,,1.905,21:58:09
HFC_41.wav,83.410,93.20,80.32,106.614,71.037,35.577,23.007,105.337,63.554,2.476,25.670208628025065,307.399,565.931,1444.884,287.634,1.818,70.398,11.279,6.242,9.09,347.329,1037.787,1618.753,2036.479,2694.784,3190.645,568.663,30.774,-1.231,,1.818,21:32:37
HFC_410.wav,82.232,80.51,87.93,100.577,72.253,28.324,33.918,93.756,44.315,1.793,24.708805958969833,341.291,650.420,1594.285,374.650,1.115,73.177,7.622,9.600,13.17,352.123,1036.195,1689.643,2015.897,2642.441,3112.951,552.165,31.693,-1.609,,1.115,21:58:12
HFC_411.wav,86.498,81.58,101.75,102.412,70.621,31.791,26.113,102.465,66.267,2.297,28.843848155310663,389.082,440.474,811.846,402.774,1.523,82.236,9.518,8.640,14.64,388.839,939.077,1581.459,2042.335,2562.113,3168.601,555.952,31.478,-1.398,,1.523,21:58:13
HFC_412.wav,90.578,97.64,102.94,102.941,75.986,26.956,95.687,76.059,69.875,2.807,24.89201872387711,238.912,484.265,2187.998,295.685,1.247,64.611,11.630,5.556,8.71,310.176,1067.957,1642.840,2168.544,2764.804,3455.566,629.078,27.818,-2.210,,1.247,21:58:19
HFC_413.wav,83.042,86.39,95.00,100.985,72.096,28.889,43.614,84.445,58.148,4.722,12.313759623685609,327.427,514.306,1241.272,365.229,1.800,61.350,9.167,6.693,10.90,398.365,941.926,1588.929,2045.423,2742.042,3241.624,568.652,30.775,-1.295,,1.800,21:58:24
HFC_414.wav,89.356,94.35,77.71,102.638,75.520,27.118,22.338,83.325,59.735,2.010,29.722174011453774,352.698,437.816,1754.162,345.524,0.746,72.183,7.369,9.795,13.53,354.555,1106.120,1676.864,2131.689,2700.639,3150.617,559.212,31.294,-2.009,,0.746,21:58:26
HFC_415.wav,86.911,85.91,86.67,102.189,71.600,30.589,12.553,75.959,70.989,3.568,19.89656747805683,383.405,489.923,1402.738,391.143,3.503,55.612,10.133,5.488,13.27,398.331,1013.376,1639.668,2111.186,2742.701,3223.828,565.099,30.968,-1.748,,3.503,21:58:27
HFC_416.wav,84.759,101.79,94.79,104.338,71.954,32.384,38.035,120.144,72.754,2.701,26.9367090045991,302.479,674.869,1226.398,291.537,1.111,75.735,6.752,11.216,11.93,425.191,1004.566,1595.440,2013.571,2767.837,3274.958,569.953,30.704,-0.949,,1.111,21:58:34
HFC_417.wav,84.006,100.85,96.21,101.274,71.620,29.654,25.937,91.214,77.105,3.478,22.172576753673454,317.815,719.892,1363.478,296.139,1.150,49.195,8.259,5.956,10.49,383.421,986.268,1599.609,2056.400,2716.566,3192.126,561.741,31.153,-1.185,,1.150,21:58:36
HFC_418.wav,90.351,94.65,73.90,105.628,70.503,35.124,58.816,124.120,95.596,3.213,29.752195466502137,302.104,619.302,1363.730,267.553,1.401,52.190,6.069,8.599,12.56,381.635,1008.479,1613.140,2022.329,2746.029,3244.444,572.562,30.564,-1.179,,1.401,21:58:38
HFC_419.wav,94.300,86.25,87.93,105.440,74.591,30.849,70.814,138.428,119.651,4.010,29.837235007594312,333.692,608.639,1360.987,343.535,1.247,52.361,11.228,4.663,11.05,420.703,1069.300,1630.145,2086.046,2761.305,3274.292,570.718,30.663,-1.264,,1.247,21:58:40
HFC_42.wav,83.844,101.86,96.34,102.168,70.966,31.202,6.951,85.098,70.677,3.548,19.920554737387096,347.168,598.456,1177.138,389.140,1.409,52.854,10.999,4.805,14.45,411.403,983.558,1594.402,2068.183,2718.796,3247.719,567.263,30.850,-1.220,,1.409,21:32:39
HFC_420.wav,84.669,101.90,94.50,102.438,71.042,31.396,7.238,104.809,90.858,3.017,30.116422551035413,305.183,651.338,1447.195,355.401,1.326,56.454,8.674,6.509,12.67,385.884,1024.565,1604.399,2071.785,2773.269,3257.444,574.312,30.471,-1.347,,1.326,21:58:44
HFC_421.wav,91.067,95.23,74.77,103.720,74.679,29.041,65.293,89.111,62.604,3.609,17.34614707069666,304.985,428.149,1370.755,302.831,1.247,85.398,11.629,7.343,8.98,362.822,1023.687,1613.402,2101.639,2753.506,3279.690,583.374,29.998,-1.541,,1.247,21:58:48
HFC_422.wav,84.693,100.60,86.90,104.713,72.490,32.223,8.655,38.018,29.379,2.195,13.38553459435801,338.280,774.575,1667.524,327.513,2.050,46.597,8.779,5.308,15.34,425.972,1085.186,1637.806,2179.847,2953.474,3423.710,599.548,29.189,-1.227,,2.050,21:58:50
HFC_423.wav,84.641,93.78,86.29,105.283,76.685,28.598,10.171,63.671,53.051,3.534,15.013556918435267,390.460,947.836,1819.445,318.715,1.840,50.732,10.057,5.044,12.31,418.629,1089.931,1639.417,2128.747,2860.231,3299.368,576.148,30.374,-1.059,,1.840,21:58:54
HFC_424.wav,87.782,87.30,106.41,107.320,72.654,34.666,32.040,114.850,97.989,4.462,21.958998969540083,314.607,601.199,1438.849,324.016,2.577,57.198,12.223,4.680,6.45,372.958,1032.122,1687.338,2133.802,2777.425,3253.844,576.177,30.373,-1.287,,2.577,21:59:00
HFC_425.wav,91.665,97.34,95.94,104.562,70.787,33.776,51.037,105.665,72.797,2.588,28.125214202154186,387.787,624.657,1601.075,394.547,1.352,67.765,10.723,6.320,10.21,387.267,1023.849,1657.186,2072.369,2651.032,3146.441,551.835,31.712,-1.378,,1.352,21:59:03
HFC_426.wav,87.244,96.21,94.27,104.758,72.862,31.896,8.913,78.064,71.254,2.909,24.496703679412313,345.982,668.558,1720.633,368.952,2.235,60.965,9.621,6.337,10.28,391.384,1080.765,1671.626,2106.875,2818.985,3244.986,570.720,30.663,-1.354,,2.235,21:59:05
HFC_427.wav,90.354,106.79,72.79,106.787,72.082,34.706,3.391,70.153,64.537,2.769,23.304410433273315,383.705,435.066,981.396,386.323,2.889,58.438,6.577,8.885,15.49,377.994,956.794,1625.559,1963.586,2654.617,3131.270,550.655,31.780,-1.729,,2.889,21:59:08
HFC_428.wav,96.331,83.95,94.09,101.329,83.950,17.379,62.250,22.681,16.589,3.552,4.6701238843216775,385.954,467.465,1390.089,376.127,2.252,51.696,9.990,5.175,15.09,374.377,1001.769,1703.791,2136.998,2758.565,3237.694,572.663,30.559,-2.262,,2.252,21:59:11
HFC_429.wav,82.970,77.80,85.73,106.342,71.296,35.045,11.780,240.961,173.043,42.543,4.0675222477462265,320.302,488.920,1322.961,306.218,1.892,67.724,9.248,7.323,8.35,354.388,1003.830,1589.536,1982.743,2620.472,3216.004,572.323,30.577,-1.686,unvoiced,1.892,21:59:16
HFC_43.wav,88.796,101.21,77.64,107.080,71.134,35.946,67.818,70.200,64.546,4.927,13.100144250982222,339.003,643.559,1417.760,382.941,3.552,43.444,10.417,4.170,13.57,448.520,1062.707,1632.334,2067.962,2735.434,3255.574,561.411,31.171,-1.051,,3.552,21:32:41
HFC_430.wav,86.730,92.37,95.90,102.323,72.075,30.248,85.607,56.456,49.568,3.208,15.450725324795663,347.314,608.497,1449.363,327.552,2.805,45.424,8.020,5.664,14.81,396.673,1013.827,1591.608,2014.761,2650.752,3218.457,564.357,31.009,-1.307,,2.805,21:59:19
HFC_431.wav,85.072,92.91,92.10,104.049,75.489,28.560,12.995,89.074,83.739,4.339,19.30105359349981,331.363,533.792,1388.292,321.268,1.844,54.018,14.372,3.759,6.05,388.995,1072.596,1619.799,2114.740,2748.884,3281.229,578.447,30.253,-1.183,,1.844,21:59:24
HFC_432.wav,82.988,83.73,74.05,105.177,73.518,31.660,21.356,59.679,47.604,2.180,21.840196056531248,316.785,542.529,1452.295,304.374,1.835,45.390,7.901,5.745,14.04,378.220,1080.195,1654.290,2072.287,2703.515,3239.183,572.193,30.584,-1.252,,1.835,21:59:31
HFC_433.wav,87.834,88.14,73.95,105.853,73.946,31.907,24.088,126.060,98.327,3.392,28.984533713515127,345.271,703.885,1687.619,362.212,1.032,62.771,9.693,6.476,10.03,362.566,1010.520,1730.785,2139.056,2710.192,3161.216,559.730,31.265,-1.659,,1.032,21:59:35
HFC_434.wav,81.402,84.17,94.11,99.878,71.480,28.398,19.648,68.288,55.089,3.200,17.21461024354347,312.599,481.558,1330.703,301.087,2.656,47.786,12.989,3.679,7.70,370.319,988.869,1594.321,2026.225,2704.838,3244.057,574.748,30.448,-1.315,,2.656,21:59:36
HFC_435.wav,84.216,80.35,75.64,101.255,71.929,29.326,37.145,43.297,40.814,2.790,14.628031745433828,329.080,467.929,1354.742,293.145,1.971,61.660,8.878,6.945,14.76,363.649,990.930,1637.053,2020.072,2663.259,3183.147,563.900,31.034,-2.072,,1.971,21:59:39
HFC_436.wav,84.943,104.27,98.57,106.466,70.335,36.131,86.306,201.696,90.971,23.694,3.8393221639023634,356.477,573.998,1523.473,418.934,1.308,47.684,8.790,5.425,13.94,379.018,1011.611,1599.408,1967.242,2654.655,3201.243,564.445,31.004,-1.570,unvoiced,1.308,21:59:42
HFC_437.wav,90.664,100.75,81.05,107.021,79.780,27.241,10.296,66.631,62.041,3.674,16.887134385936193,333.333,506.662,1614.671,375.054,1.225,49.847,8.572,5.815,12.82,364.054,1017.920,1668.623,2099.421,2738.148,3191.579,565.505,30.946,-1.466,,1.225,21:59:47
HFC_438.wav,85.193,87.17,75.56,97.678,73.400,24.278,44.051,65.814,55.733,2.729,20.420013023993327,336.809,557.434,1480.188,363.796,2.015,58.552,11.662,5.021,9.94,365.284,1038.397,1642.287,2073.605,2709.282,3236.963,574.336,30.470,-1.671,,2.015,21:59:50
HFC_439.wav,94.794,97.54,100.74,109.172,72.661,36.511,26.324,39.398,24.572,1.900,12.931741895618543,357.576,562.885,1345.377,307.991,4.210,48.590,9.144,5.314,13.97,366.661,1060.813,1610.061,2098.184,2748.763,3303.663,587.400,29.792,-2.141,,4.210,21:59:54
HFC_44.wav,91.338,101.76,78.13,106.819,76.353,30.466,9.721,98.881,84.957,6.146,13.822321516431813,350.602,669.513,1342.801,374.316,1.383,61.026,10.485,5.820,11.47,448.975,1048.684,1622.151,2075.039,2759.281,3187.356,547.676,31.953,-1.245,,1.383,21:32:46
HFC_45.wav,85.730,96.77,76.81,106.167,70.478,35.689,14.594,100.255,68.899,3.197,21.552274061494582,286.483,847.713,1773.958,258.348,1.251,52.660,6.793,7.752,12.63,369.935,1152.597,1668.072,2100.285,2766.743,3259.613,577.935,30.280,-1.157,,1.251,21:32:50
HFC_46.wav,90.566,85.28,77.96,102.008,73.198,28.811,89.318,57.709,44.011,3.332,13.20712425017249,334.633,712.793,1543.658,360.221,2.551,32.682,7.449,4.388,17.26,372.586,807.700,1508.176,2061.683,2774.701,3328.445,591.172,29.602,-2.306,,2.551,21:32:53
HFC_47.wav,91.892,77.56,78.84,105.438,77.406,28.032,21.149,101.184,87.580,2.334,37.527922643738606,312.998,589.935,1489.237,327.644,1.071,66.184,6.068,10.908,11.18,396.571,1052.718,1638.239,2042.367,2741.044,3185.902,557.866,31.370,-1.293,,1.071,21:32:57
HFC_48.wav,89.910,72.93,103.38,106.875,72.930,33.945,25.718,138.924,118.731,3.915,30.32825666973896,322.376,516.107,1437.257,336.038,1.405,70.489,10.321,6.830,6.20,359.174,1060.503,1642.645,2052.702,2762.988,3245.863,577.338,30.312,-1.387,,1.405,21:33:03
HFC_49.wav,94.104,82.64,73.96,106.102,73.960,32.142,12.862,139.331,127.857,3.814,33.51961940774803,341.577,662.758,1644.645,347.376,0.918,52.819,12.533,4.214,9.60,386.722,1076.230,1658.771,2101.164,2749.582,3268.254,576.306,30.366,-1.484,,0.918,21:33:09
HFC_50.wav,85.892,99.77,87.43,107.263,70.880,36.383,6.527,89.462,83.507,4.336,19.25970679994604,314.374,621.404,1523.367,301.391,1.730,57.737,12.429,4.645,8.54,387.865,995.821,1705.310,2159.807,2788.102,3334.188,589.265,29.698,-1.200,,1.730,21:33:13
HFC_51.wav,91.015,95.98,84.52,106.028,74.839,31.190,14.367,142.198,121.630,5.423,22.427656054502414,326.285,586.676,1514.065,342.823,1.383,71.297,11.931,5.976,10.60,379.867,1015.795,1655.434,1997.252,2747.965,3240.465,572.120,30.588,-1.371,,1.383,21:33:15
HFC_52.wav,96.326,91.30,79.34,108.660,79.341,29.319,43.519,104.216,99.721,4.985,20.00438556779492,314.191,407.869,1593.379,328.451,1.304,90.289,9.970,9.056,11.17,328.153,1058.692,1651.689,2063.242,2711.441,3230.073,580.384,30.152,-2.217,,1.304,21:33:25
HFC_53.wav,88.133,100.37,77.81,102.849,76.602,26.247,8.584,118.944,110.981,4.700,23.612524587827977,354.927,1003.380,2105.896,310.351,1.383,51.767,11.931,4.339,4.26,397.074,1053.620,1699.464,2198.748,2922.666,3402.148,601.015,29.117,-1.263,,1.383,21:33:32
HFC_54.wav,91.860,80.75,102.74,105.495,80.746,24.749,32.738,122.771,116.251,6.300,18.451751256566293,274.275,769.256,1521.308,256.849,1.032,54.098,9.693,5.581,8.15,451.539,1095.962,1662.393,2256.672,2866.702,3345.703,578.833,30.233,-1.397,,1.032,21:33:41
HFC_55.wav,86.196,80.29,77.05,105.906,76.894,29.012,21.834,91.707,87.010,4.515,19.26985842425482,306.463,400.738,1195.284,348.386,0.997,63.357,8.529,7.428,10.72,316.175,996.913,1661.686,2089.462,2827.597,3319.982,600.761,29.130,-1.772,,0.997,21:33:50
HFC_56.wav,82.917,98.74,82.18,100.634,71.718,28.916,32.976,100.142,65.095,2.680,24.291702143926603,255.196,357.411,728.816,288.644,1.120,67.791,8.039,8.433,12.45,323.583,942.559,1541.024,1975.429,2663.698,3158.032,566.890,30.870,-0.871,,1.120,21:33:52
HFC_57.wav,89.540,90.90,81.52,99.352,78.156,21.197,12.836,84.029,78.000,5.372,14.519673894787058,335.295,485.849,1383.596,353.497,1.396,65.058,11.102,5.860,12.86,362.397,923.132,1656.323,1955.519,2643.498,3162.598,560.040,31.248,-1.509,,1.396,21:34:02
HFC_58.wav,87.392,72.39,93.70,105.266,72.387,32.879,52.551,77.214,55.973,3.856,14.517438021535138,371.471,572.929,1826.049,389.223,1.686,73.151,9.194,7.956,8.77,376.588,1054.706,1685.294,2150.226,2845.386,3344.683,593.619,29.480,-1.715,,1.686,21:34:04
HFC_59.wav,89.633,103.81,86.59,103.811,81.339,22.472,5.402,78.928,71.335,4.047,17.62739449362555,334.718,760.851,1890.948,353.791,0.865,60.833,7.516,8.094,10.59,357.364,1101.543,1726.873,2108.753,2753.780,3134.086,555.344,31.512,-1.637,,0.865,21:34:06
HFC_60.wav,89.787,76.22,75.84,100.596,73.446,27.151,11.376,96.191,82.572,3.785,21.81710304688215,359.288,417.641,1062.275,364.047,1.453,82.319,9.634,8.545,13.68,360.550,1110.628,1663.835,2096.841,2798.468,3276.502,583.190,30.007,-2.094,,1.453,21:34:07
HFC_61.wav,87.368,81.06,82.38,96.935,80.700,16.235,52.847,54.643,38.397,2.883,13.317387624736185,310.147,602.588,1823.935,253.824,1.040,52.323,9.130,5.731,12.72,350.184,1006.610,1650.468,2057.682,2759.452,3151.319,560.227,31.237,-1.554,,1.040,21:34:15
HFC_62.wav,85.987,95.16,100.71,106.967,70.727,36.240,13.893,96.917,74.466,3.305,22.528173169166546,306.909,534.557,1423.678,269.364,1.664,55.157,10.517,5.244,10.54,337.609,997.502,1679.455,2058.567,2663.803,3149.382,562.355,31.119,-1.724,,1.664,21:34:16
HFC_63.wav,80.914,72.51,85.82,85.818,72.511,13.307,89.544,20.842,8.986,1.356,6.628047818025673,327.786,409.325,1275.308,324.678,1.106,71.006,8.587,8.269,16.56,372.311,1054.752,1565.418,2040.345,2702.797,3310.961,587.730,29.776,-1.472,,1.106,21:34:19
HFC_64.wav,84.340,101.68,85.42,101.757,70.783,30.974,2.544,58.923,51.473,2.904,17.72689950913803,331.853,401.077,1143.527,335.922,3.100,53.417,9.195,5.809,16.93,341.876,1011.770,1605.306,2041.180,2735.276,3221.046,575.834,30.391,-1.874,,3.100,21:34:20
HFC_65.wav,83.187,93.29,82.08,105.485,71.590,33.895,7.072,76.472,71.035,3.287,21.607875619293136,327.052,639.931,1351.908,312.659,2.129,45.216,10.097,4.478,13.94,372.004,1051.032,1643.156,2081.738,2747.584,3288.071,583.213,30.006,-1.154,,2.129,21:34:25
HFC_66.wav,85.150,104.04,82.86,104.479,72.617,31.862,91.855,72.938,53.503,3.687,14.511115673974624,314.867,436.334,1471.486,321.479,2.441,63.943,11.676,5.477,11.56,357.898,1042.261,1610.719,2064.556,2774.594,3242.409,576.902,30.334,-1.612,,2.441,21:34:29
HFC_67.wav,84.207,87.85,103.52,103.515,72.436,31.079,96.263,87.761,41.459,2.898,14.306616303597014,340.726,678.415,1362.998,313.682,1.725,50.328,8.404,5.989,11.18,414.350,1063.251,1657.123,2097.910,2757.160,3284.705,574.071,30.484,-1.063,,1.725,21:34:42
HFC_68.wav,82.788,107.13,77.20,107.184,74.507,32.677,13.105,67.026,27.298,2.464,11.078957347097129,317.712,719.118,1789.516,313.952,1.826,45.845,9.582,4.785,14.72,363.592,1094.833,1684.878,2106.687,2801.852,3269.851,581.252,30.107,-1.276,,1.826,21:34:49
HFC_69.wav,93.017,70.84,101.35,108.404,70.840,37.565,37.155,102.457,96.530,3.559,27.12283987568821,318.414,379.936,1026.638,319.024,0.983,69.625,8.643,8.055,13.96,315.719,1058.637,1636.579,2127.026,2818.998,3345.806,606.017,28.877,-1.700,,0.983,21:35:03
HFC_70.wav,91.773,83.76,100.19,106.349,81.190,25.160,58.180,63.247,43.101,1.800,23.950427482209456,357.002,927.912,2180.921,365.471,1.945,34.157,8.998,3.796,13.42,381.551,1255.085,1708.459,2178.915,2945.395,3301.065,583.903,29.971,-1.451,,1.945,21:35:17
HFC_71.wav,85.638,92.18,79.09,100.670,78.370,22.300,9.427,77.294,58.912,3.534,16.66824186227694,314.448,398.632,1245.894,307.185,1.273,58.190,6.676,8.716,21.40,330.138,1005.533,1627.052,2043.694,2602.828,3207.196,575.412,30.413,-2.124,,1.273,21:35:21
HFC_72.wav,86.286,79.86,89.08,92.862,79.865,12.997,65.673,79.328,37.437,2.531,14.79241316161125,304.354,686.996,1273.254,812.086,0.988,68.787,9.111,7.550,11.55,428.232,1053.258,1628.533,2143.680,2830.601,3270.472,568.448,30.786,-0.896,,0.988,21:35:27
HFC_73.wav,82.123,104.08,95.70,104.240,71.083,33.157,6.143,104.177,90.165,3.984,22.629414177393,323.474,831.831,1492.980,857.644,1.506,46.771,9.629,4.857,12.45,456.635,1062.060,1635.193,2116.342,2745.458,3259.920,560.657,31.213,-1.132,,1.506,21:35:29
HFC_74.wav,86.742,103.31,85.29,108.050,71.815,36.235,25.050,62.884,41.414,3.569,11.603317346328078,300.819,470.033,1320.096,289.978,1.541,45.366,8.112,5.593,13.62,340.157,1084.708,1652.746,2090.062,2669.170,3235.548,579.078,30.220,-1.614,,1.541,21:35:35
HFC_75.wav,94.155,100.60,89.30,102.803,80.006,22.797,10.348,87.932,63.842,3.714,17.191010964678057,343.554,747.848,1505.706,336.703,0.808,78.204,9.284,8.423,11.03,448.866,1066.293,1626.034,2090.359,2723.297,3231.087,556.444,31.450,-1.212,,0.808,21:35:37
HFC_76.wav,98.545,103.51,91.77,104.241,87.294,16.947,78.284,58.371,28.061,2.666,10.524503253195746,373.136,558.262,1508.294,377.306,1.313,71.067,5.713,12.439,17.66,394.293,1043.237,1727.083,2131.528,2803.628,3293.721,579.886,30.178,-1.516,,1.313,21:35:39
HFC_77.wav,97.253,96.71,97.23,106.332,86.319,20.012,27.289,35.289,23.095,1.608,14.363830192103634,390.480,430.129,842.636,381.970,1.866,50.824,7.235,7.024,24.43,375.097,1014.022,1586.974,2043.027,2799.212,3265.093,577.999,30.277,-2.146,,1.866,21:35:41
HFC_78.wav,82.534,104.03,103.52,108.113,72.269,35.844,12.190,66.681,45.643,4.131,11.049758812467003,309.962,414.843,1435.090,301.157,1.695,35.759,5.606,6.379,19.43,342.666,1071.786,1651.660,2066.236,2733.842,3207.616,572.990,30.542,-1.905,,1.695,21:35:45
HFC_79.wav,97.029,105.03,100.44,105.030,84.372,20.658,1.511,72.506,69.308,2.984,23.226721865040403,322.685,559.809,1112.301,330.819,1.005,47.100,10.444,4.510,12.88,420.919,958.560,1569.302,1956.005,2684.027,3213.037,558.424,31.338,-0.652,,1.005,21:35:48
HFC_80.wav,81.386,81.23,102.89,102.889,73.127,29.763,96.178,41.234,28.770,2.889,9.957438168337335,317.990,578.898,1573.123,305.367,2.077,33.778,7.464,4.525,18.36,349.541,1138.860,1678.440,2096.639,2795.596,3235.591,577.210,30.318,-1.640,,2.077,21:35:49
HFC_81.wav,87.551,86.70,87.33,106.081,72.274,33.807,22.603,91.465,85.038,2.413,35.24306172671204,337.578,399.905,967.570,345.457,1.036,51.173,5.791,8.837,16.00,335.190,1090.480,1617.330,2083.679,2748.632,3314.474,595.857,29.369,-1.806,,1.036,21:35:54
HFC_82.wav,91.821,80.71,84.94,107.958,80.710,27.248,62.087,121.138,88.730,2.115,41.96033808351916,332.728,532.738,1598.113,328.992,1.655,53.063,8.761,6.057,11.54,358.507,1139.966,1722.370,2115.489,2770.559,3297.500,587.799,29.772,-1.611,,1.655,21:35:59
HFC_83.wav,88.714,104.26,86.59,104.263,80.704,23.558,15.345,56.336,35.393,4.086,8.66294971727681,274.124,606.592,1581.931,256.405,0.979,52.828,6.639,7.957,12.17,328.136,975.482,1684.849,2140.163,2740.766,3208.560,576.085,30.377,-1.526,,0.979,21:36:06
HFC_84.wav,80.724,82.40,81.23,101.556,72.356,29.200,22.768,63.450,51.997,4.372,11.892338351040669,310.611,391.618,1056.497,311.275,2.401,55.434,12.700,4.365,13.64,361.098,956.080,1615.292,2046.959,2666.276,3187.130,565.206,30.962,-1.506,,2.401,21:36:08
HFC_85.wav,88.955,100.19,82.30,106.850,77.759,29.091,4.908,65.650,62.014,5.095,12.171712430577367,299.603,520.118,1422.408,359.264,1.668,31.916,6.294,5.071,17.55,335.210,1017.016,1641.264,2014.169,2767.092,3191.510,571.260,30.634,-1.615,,1.668,21:36:11
HFC_86.wav,84.424,106.21,95.99,106.208,75.499,30.709,16.313,66.196,33.332,3.144,10.601313765084054,325.217,557.264,1517.390,300.946,1.431,56.007,5.240,10.688,11.16,378.911,1075.477,1678.175,2188.935,2815.275,3368.124,597.843,29.272,-1.279,,1.431,21:36:19
HFC_87.wav,88.151,103.27,92.15,105.182,81.226,23.956,29.112,62.146,42.689,2.445,17.456864822723503,319.038,550.650,1443.237,310.585,1.431,64.768,7.336,8.828,14.30,367.375,991.211,1641.471,2062.607,2645.208,3235.733,573.672,30.505,-1.308,,1.431,21:36:22
HFC_88.wav,79.178,80.90,83.14,88.801,71.565,17.236,17.258,38.335,24.804,2.515,9.862851354741021,332.975,559.609,1329.094,307.405,1.392,46.494,10.419,4.463,13.61,377.836,1044.879,1652.625,2107.591,2751.705,3311.266,586.686,29.829,-1.028,,1.392,21:36:28
HFC_89.wav,83.843,99.15,74.52,103.410,71.017,32.393,5.592,63.798,51.966,4.564,11.386522784512985,332.458,536.811,1309.255,308.749,2.410,43.282,7.468,5.796,14.18,381.894,1030.665,1623.983,2024.035,2690.287,3213.104,566.242,30.906,-0.948,,2.410,21:36:31
HFC_90.wav,92.523,72.37,82.89,102.049,72.375,29.674,54.542,62.478,60.285,1.734,34.75932185489143,277.209,356.620,1087.506,296.052,0.865,39.644,10.984,3.609,12.96,289.047,961.469,1625.299,2085.540,2782.204,3342.855,610.762,28.653,-1.961,,0.865,21:36:34
HFC_91.wav,82.736,103.37,82.03,104.279,73.774,30.505,6.721,54.281,45.622,3.973,11.483476911772396,316.398,532.034,1423.551,308.130,1.888,56.401,10.859,5.194,12.08,367.781,1070.231,1651.372,2022.036,2629.384,3169.884,560.421,31.227,-1.131,,1.888,21:36:40
HFC_92.wav,93.578,107.74,96.94,107.737,86.303,21.434,16.920,102.370,55.402,2.835,19.53942710627578,396.962,870.611,1705.732,264.828,1.058,54.574,6.143,8.883,11.45,442.507,1043.894,1640.175,2115.786,2749.120,3289.777,569.454,30.731,-1.125,,1.058,21:36:43
HFC_93.wav,91.125,87.02,100.91,105.831,82.854,22.976,20.971,92.425,59.492,2.712,21.93972035018634,309.795,531.424,1590.980,340.801,1.291,61.390,6.973,8.804,11.30,339.181,1039.713,1590.640,2116.071,2667.381,3220.142,576.192,30.372,-1.488,,1.291,21:36:45
HFC_94.wav,94.483,97.36,73.78,108.506,73.785,34.722,29.440,31.593,25.463,2.087,12.201043777641498,299.271,471.157,1504.580,320.722,1.677,41.442,7.155,5.792,15.08,316.230,1148.248,1639.946,2127.325,2764.972,3348.240,606.402,28.859,-1.973,,1.677,21:36:47
HFC_95.wav,87.715,88.49,77.51,107.354,73.189,34.165,56.281,126.055,1.992,0.000,--undefined--,303.766,497.162,1306.808,299.195,2.274,59.012,9.234,6.391,9.70,402.281,1069.039,1678.836,2166.511,2816.491,3346.282,588.800,29.721,-0.820,,2.274,21:36:50
HFC_96.wav,82.252,103.88,76.32,103.882,74.778,29.104,7.627,60.800,46.299,3.699,12.51531639218319,330.953,572.577,1415.922,314.634,1.892,45.612,11.362,4.014,10.08,387.720,1069.153,1579.117,2065.274,2690.722,3216.183,565.693,30.936,-0.966,,1.892,21:36:54
HFC_97.wav,97.857,84.24,94.87,104.763,84.241,20.522,65.911,59.957,42.656,3.264,13.067521717419417,397.672,506.485,1668.706,397.579,1.379,63.686,8.342,7.634,15.45,398.004,1081.007,1632.669,2166.529,2697.696,3179.017,556.203,31.463,-1.909,,1.379,21:36:56
HFC_98.wav,99.226,81.62,107.96,107.961,81.502,26.459,96.713,78.387,74.289,1.989,37.34426141296801,290.753,566.637,1524.531,319.619,1.005,46.716,8.952,5.219,9.51,344.787,1118.277,1553.122,2025.852,2636.295,3211.200,573.283,30.526,-1.146,,1.005,21:36:58
HFC_99.wav,83.459,105.43,82.08,105.582,72.796,32.786,7.383,71.507,56.194,4.462,12.59291980385967,332.460,542.898,1259.488,316.614,2.577,53.535,10.283,5.206,14.30,388.082,1018.463,1531.180,2013.248,2632.168,3182.291,558.842,31.315,-1.163,,2.577,21:37:00
LFC_01.wav,79.754,109.41,73.45,109.415,73.044,36.371,1.888,57.904,55.682,4.556,12.223000047062262,150.714,258.144,3054.954,155.488,0.768,32.780,12.365,2.651,16.75,202.275,864.662,1544.062,2292.481,2979.609,3594.955,678.536,25.791,-5.388,,0.768,21:37:19
LFC_02.wav,84.031,82.01,82.04,85.910,82.013,3.897,34.884,8.091,7.818,1.512,5.171502058323938,194.688,387.041,2449.494,166.924,0.992,18.520,10.583,1.750,11.93,285.080,1027.862,1507.152,2046.977,2792.864,3526.068,648.198,26.998,-2.703,,0.992,21:39:34
LFC_03.wav,85.811,87.29,72.09,91.463,72.094,19.368,20.565,28.894,27.771,3.301,8.412659872526755,238.598,318.163,939.896,266.468,0.909,33.133,8.803,3.764,12.14,279.545,1105.504,1636.748,2175.614,2791.016,3329.069,609.905,28.693,-1.614,,0.909,21:40:55
LFC_04.wav,103.854,99.51,103.44,108.450,99.509,8.941,62.025,24.563,22.984,5.024,4.574457295947569,310.466,431.113,1367.252,314.703,0.896,85.910,10.049,8.549,11.43,321.524,1117.561,1482.303,1955.239,2681.654,3240.651,583.826,29.975,-1.684,,0.896,21:43:44
LFC_05.wav,90.181,75.88,95.43,107.270,75.877,31.394,81.206,53.375,50.865,2.293,22.182274360012098,339.585,599.437,1673.356,342.924,1.308,51.578,8.790,5.868,9.66,358.602,1148.696,1696.205,2091.819,2750.006,3205.904,569.461,30.731,-1.500,,1.308,21:44:49
LFC_06.wav,83.360,107.45,82.90,107.449,78.211,29.237,1.191,63.872,61.909,4.556,13.5898074152776,306.377,417.660,2017.304,336.217,1.317,42.442,9.870,4.300,11.26,348.469,847.498,1479.429,2097.972,2733.685,3491.772,628.661,27.837,-2.283,,1.317,21:47:44
LFC_07.wav,85.452,81.50,99.80,105.352,72.322,33.030,94.933,83.826,81.734,3.796,21.530403881745997,278.961,362.833,616.281,343.319,1.317,39.647,9.111,4.352,14.04,339.348,848.073,1505.548,2208.921,2844.277,3466.634,625.457,27.980,0.052,,1.317,21:48:30
LFC_08.wav,94.360,90.58,75.06,101.635,74.439,27.195,56.460,33.872,32.378,2.248,14.404551708012056,340.010,536.333,1930.880,375.708,1.335,54.289,7.493,7.246,11.65,356.895,1155.981,1691.914,2052.732,2757.645,3234.966,575.614,30.402,-1.809,,1.335,21:49:46
LFC_09.wav,86.002,70.76,94.97,104.979,70.758,34.220,93.307,77.144,45.235,1.193,37.931858339972536,242.078,1139.699,2728.617,163.024,0.839,41.943,7.751,5.411,7.39,483.567,1159.653,1894.567,2251.467,3229.849,3565.771,616.441,28.389,-1.460,,0.839,21:51:36
LFC_10.wav,82.861,82.27,89.97,95.413,72.780,22.633,90.358,71.941,70.267,4.311,16.298756893287436,315.504,409.719,1787.907,347.389,1.392,27.432,9.341,2.937,10.74,352.593,785.924,1459.627,2211.001,2854.240,3525.710,634.623,27.575,-2.740,,1.392,21:52:35
LFC_11.wav,79.252,77.23,82.37,85.388,70.776,14.612,82.253,28.593,27.017,4.359,6.19762011190419,158.521,194.814,464.620,157.041,0.918,27.621,9.264,2.982,16.64,192.169,786.691,1447.707,2147.558,2820.326,3572.597,676.085,25.884,-0.249,,0.918,21:53:03
LFC_12.wav,89.859,76.74,80.56,105.199,76.745,28.454,82.125,127.819,120.924,4.925,24.55362090546855,318.987,406.509,1203.404,341.433,0.812,48.829,9.234,5.288,11.60,365.398,730.530,1538.626,2179.208,2751.049,3418.718,610.664,28.657,-1.791,,0.812,21:54:46
LFC_13.wav,90.144,92.97,85.30,101.120,79.898,21.222,92.971,61.943,60.271,3.078,19.58083481583506,325.060,383.928,813.084,349.293,1.137,36.621,7.915,4.627,11.88,355.594,626.829,1538.964,2064.829,2749.286,3528.198,634.521,27.580,-0.919,,1.137,21:58:41
LFC_14.wav,85.865,85.64,93.23,93.863,79.632,14.231,96.758,31.149,30.406,6.327,4.805698666909757,253.412,352.374,651.866,359.139,1.264,23.812,14.631,1.627,12.34,332.990,935.844,1587.834,2231.483,2785.046,3479.613,629.325,27.808,-0.373,,1.264,21:59:23
LFC_15.wav,84.546,85.49,82.79,98.127,76.057,22.070,29.488,83.719,81.153,3.573,22.713223309248455,268.442,364.270,583.549,361.851,1.120,44.298,8.486,5.220,10.53,354.199,766.893,1399.101,1944.657,2715.077,3484.687,626.098,27.951,0.172,,1.120,21:59:49
